region,measure,value
all SubICBs,Count_WaitingForAssessment,153933.0
all SubICBs,Count_WaitingForAssessmentOver90days,12990.0
all SubICBs,Count_WaitingForTreatment,151439.0
all SubICBs,Count_WaitingForTreatment0to2weeks,64239.0
all SubICBs,Count_WaitingForTreatment0to4weeks,105097.0
all SubICBs,Count_WaitingForTreatment0to6weeks,125437.0
all SubICBs,Count_WaitingForTreatment0to12weeks,140809.0
all SubICBs,Count_WaitingForTreatment0to18weeks,143374.0
all SubICBs,Count_WaitingForTreatmentOver18weeks,8065.0
all SubICBs,Count_WaitingForTreatmentOver90days,10214.0
Unknown,Count_WaitingForAssessment,1590.0
Unknown,Count_WaitingForAssessmentOver90days,140.0
Unknown,Count_WaitingForTreatment,1440.0
Unknown,Count_WaitingForTreatment0to2weeks,830.0
Unknown,Count_WaitingForTreatment0to4weeks,1280.0
Unknown,Count_WaitingForTreatment0to6weeks,1350.0
Unknown,Count_WaitingForTreatment0to12weeks,1385.0
Unknown,Count_WaitingForTreatment0to18weeks,1395.0
Unknown,Count_WaitingForTreatmentOver18weeks,50.0
Unknown,Count_WaitingForTreatmentOver90days,55.0
LONDON COMMISSIONING REGION,Count_WaitingForAssessment,26165.0
LONDON COMMISSIONING REGION,Count_WaitingForAssessmentOver90days,2775.0
LONDON COMMISSIONING REGION,Count_WaitingForTreatment,25285.0
LONDON COMMISSIONING REGION,Count_WaitingForTreatment0to2weeks,10525.0
LONDON COMMISSIONING REGION,Count_WaitingForTreatment0to4weeks,17210.0
LONDON COMMISSIONING REGION,Count_WaitingForTreatment0to6weeks,20550.0
LONDON COMMISSIONING REGION,Count_WaitingForTreatment0to12weeks,23150.0
LONDON COMMISSIONING REGION,Count_WaitingForTreatment0to18weeks,23655.0
LONDON COMMISSIONING REGION,Count_WaitingForTreatmentOver18weeks,1630.0
LONDON COMMISSIONING REGION,Count_WaitingForTreatmentOver90days,2055.0
SOUTH WEST COMMISSIONING REGION,Count_WaitingForAssessment,14405.0
SOUTH WEST COMMISSIONING REGION,Count_WaitingForAssessmentOver90days,400.0
SOUTH WEST COMMISSIONING REGION,Count_WaitingForTreatment,14140.0
SOUTH WEST COMMISSIONING REGION,Count_WaitingForTreatment0to2weeks,5855.0
SOUTH WEST COMMISSIONING REGION,Count_WaitingForTreatment0to4weeks,10400.0
SOUTH WEST COMMISSIONING REGION,Count_WaitingForTreatment0to6weeks,12585.0
SOUTH WEST COMMISSIONING REGION,Count_WaitingForTreatment0to12weeks,13900.0
SOUTH WEST COMMISSIONING REGION,Count_WaitingForTreatment0to18weeks,14015.0
SOUTH WEST COMMISSIONING REGION,Count_WaitingForTreatmentOver18weeks,125.0
SOUTH WEST COMMISSIONING REGION,Count_WaitingForTreatmentOver90days,215.0
SOUTH EAST COMMISSIONING REGION,Count_WaitingForAssessment,18335.0
SOUTH EAST COMMISSIONING REGION,Count_WaitingForAssessmentOver90days,605.0
SOUTH EAST COMMISSIONING REGION,Count_WaitingForTreatment,17305.0
SOUTH EAST COMMISSIONING REGION,Count_WaitingForTreatment0to2weeks,8840.0
SOUTH EAST COMMISSIONING REGION,Count_WaitingForTreatment0to4weeks,13580.0
SOUTH EAST COMMISSIONING REGION,Count_WaitingForTreatment0to6weeks,15680.0
SOUTH EAST COMMISSIONING REGION,Count_WaitingForTreatment0to12weeks,17085.0
SOUTH EAST COMMISSIONING REGION,Count_WaitingForTreatment0to18weeks,17195.0
SOUTH EAST COMMISSIONING REGION,Count_WaitingForTreatmentOver18weeks,110.0
SOUTH EAST COMMISSIONING REGION,Count_WaitingForTreatmentOver90days,205.0
MIDLANDS COMMISSIONING REGION,Count_WaitingForAssessment,28960.0
MIDLANDS COMMISSIONING REGION,Count_WaitingForAssessmentOver90days,1625.0
MIDLANDS COMMISSIONING REGION,Count_WaitingForTreatment,30365.0
MIDLANDS COMMISSIONING REGION,Count_WaitingForTreatment0to2weeks,12040.0
MIDLANDS COMMISSIONING REGION,Count_WaitingForTreatment0to4weeks,19770.0
MIDLANDS COMMISSIONING REGION,Count_WaitingForTreatment0to6weeks,24140.0
MIDLANDS COMMISSIONING REGION,Count_WaitingForTreatment0to12weeks,28390.0
MIDLANDS COMMISSIONING REGION,Count_WaitingForTreatment0to18weeks,29215.0
MIDLANDS COMMISSIONING REGION,Count_WaitingForTreatmentOver18weeks,1145.0
MIDLANDS COMMISSIONING REGION,Count_WaitingForTreatmentOver90days,1810.0
EAST OF ENGLAND COMMISSIONING REGION,Count_WaitingForAssessment,17340.0
EAST OF ENGLAND COMMISSIONING REGION,Count_WaitingForAssessmentOver90days,2730.0
EAST OF ENGLAND COMMISSIONING REGION,Count_WaitingForTreatment,16660.0
EAST OF ENGLAND COMMISSIONING REGION,Count_WaitingForTreatment0to2weeks,6520.0
EAST OF ENGLAND COMMISSIONING REGION,Count_WaitingForTreatment0to4weeks,10645.0
EAST OF ENGLAND COMMISSIONING REGION,Count_WaitingForTreatment0to6weeks,12725.0
EAST OF ENGLAND COMMISSIONING REGION,Count_WaitingForTreatment0to12weeks,14430.0
EAST OF ENGLAND COMMISSIONING REGION,Count_WaitingForTreatment0to18weeks,14860.0
EAST OF ENGLAND COMMISSIONING REGION,Count_WaitingForTreatmentOver18weeks,1800.0
EAST OF ENGLAND COMMISSIONING REGION,Count_WaitingForTreatmentOver90days,2170.0
NORTH WEST COMMISSIONING REGION,Count_WaitingForAssessment,27150.0
NORTH WEST COMMISSIONING REGION,Count_WaitingForAssessmentOver90days,2790.0
NORTH WEST COMMISSIONING REGION,Count_WaitingForTreatment,26760.0
NORTH WEST COMMISSIONING REGION,Count_WaitingForTreatment0to2weeks,10340.0
NORTH WEST COMMISSIONING REGION,Count_WaitingForTreatment0to4weeks,17760.0
NORTH WEST COMMISSIONING REGION,Count_WaitingForTreatment0to6weeks,21845.0
NORTH WEST COMMISSIONING REGION,Count_WaitingForTreatment0to12weeks,24305.0
NORTH WEST COMMISSIONING REGION,Count_WaitingForTreatment0to18weeks,24600.0
NORTH WEST COMMISSIONING REGION,Count_WaitingForTreatmentOver18weeks,2155.0
NORTH WEST COMMISSIONING REGION,Count_WaitingForTreatmentOver90days,2420.0
NORTH EAST AND YORKSHIRE COMMISSIONING REGION,Count_WaitingForAssessment,19980.0
NORTH EAST AND YORKSHIRE COMMISSIONING REGION,Count_WaitingForAssessmentOver90days,1920.0
NORTH EAST AND YORKSHIRE COMMISSIONING REGION,Count_WaitingForTreatment,19485.0
NORTH EAST AND YORKSHIRE COMMISSIONING REGION,Count_WaitingForTreatment0to2weeks,9280.0
NORTH EAST AND YORKSHIRE COMMISSIONING REGION,Count_WaitingForTreatment0to4weeks,14450.0
NORTH EAST AND YORKSHIRE COMMISSIONING REGION,Count_WaitingForTreatment0to6weeks,16560.0
NORTH EAST AND YORKSHIRE COMMISSIONING REGION,Count_WaitingForTreatment0to12weeks,18160.0
NORTH EAST AND YORKSHIRE COMMISSIONING REGION,Count_WaitingForTreatment0to18weeks,18435.0
NORTH EAST AND YORKSHIRE COMMISSIONING REGION,Count_WaitingForTreatmentOver18weeks,1045.0
NORTH EAST AND YORKSHIRE COMMISSIONING REGION,Count_WaitingForTreatmentOver90days,1290.0
all SubICBs,Count_WaitingForAssessment,30.0
all SubICBs,Count_WaitingForAssessmentOver90days,10.0
all SubICBs,Count_WaitingForTreatment,30.0
all SubICBs,Count_WaitingForTreatment0to2weeks,15.0
all SubICBs,Count_WaitingForTreatment0to4weeks,20.0
all SubICBs,Count_WaitingForTreatment0to6weeks,20.0
all SubICBs,Count_WaitingForTreatment0to12weeks,25.0
all SubICBs,Count_WaitingForTreatment0to18weeks,30.0
all SubICBs,Count_WaitingForTreatmentOver90days,5.0
all SubICBs,Count_WaitingForAssessment,360.0
all SubICBs,Count_WaitingForAssessmentOver90days,250.0
all SubICBs,Count_WaitingForTreatment,370.0
all SubICBs,Count_WaitingForTreatment0to2weeks,15.0
all SubICBs,Count_WaitingForTreatment0to4weeks,40.0
all SubICBs,Count_WaitingForTreatment0to6weeks,55.0
all SubICBs,Count_WaitingForTreatment0to12weeks,110.0
all SubICBs,Count_WaitingForTreatment0to18weeks,150.0
all SubICBs,Count_WaitingForTreatmentOver18weeks,220.0
all SubICBs,Count_WaitingForTreatmentOver90days,260.0
all SubICBs,Count_WaitingForAssessment,415.0
all SubICBs,Count_WaitingForAssessmentOver90days,330.0
all SubICBs,Count_WaitingForTreatment,425.0
all SubICBs,Count_WaitingForTreatment0to2weeks,35.0
all SubICBs,Count_WaitingForTreatment0to4weeks,50.0
all SubICBs,Count_WaitingForTreatment0to6weeks,70.0
all SubICBs,Count_WaitingForTreatment0to12weeks,85.0
all SubICBs,Count_WaitingForTreatment0to18weeks,90.0
all SubICBs,Count_WaitingForTreatmentOver18weeks,335.0
all SubICBs,Count_WaitingForTreatmentOver90days,340.0
all SubICBs,Count_WaitingForAssessment,195.0
all SubICBs,Count_WaitingForAssessmentOver90days,65.0
all SubICBs,Count_WaitingForTreatment,195.0
all SubICBs,Count_WaitingForTreatment0to2weeks,35.0
all SubICBs,Count_WaitingForTreatment0to4weeks,65.0
all SubICBs,Count_WaitingForTreatment0to6weeks,75.0
all SubICBs,Count_WaitingForTreatment0to12weeks,125.0
all SubICBs,Count_WaitingForTreatment0to18weeks,170.0
all SubICBs,Count_WaitingForTreatmentOver18weeks,25.0
all SubICBs,Count_WaitingForTreatmentOver90days,65.0
all SubICBs,Count_WaitingForAssessment,85.0
all SubICBs,Count_WaitingForAssessmentOver90days,5.0
all SubICBs,Count_WaitingForTreatment,80.0
all SubICBs,Count_WaitingForTreatment0to2weeks,40.0
all SubICBs,Count_WaitingForTreatment0to4weeks,60.0
all SubICBs,Count_WaitingForTreatment0to6weeks,65.0
all SubICBs,Count_WaitingForTreatment0to12weeks,75.0
all SubICBs,Count_WaitingForTreatment0to18weeks,75.0
all SubICBs,Count_WaitingForTreatmentOver18weeks,5.0
all SubICBs,Count_WaitingForTreatmentOver90days,5.0
all SubICBs,Count_WaitingForAssessment,180.0
all SubICBs,Count_WaitingForTreatment,180.0
all SubICBs,Count_WaitingForTreatment0to2weeks,110.0
all SubICBs,Count_WaitingForTreatment0to4weeks,165.0
all SubICBs,Count_WaitingForTreatment0to6weeks,175.0
all SubICBs,Count_WaitingForTreatment0to12weeks,180.0
all SubICBs,Count_WaitingForTreatment0to18weeks,180.0
all SubICBs,Count_WaitingForAssessment,2650.0
all SubICBs,Count_WaitingForAssessmentOver90days,170.0
all SubICBs,Count_WaitingForTreatment,2620.0
all SubICBs,Count_WaitingForTreatment0to2weeks,720.0
all SubICBs,Count_WaitingForTreatment0to4weeks,1240.0
all SubICBs,Count_WaitingForTreatment0to6weeks,1625.0
all SubICBs,Count_WaitingForTreatment0to12weeks,2405.0
all SubICBs,Count_WaitingForTreatment0to18weeks,2540.0
all SubICBs,Count_WaitingForTreatmentOver18weeks,80.0
all SubICBs,Count_WaitingForTreatmentOver90days,175.0
all SubICBs,Count_WaitingForAssessment,615.0
all SubICBs,Count_WaitingForAssessmentOver90days,30.0
all SubICBs,Count_WaitingForTreatment,575.0
all SubICBs,Count_WaitingForTreatment0to2weeks,275.0
all SubICBs,Count_WaitingForTreatment0to4weeks,455.0
all SubICBs,Count_WaitingForTreatment0to6weeks,510.0
all SubICBs,Count_WaitingForTreatment0to12weeks,545.0
all SubICBs,Count_WaitingForTreatment0to18weeks,560.0
all SubICBs,Count_WaitingForTreatmentOver18weeks,15.0
all SubICBs,Count_WaitingForTreatmentOver90days,25.0
all SubICBs,Count_WaitingForAssessment,250.0
all SubICBs,Count_WaitingForTreatment,245.0
all SubICBs,Count_WaitingForTreatment0to2weeks,190.0
all SubICBs,Count_WaitingForTreatment0to4weeks,240.0
all SubICBs,Count_WaitingForTreatment0to6weeks,240.0
all SubICBs,Count_WaitingForTreatment0to12weeks,245.0
all SubICBs,Count_WaitingForTreatment0to18weeks,245.0
all SubICBs,Count_WaitingForAssessment,310.0
all SubICBs,Count_WaitingForAssessmentOver90days,205.0
all SubICBs,Count_WaitingForTreatment,300.0
all SubICBs,Count_WaitingForTreatment0to2weeks,25.0
all SubICBs,Count_WaitingForTreatment0to4weeks,50.0
all SubICBs,Count_WaitingForTreatment0to6weeks,70.0
all SubICBs,Count_WaitingForTreatment0to12weeks,105.0
all SubICBs,Count_WaitingForTreatment0to18weeks,130.0
all SubICBs,Count_WaitingForTreatmentOver18weeks,170.0
all SubICBs,Count_WaitingForTreatmentOver90days,190.0
all SubICBs,Count_WaitingForAssessment,460.0
all SubICBs,Count_WaitingForAssessmentOver90days,10.0
all SubICBs,Count_WaitingForTreatment,450.0
all SubICBs,Count_WaitingForTreatment0to2weeks,195.0
all SubICBs,Count_WaitingForTreatment0to4weeks,320.0
all SubICBs,Count_WaitingForTreatment0to6weeks,420.0
all SubICBs,Count_WaitingForTreatment0to12weeks,445.0
all SubICBs,Count_WaitingForTreatment0to18weeks,445.0
all SubICBs,Count_WaitingForTreatmentOver90days,5.0
all SubICBs,Count_WaitingForAssessment,1200.0
all SubICBs,Count_WaitingForAssessmentOver90days,65.0
all SubICBs,Count_WaitingForTreatment,1195.0
all SubICBs,Count_WaitingForTreatment0to2weeks,265.0
all SubICBs,Count_WaitingForTreatment0to4weeks,510.0
all SubICBs,Count_WaitingForTreatment0to6weeks,790.0
all SubICBs,Count_WaitingForTreatment0to12weeks,1130.0
all SubICBs,Count_WaitingForTreatment0to18weeks,1170.0
all SubICBs,Count_WaitingForTreatmentOver18weeks,25.0
all SubICBs,Count_WaitingForTreatmentOver90days,60.0
all SubICBs,Count_WaitingForAssessment,3285.0
all SubICBs,Count_WaitingForAssessmentOver90days,120.0
all SubICBs,Count_WaitingForTreatment,3280.0
all SubICBs,Count_WaitingForTreatment0to2weeks,1110.0
all SubICBs,Count_WaitingForTreatment0to4weeks,2130.0
all SubICBs,Count_WaitingForTreatment0to6weeks,2740.0
all SubICBs,Count_WaitingForTreatment0to12weeks,3155.0
all SubICBs,Count_WaitingForTreatment0to18weeks,3180.0
all SubICBs,Count_WaitingForTreatmentOver18weeks,100.0
all SubICBs,Count_WaitingForTreatmentOver90days,120.0
all SubICBs,Count_WaitingForAssessment,415.0
all SubICBs,Count_WaitingForAssessmentOver90days,10.0
all SubICBs,Count_WaitingForTreatment,410.0
all SubICBs,Count_WaitingForTreatment0to2weeks,190.0
all SubICBs,Count_WaitingForTreatment0to4weeks,320.0
all SubICBs,Count_WaitingForTreatment0to6weeks,380.0
all SubICBs,Count_WaitingForTreatment0to12weeks,405.0
all SubICBs,Count_WaitingForTreatment0to18weeks,405.0
all SubICBs,Count_WaitingForTreatmentOver18weeks,10.0
all SubICBs,Count_WaitingForTreatmentOver90days,10.0
all SubICBs,Count_WaitingForAssessment,710.0
all SubICBs,Count_WaitingForAssessmentOver90days,205.0
all SubICBs,Count_WaitingForTreatment,500.0
all SubICBs,Count_WaitingForTreatment0to2weeks,90.0
all SubICBs,Count_WaitingForTreatment0to4weeks,195.0
all SubICBs,Count_WaitingForTreatment0to6weeks,305.0
all SubICBs,Count_WaitingForTreatment0to12weeks,460.0
all SubICBs,Count_WaitingForTreatment0to18weeks,490.0
all SubICBs,Count_WaitingForTreatmentOver18weeks,10.0
all SubICBs,Count_WaitingForTreatmentOver90days,40.0
all SubICBs,Count_WaitingForAssessment,100.0
all SubICBs,Count_WaitingForAssessmentOver90days,40.0
all SubICBs,Count_WaitingForTreatment,85.0
all SubICBs,Count_WaitingForTreatment0to2weeks,15.0
all SubICBs,Count_WaitingForTreatment0to4weeks,25.0
all SubICBs,Count_WaitingForTreatment0to6weeks,35.0
all SubICBs,Count_WaitingForTreatment0to12weeks,60.0
all SubICBs,Count_WaitingForTreatment0to18weeks,70.0
all SubICBs,Count_WaitingForTreatmentOver18weeks,15.0
all SubICBs,Count_WaitingForTreatmentOver90days,25.0
all SubICBs,Count_WaitingForAssessment,240.0
all SubICBs,Count_WaitingForAssessmentOver90days,165.0
all SubICBs,Count_WaitingForTreatment,195.0
all SubICBs,Count_WaitingForTreatment0to2weeks,15.0
all SubICBs,Count_WaitingForTreatment0to4weeks,30.0
all SubICBs,Count_WaitingForTreatment0to6weeks,45.0
all SubICBs,Count_WaitingForTreatment0to12weeks,70.0
all SubICBs,Count_WaitingForTreatment0to18weeks,75.0
all SubICBs,Count_WaitingForTreatmentOver18weeks,120.0
all SubICBs,Count_WaitingForTreatmentOver90days,120.0
all SubICBs,Count_WaitingForAssessment,805.0
all SubICBs,Count_WaitingForAssessmentOver90days,10.0
all SubICBs,Count_WaitingForTreatment,800.0
all SubICBs,Count_WaitingForTreatment0to2weeks,415.0
all SubICBs,Count_WaitingForTreatment0to4weeks,680.0
all SubICBs,Count_WaitingForTreatment0to6weeks,725.0
all SubICBs,Count_WaitingForTreatment0to12weeks,790.0
all SubICBs,Count_WaitingForTreatment0to18weeks,795.0
all SubICBs,Count_WaitingForTreatmentOver90days,5.0
all SubICBs,Count_WaitingForAssessment,30.0
all SubICBs,Count_WaitingForAssessmentOver90days,15.0
all SubICBs,Count_WaitingForTreatment,200.0
all SubICBs,Count_WaitingForTreatment0to2weeks,15.0
all SubICBs,Count_WaitingForTreatment0to4weeks,30.0
all SubICBs,Count_WaitingForTreatment0to6weeks,35.0
all SubICBs,Count_WaitingForTreatment0to12weeks,85.0
all SubICBs,Count_WaitingForTreatment0to18weeks,110.0
all SubICBs,Count_WaitingForTreatmentOver18weeks,90.0
all SubICBs,Count_WaitingForTreatmentOver90days,110.0
all SubICBs,Count_WaitingForAssessment,5.0
all SubICBs,Count_WaitingForAssessment,315.0
all SubICBs,Count_WaitingForAssessmentOver90days,290.0
all SubICBs,Count_WaitingForTreatment,310.0
all SubICBs,Count_WaitingForTreatment0to12weeks,25.0
all SubICBs,Count_WaitingForTreatment0to18weeks,35.0
all SubICBs,Count_WaitingForTreatmentOver18weeks,275.0
all SubICBs,Count_WaitingForTreatmentOver90days,285.0
all SubICBs,Count_WaitingForAssessment,55.0
all SubICBs,Count_WaitingForAssessmentOver90days,5.0
all SubICBs,Count_WaitingForTreatment,50.0
all SubICBs,Count_WaitingForTreatment0to12weeks,35.0
all SubICBs,Count_WaitingForTreatment0to18weeks,50.0
all SubICBs,Count_WaitingForTreatmentOver90days,5.0
all SubICBs,Count_WaitingForAssessment,35.0
all SubICBs,Count_WaitingForAssessmentOver90days,35.0
all SubICBs,Count_WaitingForTreatment,10.0
all SubICBs,Count_WaitingForTreatment0to18weeks,5.0
all SubICBs,Count_WaitingForTreatmentOver18weeks,5.0
all SubICBs,Count_WaitingForTreatmentOver90days,10.0
all SubICBs,Count_WaitingForAssessment,15.0
all SubICBs,Count_WaitingForAssessmentOver90days,5.0
all SubICBs,Count_WaitingForTreatment,10.0
all SubICBs,Count_WaitingForTreatment0to4weeks,5.0
all SubICBs,Count_WaitingForTreatment0to6weeks,5.0
all SubICBs,Count_WaitingForTreatment0to12weeks,5.0
all SubICBs,Count_WaitingForTreatment0to18weeks,10.0
all SubICBs,Count_WaitingForTreatmentOver90days,5.0
all SubICBs,Count_WaitingForAssessment,3220.0
all SubICBs,Count_WaitingForAssessmentOver90days,5.0
all SubICBs,Count_WaitingForTreatment,3215.0
all SubICBs,Count_WaitingForTreatment0to2weeks,2040.0
all SubICBs,Count_WaitingForTreatment0to4weeks,3075.0
all SubICBs,Count_WaitingForTreatment0to6weeks,3175.0
all SubICBs,Count_WaitingForTreatment0to12weeks,3210.0
all SubICBs,Count_WaitingForTreatment0to18weeks,3215.0
all SubICBs,Count_WaitingForAssessment,2605.0
all SubICBs,Count_WaitingForAssessmentOver90days,140.0
all SubICBs,Count_WaitingForTreatment,2540.0
all SubICBs,Count_WaitingForTreatment0to2weeks,1210.0
all SubICBs,Count_WaitingForTreatment0to4weeks,1935.0
all SubICBs,Count_WaitingForTreatment0to6weeks,2200.0
all SubICBs,Count_WaitingForTreatment0to12weeks,2455.0
all SubICBs,Count_WaitingForTreatment0to18weeks,2490.0
all SubICBs,Count_WaitingForTreatmentOver18weeks,50.0
all SubICBs,Count_WaitingForTreatmentOver90days,75.0
all SubICBs,Count_WaitingForAssessment,60.0
all SubICBs,Count_WaitingForTreatment,65.0
all SubICBs,Count_WaitingForTreatment0to2weeks,60.0
all SubICBs,Count_WaitingForTreatment0to4weeks,60.0
all SubICBs,Count_WaitingForTreatment0to6weeks,65.0
all SubICBs,Count_WaitingForTreatment0to12weeks,65.0
all SubICBs,Count_WaitingForTreatment0to18weeks,65.0
all SubICBs,Count_WaitingForAssessment,20.0
all SubICBs,Count_WaitingForTreatment,20.0
all SubICBs,Count_WaitingForTreatment0to2weeks,15.0
all SubICBs,Count_WaitingForTreatment0to4weeks,20.0
all SubICBs,Count_WaitingForTreatment0to6weeks,20.0
all SubICBs,Count_WaitingForTreatment0to12weeks,20.0
all SubICBs,Count_WaitingForTreatment0to18weeks,20.0
all SubICBs,Count_WaitingForAssessment,30.0
all SubICBs,Count_WaitingForTreatment,30.0
all SubICBs,Count_WaitingForTreatment0to2weeks,15.0
all SubICBs,Count_WaitingForTreatment0to4weeks,25.0
all SubICBs,Count_WaitingForTreatment0to6weeks,30.0
all SubICBs,Count_WaitingForTreatment0to12weeks,30.0
all SubICBs,Count_WaitingForTreatment0to18weeks,30.0
all SubICBs,Count_WaitingForAssessment,45.0
all SubICBs,Count_WaitingForAssessmentOver90days,20.0
all SubICBs,Count_WaitingForTreatment,35.0
all SubICBs,Count_WaitingForTreatment0to4weeks,5.0
all SubICBs,Count_WaitingForTreatment0to6weeks,15.0
all SubICBs,Count_WaitingForTreatment0to12weeks,20.0
all SubICBs,Count_WaitingForTreatment0to18weeks,25.0
all SubICBs,Count_WaitingForTreatmentOver18weeks,10.0
all SubICBs,Count_WaitingForTreatmentOver90days,15.0
all SubICBs,Count_WaitingForAssessment,390.0
all SubICBs,Count_WaitingForAssessmentOver90days,15.0
all SubICBs,Count_WaitingForTreatment,390.0
all SubICBs,Count_WaitingForTreatment0to2weeks,170.0
all SubICBs,Count_WaitingForTreatment0to4weeks,270.0
all SubICBs,Count_WaitingForTreatment0to6weeks,335.0
all SubICBs,Count_WaitingForTreatment0to12weeks,375.0
all SubICBs,Count_WaitingForTreatment0to18weeks,380.0
all SubICBs,Count_WaitingForTreatmentOver18weeks,10.0
all SubICBs,Count_WaitingForTreatmentOver90days,10.0
all SubICBs,Count_WaitingForAssessment,2650.0
all SubICBs,Count_WaitingForAssessmentOver90days,25.0
all SubICBs,Count_WaitingForTreatment,2630.0
all SubICBs,Count_WaitingForTreatment0to2weeks,1280.0
all SubICBs,Count_WaitingForTreatment0to4weeks,2165.0
all SubICBs,Count_WaitingForTreatment0to6weeks,2505.0
all SubICBs,Count_WaitingForTreatment0to12weeks,2620.0
all SubICBs,Count_WaitingForTreatment0to18weeks,2625.0
all SubICBs,Count_WaitingForTreatmentOver90days,10.0
all SubICBs,Count_WaitingForAssessment,370.0
all SubICBs,Count_WaitingForAssessmentOver90days,25.0
all SubICBs,Count_WaitingForTreatment,370.0
all SubICBs,Count_WaitingForTreatment0to2weeks,215.0
all SubICBs,Count_WaitingForTreatment0to4weeks,285.0
all SubICBs,Count_WaitingForTreatment0to6weeks,320.0
all SubICBs,Count_WaitingForTreatment0to12weeks,345.0
all SubICBs,Count_WaitingForTreatment0to18weeks,350.0
all SubICBs,Count_WaitingForTreatmentOver18weeks,20.0
all SubICBs,Count_WaitingForTreatmentOver90days,25.0
all SubICBs,Count_WaitingForAssessment,1220.0
all SubICBs,Count_WaitingForAssessmentOver90days,30.0
all SubICBs,Count_WaitingForTreatment,1210.0
all SubICBs,Count_WaitingForTreatment0to2weeks,485.0
all SubICBs,Count_WaitingForTreatment0to4weeks,840.0
all SubICBs,Count_WaitingForTreatment0to6weeks,1040.0
all SubICBs,Count_WaitingForTreatment0to12weeks,1185.0
all SubICBs,Count_WaitingForTreatment0to18weeks,1195.0
all SubICBs,Count_WaitingForTreatmentOver18weeks,20.0
all SubICBs,Count_WaitingForTreatmentOver90days,25.0
all SubICBs,Count_WaitingForAssessment,290.0
all SubICBs,Count_WaitingForAssessmentOver90days,20.0
all SubICBs,Count_WaitingForTreatment,485.0
all SubICBs,Count_WaitingForTreatment0to2weeks,165.0
all SubICBs,Count_WaitingForTreatment0to4weeks,275.0
all SubICBs,Count_WaitingForTreatment0to6weeks,335.0
all SubICBs,Count_WaitingForTreatment0to12weeks,430.0
all SubICBs,Count_WaitingForTreatment0to18weeks,460.0
all SubICBs,Count_WaitingForTreatmentOver18weeks,20.0
all SubICBs,Count_WaitingForTreatmentOver90days,45.0
all SubICBs,Count_WaitingForAssessment,1470.0
all SubICBs,Count_WaitingForAssessmentOver90days,435.0
all SubICBs,Count_WaitingForTreatment,1450.0
all SubICBs,Count_WaitingForTreatment0to2weeks,515.0
all SubICBs,Count_WaitingForTreatment0to4weeks,855.0
all SubICBs,Count_WaitingForTreatment0to6weeks,980.0
all SubICBs,Count_WaitingForTreatment0to12weeks,1100.0
all SubICBs,Count_WaitingForTreatment0to18weeks,1125.0
all SubICBs,Count_WaitingForTreatmentOver18weeks,320.0
all SubICBs,Count_WaitingForTreatmentOver90days,350.0
all SubICBs,Count_WaitingForAssessment,580.0
all SubICBs,Count_WaitingForAssessmentOver90days,390.0
all SubICBs,Count_WaitingForTreatment,560.0
all SubICBs,Count_WaitingForTreatment0to12weeks,145.0
all SubICBs,Count_WaitingForTreatment0to18weeks,355.0
all SubICBs,Count_WaitingForTreatmentOver18weeks,200.0
all SubICBs,Count_WaitingForTreatmentOver90days,375.0
all SubICBs,Count_WaitingForAssessment,1110.0
all SubICBs,Count_WaitingForAssessmentOver90days,15.0
all SubICBs,Count_WaitingForTreatment,1110.0
all SubICBs,Count_WaitingForTreatment0to2weeks,575.0
all SubICBs,Count_WaitingForTreatment0to4weeks,890.0
all SubICBs,Count_WaitingForTreatment0to6weeks,1050.0
all SubICBs,Count_WaitingForTreatment0to12weeks,1100.0
all SubICBs,Count_WaitingForTreatment0to18weeks,1100.0
all SubICBs,Count_WaitingForTreatmentOver18weeks,10.0
all SubICBs,Count_WaitingForTreatmentOver90days,10.0
all SubICBs,Count_WaitingForAssessment,1285.0
all SubICBs,Count_WaitingForAssessmentOver90days,70.0
all SubICBs,Count_WaitingForTreatment,1240.0
all SubICBs,Count_WaitingForTreatment0to2weeks,700.0
all SubICBs,Count_WaitingForTreatment0to4weeks,915.0
all SubICBs,Count_WaitingForTreatment0to6weeks,1040.0
all SubICBs,Count_WaitingForTreatment0to12weeks,1195.0
all SubICBs,Count_WaitingForTreatment0to18weeks,1210.0
all SubICBs,Count_WaitingForTreatmentOver18weeks,30.0
all SubICBs,Count_WaitingForTreatmentOver90days,45.0
all SubICBs,Count_WaitingForAssessment,550.0
all SubICBs,Count_WaitingForTreatment,495.0
all SubICBs,Count_WaitingForTreatment0to2weeks,405.0
all SubICBs,Count_WaitingForTreatment0to4weeks,480.0
all SubICBs,Count_WaitingForTreatment0to6weeks,495.0
all SubICBs,Count_WaitingForTreatment0to12weeks,495.0
all SubICBs,Count_WaitingForTreatment0to18weeks,495.0
all SubICBs,Count_WaitingForAssessment,310.0
all SubICBs,Count_WaitingForAssessmentOver90days,5.0
all SubICBs,Count_WaitingForTreatment,305.0
all SubICBs,Count_WaitingForTreatment0to2weeks,270.0
all SubICBs,Count_WaitingForTreatment0to4weeks,285.0
all SubICBs,Count_WaitingForTreatment0to6weeks,295.0
all SubICBs,Count_WaitingForTreatment0to12weeks,305.0
all SubICBs,Count_WaitingForTreatment0to18weeks,305.0
all SubICBs,Count_WaitingForAssessment,435.0
all SubICBs,Count_WaitingForAssessmentOver90days,10.0
all SubICBs,Count_WaitingForTreatment,425.0
all SubICBs,Count_WaitingForTreatment0to2weeks,170.0
all SubICBs,Count_WaitingForTreatment0to4weeks,340.0
all SubICBs,Count_WaitingForTreatment0to6weeks,390.0
all SubICBs,Count_WaitingForTreatment0to12weeks,425.0
all SubICBs,Count_WaitingForTreatment0to18weeks,425.0
all SubICBs,Count_WaitingForAssessment,1010.0
all SubICBs,Count_WaitingForAssessmentOver90days,25.0
all SubICBs,Count_WaitingForTreatment,965.0
all SubICBs,Count_WaitingForTreatment0to2weeks,335.0
all SubICBs,Count_WaitingForTreatment0to4weeks,620.0
all SubICBs,Count_WaitingForTreatment0to6weeks,850.0
all SubICBs,Count_WaitingForTreatment0to12weeks,965.0
all SubICBs,Count_WaitingForTreatment0to18weeks,965.0
all SubICBs,Count_WaitingForAssessment,360.0
all SubICBs,Count_WaitingForAssessmentOver90days,180.0
all SubICBs,Count_WaitingForTreatment,345.0
all SubICBs,Count_WaitingForTreatment0to2weeks,25.0
all SubICBs,Count_WaitingForTreatment0to4weeks,60.0
all SubICBs,Count_WaitingForTreatment0to6weeks,90.0
all SubICBs,Count_WaitingForTreatment0to12weeks,185.0
all SubICBs,Count_WaitingForTreatment0to18weeks,185.0
all SubICBs,Count_WaitingForTreatmentOver18weeks,160.0
all SubICBs,Count_WaitingForTreatmentOver90days,160.0
all SubICBs,Count_WaitingForAssessment,475.0
all SubICBs,Count_WaitingForAssessmentOver90days,60.0
all SubICBs,Count_WaitingForTreatment,470.0
all SubICBs,Count_WaitingForTreatment0to2weeks,210.0
all SubICBs,Count_WaitingForTreatment0to4weeks,310.0
all SubICBs,Count_WaitingForTreatment0to6weeks,355.0
all SubICBs,Count_WaitingForTreatment0to12weeks,410.0
all SubICBs,Count_WaitingForTreatment0to18weeks,435.0
all SubICBs,Count_WaitingForTreatmentOver18weeks,35.0
all SubICBs,Count_WaitingForTreatmentOver90days,55.0
all SubICBs,Count_WaitingForAssessment,390.0
all SubICBs,Count_WaitingForAssessmentOver90days,10.0
all SubICBs,Count_WaitingForTreatment,385.0
all SubICBs,Count_WaitingForTreatment0to2weeks,240.0
all SubICBs,Count_WaitingForTreatment0to4weeks,340.0
all SubICBs,Count_WaitingForTreatment0to6weeks,355.0
all SubICBs,Count_WaitingForTreatment0to12weeks,375.0
all SubICBs,Count_WaitingForTreatment0to18weeks,380.0
all SubICBs,Count_WaitingForTreatmentOver18weeks,5.0
all SubICBs,Count_WaitingForTreatmentOver90days,10.0
all SubICBs,Count_WaitingForAssessment,1070.0
all SubICBs,Count_WaitingForAssessmentOver90days,50.0
all SubICBs,Count_WaitingForTreatment,1040.0
all SubICBs,Count_WaitingForTreatment0to2weeks,335.0
all SubICBs,Count_WaitingForTreatment0to4weeks,615.0
all SubICBs,Count_WaitingForTreatment0to6weeks,845.0
all SubICBs,Count_WaitingForTreatment0to12weeks,1010.0
all SubICBs,Count_WaitingForTreatment0to18weeks,1030.0
all SubICBs,Count_WaitingForTreatmentOver18weeks,10.0
all SubICBs,Count_WaitingForTreatmentOver90days,25.0
all SubICBs,Count_WaitingForAssessment,140.0
all SubICBs,Count_WaitingForTreatment,140.0
all SubICBs,Count_WaitingForTreatment0to2weeks,130.0
all SubICBs,Count_WaitingForTreatment0to4weeks,140.0
all SubICBs,Count_WaitingForTreatment0to6weeks,140.0
all SubICBs,Count_WaitingForTreatment0to12weeks,140.0
all SubICBs,Count_WaitingForTreatment0to18weeks,140.0
all SubICBs,Count_WaitingForAssessment,2765.0
all SubICBs,Count_WaitingForAssessmentOver90days,5.0
all SubICBs,Count_WaitingForTreatment,2755.0
all SubICBs,Count_WaitingForTreatment0to2weeks,1125.0
all SubICBs,Count_WaitingForTreatment0to4weeks,2210.0
all SubICBs,Count_WaitingForTreatment0to6weeks,2700.0
all SubICBs,Count_WaitingForTreatment0to12weeks,2755.0
all SubICBs,Count_WaitingForTreatment0to18weeks,2755.0
all SubICBs,Count_WaitingForAssessment,310.0
all SubICBs,Count_WaitingForTreatment,310.0
all SubICBs,Count_WaitingForTreatment0to2weeks,255.0
all SubICBs,Count_WaitingForTreatment0to4weeks,300.0
all SubICBs,Count_WaitingForTreatment0to6weeks,310.0
all SubICBs,Count_WaitingForTreatment0to12weeks,310.0
all SubICBs,Count_WaitingForTreatment0to18weeks,310.0
all SubICBs,Count_WaitingForAssessment,460.0
all SubICBs,Count_WaitingForTreatment,460.0
all SubICBs,Count_WaitingForTreatment0to2weeks,230.0
all SubICBs,Count_WaitingForTreatment0to4weeks,425.0
all SubICBs,Count_WaitingForTreatment0to6weeks,460.0
all SubICBs,Count_WaitingForTreatment0to12weeks,460.0
all SubICBs,Count_WaitingForTreatment0to18weeks,460.0
all SubICBs,Count_WaitingForAssessment,1400.0
all SubICBs,Count_WaitingForAssessmentOver90days,15.0
all SubICBs,Count_WaitingForTreatment,1400.0
all SubICBs,Count_WaitingForTreatment0to2weeks,1105.0
all SubICBs,Count_WaitingForTreatment0to4weeks,1355.0
all SubICBs,Count_WaitingForTreatment0to6weeks,1380.0
all SubICBs,Count_WaitingForTreatment0to12weeks,1390.0
all SubICBs,Count_WaitingForTreatment0to18weeks,1395.0
all SubICBs,Count_WaitingForTreatmentOver18weeks,5.0
all SubICBs,Count_WaitingForTreatmentOver90days,10.0
all SubICBs,Count_WaitingForAssessment,835.0
all SubICBs,Count_WaitingForAssessmentOver90days,10.0
all SubICBs,Count_WaitingForTreatment,825.0
all SubICBs,Count_WaitingForTreatment0to2weeks,445.0
all SubICBs,Count_WaitingForTreatment0to4weeks,675.0
all SubICBs,Count_WaitingForTreatment0to6weeks,785.0
all SubICBs,Count_WaitingForTreatment0to12weeks,820.0
all SubICBs,Count_WaitingForTreatment0to18weeks,820.0
all SubICBs,Count_WaitingForAssessment,1700.0
all SubICBs,Count_WaitingForAssessmentOver90days,85.0
all SubICBs,Count_WaitingForTreatment,1695.0
all SubICBs,Count_WaitingForTreatment0to2weeks,795.0
all SubICBs,Count_WaitingForTreatment0to4weeks,1235.0
all SubICBs,Count_WaitingForTreatment0to6weeks,1425.0
all SubICBs,Count_WaitingForTreatment0to12weeks,1610.0
all SubICBs,Count_WaitingForTreatment0to18weeks,1675.0
all SubICBs,Count_WaitingForTreatmentOver18weeks,25.0
all SubICBs,Count_WaitingForTreatmentOver90days,75.0
all SubICBs,Count_WaitingForAssessment,925.0
all SubICBs,Count_WaitingForAssessmentOver90days,230.0
all SubICBs,Count_WaitingForTreatment,720.0
all SubICBs,Count_WaitingForTreatment0to2weeks,505.0
all SubICBs,Count_WaitingForTreatment0to4weeks,565.0
all SubICBs,Count_WaitingForTreatment0to6weeks,570.0
all SubICBs,Count_WaitingForTreatment0to12weeks,575.0
all SubICBs,Count_WaitingForTreatment0to18weeks,575.0
all SubICBs,Count_WaitingForTreatmentOver18weeks,145.0
all SubICBs,Count_WaitingForTreatmentOver90days,145.0
all SubICBs,Count_WaitingForAssessment,3255.0
all SubICBs,Count_WaitingForAssessmentOver90days,530.0
all SubICBs,Count_WaitingForTreatment,2805.0
all SubICBs,Count_WaitingForTreatment0to2weeks,1005.0
all SubICBs,Count_WaitingForTreatment0to4weeks,1925.0
all SubICBs,Count_WaitingForTreatment0to6weeks,2430.0
all SubICBs,Count_WaitingForTreatment0to12weeks,2705.0
all SubICBs,Count_WaitingForTreatment0to18weeks,2725.0
all SubICBs,Count_WaitingForTreatmentOver18weeks,80.0
all SubICBs,Count_WaitingForTreatmentOver90days,100.0
all SubICBs,Count_WaitingForAssessment,1660.0
all SubICBs,Count_WaitingForAssessmentOver90days,25.0
all SubICBs,Count_WaitingForTreatment,1665.0
all SubICBs,Count_WaitingForTreatment0to2weeks,880.0
all SubICBs,Count_WaitingForTreatment0to4weeks,1415.0
all SubICBs,Count_WaitingForTreatment0to6weeks,1575.0
all SubICBs,Count_WaitingForTreatment0to12weeks,1655.0
all SubICBs,Count_WaitingForTreatment0to18weeks,1660.0
all SubICBs,Count_WaitingForTreatmentOver90days,5.0
all SubICBs,Count_WaitingForAssessment,2505.0
all SubICBs,Count_WaitingForAssessmentOver90days,65.0
all SubICBs,Count_WaitingForTreatment,2460.0
all SubICBs,Count_WaitingForTreatment0to2weeks,880.0
all SubICBs,Count_WaitingForTreatment0to4weeks,1655.0
all SubICBs,Count_WaitingForTreatment0to6weeks,2125.0
all SubICBs,Count_WaitingForTreatment0to12weeks,2425.0
all SubICBs,Count_WaitingForTreatment0to18weeks,2450.0
all SubICBs,Count_WaitingForTreatmentOver18weeks,10.0
all SubICBs,Count_WaitingForTreatmentOver90days,30.0
all SubICBs,Count_WaitingForAssessment,485.0
all SubICBs,Count_WaitingForAssessmentOver90days,15.0
all SubICBs,Count_WaitingForTreatment,465.0
all SubICBs,Count_WaitingForTreatment0to2weeks,250.0
all SubICBs,Count_WaitingForTreatment0to4weeks,430.0
all SubICBs,Count_WaitingForTreatment0to6weeks,460.0
all SubICBs,Count_WaitingForTreatment0to12weeks,465.0
all SubICBs,Count_WaitingForTreatment0to18weeks,465.0
all SubICBs,Count_WaitingForAssessment,1350.0
all SubICBs,Count_WaitingForAssessmentOver90days,85.0
all SubICBs,Count_WaitingForTreatment,1255.0
all SubICBs,Count_WaitingForTreatment0to2weeks,490.0
all SubICBs,Count_WaitingForTreatment0to4weeks,890.0
all SubICBs,Count_WaitingForTreatment0to6weeks,1080.0
all SubICBs,Count_WaitingForTreatment0to12weeks,1205.0
all SubICBs,Count_WaitingForTreatment0to18weeks,1215.0
all SubICBs,Count_WaitingForTreatmentOver18weeks,40.0
all SubICBs,Count_WaitingForTreatmentOver90days,50.0
all SubICBs,Count_WaitingForAssessment,1345.0
all SubICBs,Count_WaitingForAssessmentOver90days,20.0
all SubICBs,Count_WaitingForTreatment,1335.0
all SubICBs,Count_WaitingForTreatment0to2weeks,535.0
all SubICBs,Count_WaitingForTreatment0to4weeks,910.0
all SubICBs,Count_WaitingForTreatment0to6weeks,1135.0
all SubICBs,Count_WaitingForTreatment0to12weeks,1320.0
all SubICBs,Count_WaitingForTreatment0to18weeks,1325.0
all SubICBs,Count_WaitingForTreatmentOver18weeks,5.0
all SubICBs,Count_WaitingForTreatmentOver90days,10.0
all SubICBs,Count_WaitingForAssessment,845.0
all SubICBs,Count_WaitingForAssessmentOver90days,45.0
all SubICBs,Count_WaitingForTreatment,830.0
all SubICBs,Count_WaitingForTreatment0to2weeks,375.0
all SubICBs,Count_WaitingForTreatment0to4weeks,615.0
all SubICBs,Count_WaitingForTreatment0to6weeks,730.0
all SubICBs,Count_WaitingForTreatment0to12weeks,790.0
all SubICBs,Count_WaitingForTreatment0to18weeks,805.0
all SubICBs,Count_WaitingForTreatmentOver18weeks,25.0
all SubICBs,Count_WaitingForTreatmentOver90days,40.0
all SubICBs,Count_WaitingForAssessment,925.0
all SubICBs,Count_WaitingForAssessmentOver90days,5.0
all SubICBs,Count_WaitingForTreatment,920.0
all SubICBs,Count_WaitingForTreatment0to2weeks,435.0
all SubICBs,Count_WaitingForTreatment0to4weeks,805.0
all SubICBs,Count_WaitingForTreatment0to6weeks,895.0
all SubICBs,Count_WaitingForTreatment0to12weeks,915.0
all SubICBs,Count_WaitingForTreatment0to18weeks,920.0
all SubICBs,Count_WaitingForAssessment,1560.0
all SubICBs,Count_WaitingForAssessmentOver90days,540.0
all SubICBs,Count_WaitingForTreatment,1550.0
all SubICBs,Count_WaitingForTreatment0to2weeks,345.0
all SubICBs,Count_WaitingForTreatment0to4weeks,640.0
all SubICBs,Count_WaitingForTreatment0to6weeks,840.0
all SubICBs,Count_WaitingForTreatment0to12weeks,1010.0
all SubICBs,Count_WaitingForTreatment0to18weeks,1090.0
all SubICBs,Count_WaitingForTreatmentOver18weeks,460.0
all SubICBs,Count_WaitingForTreatmentOver90days,535.0
all SubICBs,Count_WaitingForAssessment,1310.0
all SubICBs,Count_WaitingForAssessmentOver90days,125.0
all SubICBs,Count_WaitingForTreatment,1265.0
all SubICBs,Count_WaitingForTreatment0to2weeks,390.0
all SubICBs,Count_WaitingForTreatment0to4weeks,705.0
all SubICBs,Count_WaitingForTreatment0to6weeks,990.0
all SubICBs,Count_WaitingForTreatment0to12weeks,1180.0
all SubICBs,Count_WaitingForTreatment0to18weeks,1190.0
all SubICBs,Count_WaitingForTreatmentOver18weeks,75.0
all SubICBs,Count_WaitingForTreatmentOver90days,85.0
all SubICBs,Count_WaitingForAssessment,5135.0
all SubICBs,Count_WaitingForAssessmentOver90days,55.0
all SubICBs,Count_WaitingForTreatment,5240.0
all SubICBs,Count_WaitingForTreatment0to2weeks,2275.0
all SubICBs,Count_WaitingForTreatment0to4weeks,3910.0
all SubICBs,Count_WaitingForTreatment0to6weeks,4745.0
all SubICBs,Count_WaitingForTreatment0to12weeks,5195.0
all SubICBs,Count_WaitingForTreatment0to18weeks,5230.0
all SubICBs,Count_WaitingForTreatmentOver18weeks,10.0
all SubICBs,Count_WaitingForTreatmentOver90days,35.0
all SubICBs,Count_WaitingForAssessment,420.0
all SubICBs,Count_WaitingForAssessmentOver90days,15.0
all SubICBs,Count_WaitingForTreatment,385.0
all SubICBs,Count_WaitingForTreatment0to2weeks,355.0
all SubICBs,Count_WaitingForTreatment0to4weeks,370.0
all SubICBs,Count_WaitingForTreatment0to6weeks,375.0
all SubICBs,Count_WaitingForTreatment0to12weeks,385.0
all SubICBs,Count_WaitingForTreatment0to18weeks,385.0
all SubICBs,Count_WaitingForAssessment,225.0
all SubICBs,Count_WaitingForTreatment,210.0
all SubICBs,Count_WaitingForTreatment0to2weeks,185.0
all SubICBs,Count_WaitingForTreatment0to4weeks,205.0
all SubICBs,Count_WaitingForTreatment0to6weeks,210.0
all SubICBs,Count_WaitingForTreatment0to12weeks,210.0
all SubICBs,Count_WaitingForTreatment0to18weeks,210.0
all SubICBs,Count_WaitingForAssessment,2200.0
all SubICBs,Count_WaitingForAssessmentOver90days,100.0
all SubICBs,Count_WaitingForTreatment,2155.0
all SubICBs,Count_WaitingForTreatment0to2weeks,505.0
all SubICBs,Count_WaitingForTreatment0to4weeks,1085.0
all SubICBs,Count_WaitingForTreatment0to6weeks,1570.0
all SubICBs,Count_WaitingForTreatment0to12weeks,2085.0
all SubICBs,Count_WaitingForTreatment0to18weeks,2120.0
all SubICBs,Count_WaitingForTreatmentOver18weeks,35.0
all SubICBs,Count_WaitingForTreatmentOver90days,60.0
all SubICBs,Count_WaitingForAssessment,980.0
all SubICBs,Count_WaitingForAssessmentOver90days,15.0
all SubICBs,Count_WaitingForTreatment,960.0
all SubICBs,Count_WaitingForTreatment0to2weeks,695.0
all SubICBs,Count_WaitingForTreatment0to4weeks,930.0
all SubICBs,Count_WaitingForTreatment0to6weeks,950.0
all SubICBs,Count_WaitingForTreatment0to12weeks,960.0
all SubICBs,Count_WaitingForTreatment0to18weeks,960.0
all SubICBs,Count_WaitingForAssessment,645.0
all SubICBs,Count_WaitingForAssessmentOver90days,35.0
all SubICBs,Count_WaitingForTreatment,610.0
all SubICBs,Count_WaitingForTreatment0to2weeks,275.0
all SubICBs,Count_WaitingForTreatment0to4weeks,475.0
all SubICBs,Count_WaitingForTreatment0to6weeks,545.0
all SubICBs,Count_WaitingForTreatment0to12weeks,600.0
all SubICBs,Count_WaitingForTreatment0to18weeks,600.0
all SubICBs,Count_WaitingForTreatmentOver18weeks,10.0
all SubICBs,Count_WaitingForTreatmentOver90days,10.0
all SubICBs,Count_WaitingForAssessment,1255.0
all SubICBs,Count_WaitingForAssessmentOver90days,40.0
all SubICBs,Count_WaitingForTreatment,1270.0
all SubICBs,Count_WaitingForTreatment0to2weeks,530.0
all SubICBs,Count_WaitingForTreatment0to4weeks,895.0
all SubICBs,Count_WaitingForTreatment0to6weeks,1065.0
all SubICBs,Count_WaitingForTreatment0to12weeks,1205.0
all SubICBs,Count_WaitingForTreatment0to18weeks,1220.0
all SubICBs,Count_WaitingForTreatmentOver18weeks,50.0
all SubICBs,Count_WaitingForTreatmentOver90days,60.0
all SubICBs,Count_WaitingForAssessment,970.0
all SubICBs,Count_WaitingForAssessmentOver90days,5.0
all SubICBs,Count_WaitingForTreatment,980.0
all SubICBs,Count_WaitingForTreatment0to2weeks,370.0
all SubICBs,Count_WaitingForTreatment0to4weeks,605.0
all SubICBs,Count_WaitingForTreatment0to6weeks,835.0
all SubICBs,Count_WaitingForTreatment0to12weeks,970.0
all SubICBs,Count_WaitingForTreatment0to18weeks,975.0
all SubICBs,Count_WaitingForTreatmentOver90days,10.0
all SubICBs,Count_WaitingForAssessment,95.0
all SubICBs,Count_WaitingForAssessmentOver90days,10.0
all SubICBs,Count_WaitingForTreatment,80.0
all SubICBs,Count_WaitingForTreatment0to2weeks,70.0
all SubICBs,Count_WaitingForTreatment0to4weeks,80.0
all SubICBs,Count_WaitingForTreatment0to6weeks,80.0
all SubICBs,Count_WaitingForTreatment0to12weeks,80.0
all SubICBs,Count_WaitingForTreatment0to18weeks,80.0
all SubICBs,Count_WaitingForAssessment,350.0
all SubICBs,Count_WaitingForAssessmentOver90days,25.0
all SubICBs,Count_WaitingForTreatment,355.0
all SubICBs,Count_WaitingForTreatment0to2weeks,170.0
all SubICBs,Count_WaitingForTreatment0to4weeks,265.0
all SubICBs,Count_WaitingForTreatment0to6weeks,290.0
all SubICBs,Count_WaitingForTreatment0to12weeks,330.0
all SubICBs,Count_WaitingForTreatment0to18weeks,335.0
all SubICBs,Count_WaitingForTreatmentOver18weeks,20.0
all SubICBs,Count_WaitingForTreatmentOver90days,25.0
all SubICBs,Count_WaitingForAssessment,315.0
all SubICBs,Count_WaitingForAssessmentOver90days,5.0
all SubICBs,Count_WaitingForTreatment,310.0
all SubICBs,Count_WaitingForTreatment0to2weeks,170.0
all SubICBs,Count_WaitingForTreatment0to4weeks,275.0
all SubICBs,Count_WaitingForTreatment0to6weeks,300.0
all SubICBs,Count_WaitingForTreatment0to12weeks,310.0
all SubICBs,Count_WaitingForTreatment0to18weeks,310.0
all SubICBs,Count_WaitingForAssessment,5840.0
all SubICBs,Count_WaitingForAssessmentOver90days,215.0
all SubICBs,Count_WaitingForTreatment,7230.0
all SubICBs,Count_WaitingForTreatment0to2weeks,2215.0
all SubICBs,Count_WaitingForTreatment0to4weeks,4015.0
all SubICBs,Count_WaitingForTreatment0to6weeks,5305.0
all SubICBs,Count_WaitingForTreatment0to12weeks,6655.0
all SubICBs,Count_WaitingForTreatment0to18weeks,6980.0
all SubICBs,Count_WaitingForTreatmentOver18weeks,245.0
all SubICBs,Count_WaitingForTreatmentOver90days,510.0
all SubICBs,Count_WaitingForAssessment,805.0
all SubICBs,Count_WaitingForAssessmentOver90days,740.0
all SubICBs,Count_WaitingForTreatment,805.0
all SubICBs,Count_WaitingForTreatment0to2weeks,25.0
all SubICBs,Count_WaitingForTreatment0to4weeks,60.0
all SubICBs,Count_WaitingForTreatment0to6weeks,65.0
all SubICBs,Count_WaitingForTreatment0to12weeks,65.0
all SubICBs,Count_WaitingForTreatment0to18weeks,65.0
all SubICBs,Count_WaitingForTreatmentOver18weeks,740.0
all SubICBs,Count_WaitingForTreatmentOver90days,740.0
all SubICBs,Count_WaitingForAssessment,1450.0
all SubICBs,Count_WaitingForAssessmentOver90days,115.0
all SubICBs,Count_WaitingForTreatment,1315.0
all SubICBs,Count_WaitingForTreatment0to2weeks,775.0
all SubICBs,Count_WaitingForTreatment0to4weeks,1200.0
all SubICBs,Count_WaitingForTreatment0to6weeks,1250.0
all SubICBs,Count_WaitingForTreatment0to12weeks,1280.0
all SubICBs,Count_WaitingForTreatment0to18weeks,1285.0
all SubICBs,Count_WaitingForTreatmentOver18weeks,35.0
all SubICBs,Count_WaitingForTreatmentOver90days,35.0
all SubICBs,Count_WaitingForAssessment,1125.0
all SubICBs,Count_WaitingForAssessmentOver90days,910.0
all SubICBs,Count_WaitingForTreatment,1135.0
all SubICBs,Count_WaitingForTreatment0to2weeks,35.0
all SubICBs,Count_WaitingForTreatment0to4weeks,70.0
all SubICBs,Count_WaitingForTreatment0to6weeks,125.0
all SubICBs,Count_WaitingForTreatment0to12weeks,210.0
all SubICBs,Count_WaitingForTreatment0to18weeks,255.0
all SubICBs,Count_WaitingForTreatmentOver18weeks,880.0
all SubICBs,Count_WaitingForTreatmentOver90days,920.0
all SubICBs,Count_WaitingForAssessment,2615.0
all SubICBs,Count_WaitingForAssessmentOver90days,30.0
all SubICBs,Count_WaitingForTreatment,2560.0
all SubICBs,Count_WaitingForTreatment0to2weeks,1195.0
all SubICBs,Count_WaitingForTreatment0to4weeks,1975.0
all SubICBs,Count_WaitingForTreatment0to6weeks,2360.0
all SubICBs,Count_WaitingForTreatment0to12weeks,2535.0
all SubICBs,Count_WaitingForTreatment0to18weeks,2555.0
all SubICBs,Count_WaitingForTreatmentOver18weeks,10.0
all SubICBs,Count_WaitingForTreatmentOver90days,25.0
all SubICBs,Count_WaitingForAssessment,355.0
all SubICBs,Count_WaitingForAssessmentOver90days,15.0
all SubICBs,Count_WaitingForTreatment,335.0
all SubICBs,Count_WaitingForTreatment0to2weeks,225.0
all SubICBs,Count_WaitingForTreatment0to4weeks,310.0
all SubICBs,Count_WaitingForTreatment0to6weeks,325.0
all SubICBs,Count_WaitingForTreatment0to12weeks,330.0
all SubICBs,Count_WaitingForTreatment0to18weeks,335.0
all SubICBs,Count_WaitingForAssessment,1270.0
all SubICBs,Count_WaitingForAssessmentOver90days,25.0
all SubICBs,Count_WaitingForTreatment,1245.0
all SubICBs,Count_WaitingForTreatment0to2weeks,585.0
all SubICBs,Count_WaitingForTreatment0to4weeks,1030.0
all SubICBs,Count_WaitingForTreatment0to6weeks,1145.0
all SubICBs,Count_WaitingForTreatment0to12weeks,1235.0
all SubICBs,Count_WaitingForTreatment0to18weeks,1240.0
all SubICBs,Count_WaitingForTreatmentOver18weeks,5.0
all SubICBs,Count_WaitingForTreatmentOver90days,10.0
all SubICBs,Count_WaitingForAssessment,365.0
all SubICBs,Count_WaitingForAssessmentOver90days,30.0
all SubICBs,Count_WaitingForTreatment,365.0
all SubICBs,Count_WaitingForTreatment0to2weeks,210.0
all SubICBs,Count_WaitingForTreatment0to4weeks,270.0
all SubICBs,Count_WaitingForTreatment0to6weeks,290.0
all SubICBs,Count_WaitingForTreatment0to12weeks,335.0
all SubICBs,Count_WaitingForTreatment0to18weeks,345.0
all SubICBs,Count_WaitingForTreatmentOver18weeks,20.0
all SubICBs,Count_WaitingForTreatmentOver90days,30.0
all SubICBs,Count_WaitingForAssessment,640.0
all SubICBs,Count_WaitingForAssessmentOver90days,180.0
all SubICBs,Count_WaitingForTreatment,620.0
all SubICBs,Count_WaitingForTreatment0to2weeks,290.0
all SubICBs,Count_WaitingForTreatment0to4weeks,375.0
all SubICBs,Count_WaitingForTreatment0to6weeks,405.0
all SubICBs,Count_WaitingForTreatment0to12weeks,450.0
all SubICBs,Count_WaitingForTreatment0to18weeks,460.0
all SubICBs,Count_WaitingForTreatmentOver18weeks,160.0
all SubICBs,Count_WaitingForTreatmentOver90days,175.0
all SubICBs,Count_WaitingForAssessment,1150.0
all SubICBs,Count_WaitingForAssessmentOver90days,115.0
all SubICBs,Count_WaitingForTreatment,1110.0
all SubICBs,Count_WaitingForTreatment0to2weeks,565.0
all SubICBs,Count_WaitingForTreatment0to4weeks,800.0
all SubICBs,Count_WaitingForTreatment0to6weeks,900.0
all SubICBs,Count_WaitingForTreatment0to12weeks,1015.0
all SubICBs,Count_WaitingForTreatment0to18weeks,1055.0
all SubICBs,Count_WaitingForTreatmentOver18weeks,55.0
all SubICBs,Count_WaitingForTreatmentOver90days,90.0
all SubICBs,Count_WaitingForAssessment,745.0
all SubICBs,Count_WaitingForAssessmentOver90days,50.0
all SubICBs,Count_WaitingForTreatment,695.0
all SubICBs,Count_WaitingForTreatment0to2weeks,340.0
all SubICBs,Count_WaitingForTreatment0to4weeks,505.0
all SubICBs,Count_WaitingForTreatment0to6weeks,575.0
all SubICBs,Count_WaitingForTreatment0to12weeks,660.0
all SubICBs,Count_WaitingForTreatment0to18weeks,675.0
all SubICBs,Count_WaitingForTreatmentOver18weeks,15.0
all SubICBs,Count_WaitingForTreatmentOver90days,35.0
all SubICBs,Count_WaitingForAssessment,1150.0
all SubICBs,Count_WaitingForAssessmentOver90days,185.0
all SubICBs,Count_WaitingForTreatment,950.0
all SubICBs,Count_WaitingForTreatment0to2weeks,310.0
all SubICBs,Count_WaitingForTreatment0to4weeks,560.0
all SubICBs,Count_WaitingForTreatment0to6weeks,720.0
all SubICBs,Count_WaitingForTreatment0to12weeks,875.0
all SubICBs,Count_WaitingForTreatment0to18weeks,905.0
all SubICBs,Count_WaitingForTreatmentOver18weeks,45.0
all SubICBs,Count_WaitingForTreatmentOver90days,70.0
all SubICBs,Count_WaitingForAssessment,580.0
all SubICBs,Count_WaitingForAssessmentOver90days,75.0
all SubICBs,Count_WaitingForTreatment,575.0
all SubICBs,Count_WaitingForTreatment0to2weeks,320.0
all SubICBs,Count_WaitingForTreatment0to4weeks,435.0
all SubICBs,Count_WaitingForTreatment0to6weeks,470.0
all SubICBs,Count_WaitingForTreatment0to12weeks,500.0
all SubICBs,Count_WaitingForTreatment0to18weeks,515.0
all SubICBs,Count_WaitingForTreatmentOver18weeks,60.0
all SubICBs,Count_WaitingForTreatmentOver90days,75.0
all SubICBs,Count_WaitingForAssessment,1570.0
all SubICBs,Count_WaitingForAssessmentOver90days,320.0
all SubICBs,Count_WaitingForTreatment,1480.0
all SubICBs,Count_WaitingForTreatment0to2weeks,485.0
all SubICBs,Count_WaitingForTreatment0to4weeks,795.0
all SubICBs,Count_WaitingForTreatment0to6weeks,1000.0
all SubICBs,Count_WaitingForTreatment0to12weeks,1205.0
all SubICBs,Count_WaitingForTreatment0to18weeks,1265.0
all SubICBs,Count_WaitingForTreatmentOver18weeks,215.0
all SubICBs,Count_WaitingForTreatmentOver90days,260.0
all SubICBs,Count_WaitingForAssessment,815.0
all SubICBs,Count_WaitingForAssessmentOver90days,60.0
all SubICBs,Count_WaitingForTreatment,815.0
all SubICBs,Count_WaitingForTreatment0to2weeks,425.0
all SubICBs,Count_WaitingForTreatment0to4weeks,570.0
all SubICBs,Count_WaitingForTreatment0to6weeks,660.0
all SubICBs,Count_WaitingForTreatment0to12weeks,755.0
all SubICBs,Count_WaitingForTreatment0to18weeks,785.0
all SubICBs,Count_WaitingForTreatmentOver18weeks,30.0
all SubICBs,Count_WaitingForTreatmentOver90days,60.0
all SubICBs,Count_WaitingForAssessment,995.0
all SubICBs,Count_WaitingForTreatment,1000.0
all SubICBs,Count_WaitingForTreatment0to2weeks,475.0
all SubICBs,Count_WaitingForTreatment0to4weeks,800.0
all SubICBs,Count_WaitingForTreatment0to6weeks,935.0
all SubICBs,Count_WaitingForTreatment0to12weeks,995.0
all SubICBs,Count_WaitingForTreatment0to18weeks,1000.0
all SubICBs,Count_WaitingForAssessment,1625.0
all SubICBs,Count_WaitingForAssessmentOver90days,265.0
all SubICBs,Count_WaitingForTreatment,1615.0
all SubICBs,Count_WaitingForTreatment0to2weeks,545.0
all SubICBs,Count_WaitingForTreatment0to4weeks,1000.0
all SubICBs,Count_WaitingForTreatment0to6weeks,1175.0
all SubICBs,Count_WaitingForTreatment0to12weeks,1350.0
all SubICBs,Count_WaitingForTreatment0to18weeks,1395.0
all SubICBs,Count_WaitingForTreatmentOver18weeks,220.0
all SubICBs,Count_WaitingForTreatmentOver90days,260.0
all SubICBs,Count_WaitingForAssessment,500.0
all SubICBs,Count_WaitingForAssessmentOver90days,125.0
all SubICBs,Count_WaitingForTreatment,930.0
all SubICBs,Count_WaitingForTreatment0to2weeks,255.0
all SubICBs,Count_WaitingForTreatment0to4weeks,370.0
all SubICBs,Count_WaitingForTreatment0to6weeks,450.0
all SubICBs,Count_WaitingForTreatment0to12weeks,600.0
all SubICBs,Count_WaitingForTreatment0to18weeks,670.0
all SubICBs,Count_WaitingForTreatmentOver18weeks,260.0
all SubICBs,Count_WaitingForTreatmentOver90days,320.0
all SubICBs,Count_WaitingForAssessment,1160.0
all SubICBs,Count_WaitingForAssessmentOver90days,10.0
all SubICBs,Count_WaitingForTreatment,1200.0
all SubICBs,Count_WaitingForTreatment0to2weeks,840.0
all SubICBs,Count_WaitingForTreatment0to4weeks,1100.0
all SubICBs,Count_WaitingForTreatment0to6weeks,1160.0
all SubICBs,Count_WaitingForTreatment0to12weeks,1190.0
all SubICBs,Count_WaitingForTreatment0to18weeks,1195.0
all SubICBs,Count_WaitingForTreatmentOver90days,5.0
all SubICBs,Count_WaitingForAssessment,4720.0
all SubICBs,Count_WaitingForAssessmentOver90days,225.0
all SubICBs,Count_WaitingForTreatment,4015.0
all SubICBs,Count_WaitingForTreatment0to2weeks,1665.0
all SubICBs,Count_WaitingForTreatment0to4weeks,2810.0
all SubICBs,Count_WaitingForTreatment0to6weeks,3485.0
all SubICBs,Count_WaitingForTreatment0to12weeks,3975.0
all SubICBs,Count_WaitingForTreatment0to18weeks,4000.0
all SubICBs,Count_WaitingForTreatmentOver18weeks,15.0
all SubICBs,Count_WaitingForTreatmentOver90days,40.0
all SubICBs,Count_WaitingForAssessment,1765.0
all SubICBs,Count_WaitingForAssessmentOver90days,80.0
all SubICBs,Count_WaitingForTreatment,1660.0
all SubICBs,Count_WaitingForTreatment0to2weeks,1100.0
all SubICBs,Count_WaitingForTreatment0to4weeks,1490.0
all SubICBs,Count_WaitingForTreatment0to6weeks,1605.0
all SubICBs,Count_WaitingForTreatment0to12weeks,1650.0
all SubICBs,Count_WaitingForTreatment0to18weeks,1655.0
all SubICBs,Count_WaitingForTreatmentOver90days,10.0
all SubICBs,Count_WaitingForAssessment,4795.0
all SubICBs,Count_WaitingForAssessmentOver90days,195.0
all SubICBs,Count_WaitingForTreatment,4630.0
all SubICBs,Count_WaitingForTreatment0to2weeks,1830.0
all SubICBs,Count_WaitingForTreatment0to4weeks,3320.0
all SubICBs,Count_WaitingForTreatment0to6weeks,4185.0
all SubICBs,Count_WaitingForTreatment0to12weeks,4575.0
all SubICBs,Count_WaitingForTreatment0to18weeks,4600.0
all SubICBs,Count_WaitingForTreatmentOver18weeks,30.0
all SubICBs,Count_WaitingForTreatmentOver90days,55.0
all SubICBs,Count_WaitingForAssessment,1260.0
all SubICBs,Count_WaitingForAssessmentOver90days,25.0
all SubICBs,Count_WaitingForTreatment,1235.0
all SubICBs,Count_WaitingForTreatment0to2weeks,520.0
all SubICBs,Count_WaitingForTreatment0to4weeks,855.0
all SubICBs,Count_WaitingForTreatment0to6weeks,1055.0
all SubICBs,Count_WaitingForTreatment0to12weeks,1220.0
all SubICBs,Count_WaitingForTreatment0to18weeks,1235.0
all SubICBs,Count_WaitingForTreatmentOver90days,15.0
all SubICBs,Count_WaitingForAssessment,960.0
all SubICBs,Count_WaitingForAssessmentOver90days,15.0
all SubICBs,Count_WaitingForTreatment,940.0
all SubICBs,Count_WaitingForTreatment0to2weeks,440.0
all SubICBs,Count_WaitingForTreatment0to4weeks,700.0
all SubICBs,Count_WaitingForTreatment0to6weeks,810.0
all SubICBs,Count_WaitingForTreatment0to12weeks,930.0
all SubICBs,Count_WaitingForTreatment0to18weeks,940.0
all SubICBs,Count_WaitingForTreatmentOver90days,5.0
all SubICBs,Count_WaitingForAssessment,1115.0
all SubICBs,Count_WaitingForAssessmentOver90days,10.0
all SubICBs,Count_WaitingForTreatment,1105.0
all SubICBs,Count_WaitingForTreatment0to2weeks,455.0
all SubICBs,Count_WaitingForTreatment0to4weeks,760.0
all SubICBs,Count_WaitingForTreatment0to6weeks,995.0
all SubICBs,Count_WaitingForTreatment0to12weeks,1100.0
all SubICBs,Count_WaitingForTreatment0to18weeks,1105.0
all SubICBs,Count_WaitingForAssessment,3240.0
all SubICBs,Count_WaitingForAssessmentOver90days,110.0
all SubICBs,Count_WaitingForTreatment,3055.0
all SubICBs,Count_WaitingForTreatment0to2weeks,1330.0
all SubICBs,Count_WaitingForTreatment0to4weeks,2430.0
all SubICBs,Count_WaitingForTreatment0to6weeks,2875.0
all SubICBs,Count_WaitingForTreatment0to12weeks,3045.0
all SubICBs,Count_WaitingForTreatment0to18weeks,3055.0
all SubICBs,Count_WaitingForTreatmentOver90days,5.0
all SubICBs,Count_WaitingForAssessment,860.0
all SubICBs,Count_WaitingForAssessmentOver90days,55.0
all SubICBs,Count_WaitingForTreatment,745.0
all SubICBs,Count_WaitingForTreatment0to2weeks,425.0
all SubICBs,Count_WaitingForTreatment0to4weeks,665.0
all SubICBs,Count_WaitingForTreatment0to6weeks,720.0
all SubICBs,Count_WaitingForTreatment0to12weeks,745.0
all SubICBs,Count_WaitingForTreatment0to18weeks,745.0
all SubICBs,Count_WaitingForAssessment,2955.0
all SubICBs,Count_WaitingForAssessmentOver90days,125.0
all SubICBs,Count_WaitingForTreatment,2850.0
all SubICBs,Count_WaitingForTreatment0to2weeks,1090.0
all SubICBs,Count_WaitingForTreatment0to4weeks,2015.0
all SubICBs,Count_WaitingForTreatment0to6weeks,2425.0
all SubICBs,Count_WaitingForTreatment0to12weeks,2790.0
all SubICBs,Count_WaitingForTreatment0to18weeks,2825.0
all SubICBs,Count_WaitingForTreatmentOver18weeks,25.0
all SubICBs,Count_WaitingForTreatmentOver90days,60.0
all SubICBs,Count_WaitingForAssessment,3235.0
all SubICBs,Count_WaitingForAssessmentOver90days,60.0
all SubICBs,Count_WaitingForTreatment,3220.0
all SubICBs,Count_WaitingForTreatment0to2weeks,955.0
all SubICBs,Count_WaitingForTreatment0to4weeks,1865.0
all SubICBs,Count_WaitingForTreatment0to6weeks,2560.0
all SubICBs,Count_WaitingForTreatment0to12weeks,3155.0
all SubICBs,Count_WaitingForTreatment0to18weeks,3200.0
all SubICBs,Count_WaitingForTreatmentOver18weeks,20.0
all SubICBs,Count_WaitingForTreatmentOver90days,55.0
all SubICBs,Count_WaitingForAssessment,2220.0
all SubICBs,Count_WaitingForAssessmentOver90days,180.0
all SubICBs,Count_WaitingForTreatment,2040.0
all SubICBs,Count_WaitingForTreatment0to2weeks,960.0
all SubICBs,Count_WaitingForTreatment0to4weeks,1520.0
all SubICBs,Count_WaitingForTreatment0to6weeks,1865.0
all SubICBs,Count_WaitingForTreatment0to12weeks,2010.0
all SubICBs,Count_WaitingForTreatment0to18weeks,2030.0
all SubICBs,Count_WaitingForTreatmentOver18weeks,15.0
all SubICBs,Count_WaitingForTreatmentOver90days,30.0
all SubICBs,Count_WaitingForAssessment,1015.0
all SubICBs,Count_WaitingForAssessmentOver90days,20.0
all SubICBs,Count_WaitingForTreatment,995.0
all SubICBs,Count_WaitingForTreatment0to2weeks,710.0
all SubICBs,Count_WaitingForTreatment0to4weeks,980.0
all SubICBs,Count_WaitingForTreatment0to6weeks,980.0
all SubICBs,Count_WaitingForTreatment0to12weeks,985.0
all SubICBs,Count_WaitingForTreatment0to18weeks,990.0
all SubICBs,Count_WaitingForTreatmentOver18weeks,5.0
all SubICBs,Count_WaitingForTreatmentOver90days,5.0
all SubICBs,Count_WaitingForAssessment,710.0
all SubICBs,Count_WaitingForAssessmentOver90days,15.0
all SubICBs,Count_WaitingForTreatment,685.0
all SubICBs,Count_WaitingForTreatment0to2weeks,355.0
all SubICBs,Count_WaitingForTreatment0to4weeks,640.0
all SubICBs,Count_WaitingForTreatment0to6weeks,675.0
all SubICBs,Count_WaitingForTreatment0to12weeks,680.0
all SubICBs,Count_WaitingForTreatment0to18weeks,685.0
all SubICBs,Count_WaitingForAssessment,1130.0
all SubICBs,Count_WaitingForAssessmentOver90days,15.0
all SubICBs,Count_WaitingForTreatment,1115.0
all SubICBs,Count_WaitingForTreatment0to2weeks,355.0
all SubICBs,Count_WaitingForTreatment0to4weeks,670.0
all SubICBs,Count_WaitingForTreatment0to6weeks,935.0
all SubICBs,Count_WaitingForTreatment0to12weeks,1105.0
all SubICBs,Count_WaitingForTreatment0to18weeks,1110.0
all SubICBs,Count_WaitingForTreatmentOver90days,5.0
all SubICBs,Count_WaitingForAssessment,320.0
all SubICBs,Count_WaitingForAssessmentOver90days,5.0
all SubICBs,Count_WaitingForTreatment,305.0
all SubICBs,Count_WaitingForTreatment0to2weeks,250.0
all SubICBs,Count_WaitingForTreatment0to4weeks,300.0
all SubICBs,Count_WaitingForTreatment0to6weeks,305.0
all SubICBs,Count_WaitingForTreatment0to12weeks,305.0
all SubICBs,Count_WaitingForTreatment0to18weeks,305.0
all SubICBs,Count_WaitingForAssessment,795.0
all SubICBs,Count_WaitingForAssessmentOver90days,10.0
all SubICBs,Count_WaitingForTreatment,785.0
all SubICBs,Count_WaitingForTreatment0to2weeks,315.0
all SubICBs,Count_WaitingForTreatment0to4weeks,590.0
all SubICBs,Count_WaitingForTreatment0to6weeks,740.0
all SubICBs,Count_WaitingForTreatment0to12weeks,780.0
all SubICBs,Count_WaitingForTreatment0to18weeks,780.0
all SubICBs,Count_WaitingForTreatmentOver90days,5.0
all SubICBs,Count_WaitingForAssessment,205.0
all SubICBs,Count_WaitingForAssessmentOver90days,20.0
all SubICBs,Count_WaitingForTreatment,200.0
all SubICBs,Count_WaitingForTreatment0to2weeks,170.0
all SubICBs,Count_WaitingForTreatment0to4weeks,180.0
all SubICBs,Count_WaitingForTreatment0to6weeks,185.0
all SubICBs,Count_WaitingForTreatment0to12weeks,185.0
all SubICBs,Count_WaitingForTreatment0to18weeks,185.0
all SubICBs,Count_WaitingForTreatmentOver18weeks,15.0
all SubICBs,Count_WaitingForTreatmentOver90days,15.0
all SubICBs,Count_WaitingForAssessment,690.0
all SubICBs,Count_WaitingForAssessmentOver90days,15.0
all SubICBs,Count_WaitingForTreatment,675.0
all SubICBs,Count_WaitingForTreatment0to2weeks,400.0
all SubICBs,Count_WaitingForTreatment0to4weeks,620.0
all SubICBs,Count_WaitingForTreatment0to6weeks,650.0
all SubICBs,Count_WaitingForTreatment0to12weeks,660.0
all SubICBs,Count_WaitingForTreatment0to18weeks,660.0
all SubICBs,Count_WaitingForTreatmentOver18weeks,15.0
all SubICBs,Count_WaitingForTreatmentOver90days,15.0
all SubICBs,Count_WaitingForAssessment,2650.0
all SubICBs,Count_WaitingForAssessmentOver90days,1065.0
all SubICBs,Count_WaitingForTreatment,2025.0
all SubICBs,Count_WaitingForTreatment0to2weeks,835.0
all SubICBs,Count_WaitingForTreatment0to4weeks,1330.0
all SubICBs,Count_WaitingForTreatment0to6weeks,1470.0
all SubICBs,Count_WaitingForTreatment0to12weeks,1565.0
all SubICBs,Count_WaitingForTreatment0to18weeks,1600.0
all SubICBs,Count_WaitingForTreatmentOver18weeks,425.0
all SubICBs,Count_WaitingForTreatmentOver90days,455.0
all SubICBs,Count_WaitingForAssessment,545.0
all SubICBs,Count_WaitingForTreatment,540.0
all SubICBs,Count_WaitingForTreatment0to2weeks,415.0
all SubICBs,Count_WaitingForTreatment0to4weeks,530.0
all SubICBs,Count_WaitingForTreatment0to6weeks,540.0
all SubICBs,Count_WaitingForTreatment0to12weeks,540.0
all SubICBs,Count_WaitingForTreatment0to18weeks,540.0
all SubICBs,Count_WaitingForAssessment,520.0
all SubICBs,Count_WaitingForAssessmentOver90days,5.0
all SubICBs,Count_WaitingForTreatment,510.0
all SubICBs,Count_WaitingForTreatment0to2weeks,290.0
all SubICBs,Count_WaitingForTreatment0to4weeks,445.0
all SubICBs,Count_WaitingForTreatment0to6weeks,490.0
all SubICBs,Count_WaitingForTreatment0to12weeks,505.0
all SubICBs,Count_WaitingForTreatment0to18weeks,510.0
all SubICBs,Count_WaitingForAssessment,360.0
all SubICBs,Count_WaitingForAssessmentOver90days,10.0
all SubICBs,Count_WaitingForTreatment,375.0
all SubICBs,Count_WaitingForTreatment0to2weeks,205.0
all SubICBs,Count_WaitingForTreatment0to4weeks,310.0
all SubICBs,Count_WaitingForTreatment0to6weeks,330.0
all SubICBs,Count_WaitingForTreatment0to12weeks,355.0
all SubICBs,Count_WaitingForTreatment0to18weeks,360.0
all SubICBs,Count_WaitingForTreatmentOver18weeks,15.0
all SubICBs,Count_WaitingForTreatmentOver90days,20.0
all SubICBs,Count_WaitingForAssessment,1120.0
all SubICBs,Count_WaitingForAssessmentOver90days,40.0
all SubICBs,Count_WaitingForTreatment,1075.0
all SubICBs,Count_WaitingForTreatment0to2weeks,635.0
all SubICBs,Count_WaitingForTreatment0to4weeks,925.0
all SubICBs,Count_WaitingForTreatment0to6weeks,990.0
all SubICBs,Count_WaitingForTreatment0to12weeks,1055.0
all SubICBs,Count_WaitingForTreatment0to18weeks,1065.0
all SubICBs,Count_WaitingForTreatmentOver18weeks,10.0
all SubICBs,Count_WaitingForTreatmentOver90days,20.0
all SubICBs,Count_WaitingForAssessment,4915.0
all SubICBs,Count_WaitingForAssessmentOver90days,90.0
all SubICBs,Count_WaitingForTreatment,4875.0
all SubICBs,Count_WaitingForTreatment0to2weeks,2020.0
all SubICBs,Count_WaitingForTreatment0to4weeks,3560.0
all SubICBs,Count_WaitingForTreatment0to6weeks,4480.0
all SubICBs,Count_WaitingForTreatment0to12weeks,4820.0
all SubICBs,Count_WaitingForTreatment0to18weeks,4840.0
all SubICBs,Count_WaitingForTreatmentOver18weeks,35.0
all SubICBs,Count_WaitingForTreatmentOver90days,50.0
all SubICBs,Count_WaitingForAssessment,925.0
all SubICBs,Count_WaitingForAssessmentOver90days,5.0
all SubICBs,Count_WaitingForTreatment,905.0
all SubICBs,Count_WaitingForTreatment0to2weeks,715.0
all SubICBs,Count_WaitingForTreatment0to4weeks,865.0
all SubICBs,Count_WaitingForTreatment0to6weeks,895.0
all SubICBs,Count_WaitingForTreatment0to12weeks,905.0
all SubICBs,Count_WaitingForTreatment0to18weeks,905.0
all SubICBs,Count_WaitingForAssessment,2900.0
all SubICBs,Count_WaitingForAssessmentOver90days,415.0
all SubICBs,Count_WaitingForTreatment,2840.0
all SubICBs,Count_WaitingForTreatment0to2weeks,850.0
all SubICBs,Count_WaitingForTreatment0to4weeks,1370.0
all SubICBs,Count_WaitingForTreatment0to6weeks,1835.0
all SubICBs,Count_WaitingForTreatment0to12weeks,2470.0
all SubICBs,Count_WaitingForTreatment0to18weeks,2590.0
all SubICBs,Count_WaitingForTreatmentOver18weeks,250.0
all SubICBs,Count_WaitingForTreatmentOver90days,360.0
all SubICBs,Count_WaitingForAssessment,1665.0
all SubICBs,Count_WaitingForAssessmentOver90days,55.0
all SubICBs,Count_WaitingForTreatment,1605.0
all SubICBs,Count_WaitingForTreatment0to2weeks,1070.0
all SubICBs,Count_WaitingForTreatment0to4weeks,1495.0
all SubICBs,Count_WaitingForTreatment0to6weeks,1555.0
all SubICBs,Count_WaitingForTreatment0to12weeks,1590.0
all SubICBs,Count_WaitingForTreatment0to18weeks,1600.0
all SubICBs,Count_WaitingForTreatmentOver18weeks,10.0
all SubICBs,Count_WaitingForTreatmentOver90days,15.0
all SubICBs,Count_WaitingForAssessment,3185.0
all SubICBs,Count_WaitingForAssessmentOver90days,20.0
all SubICBs,Count_WaitingForTreatment,3155.0
all SubICBs,Count_WaitingForTreatment0to2weeks,1490.0
all SubICBs,Count_WaitingForTreatment0to4weeks,2475.0
all SubICBs,Count_WaitingForTreatment0to6weeks,2975.0
all SubICBs,Count_WaitingForTreatment0to12weeks,3155.0
all SubICBs,Count_WaitingForTreatment0to18weeks,3155.0
all SubICBs,Count_WaitingForAssessment,655.0
all SubICBs,Count_WaitingForAssessmentOver90days,5.0
all SubICBs,Count_WaitingForTreatment,650.0
all SubICBs,Count_WaitingForTreatment0to2weeks,160.0
all SubICBs,Count_WaitingForTreatment0to4weeks,340.0
all SubICBs,Count_WaitingForTreatment0to6weeks,480.0
all SubICBs,Count_WaitingForTreatment0to12weeks,645.0
all SubICBs,Count_WaitingForTreatment0to18weeks,650.0
all SubICBs,Count_WaitingForTreatmentOver90days,5.0
all SubICBs,Count_WaitingForAssessment,1400.0
all SubICBs,Count_WaitingForAssessmentOver90days,20.0
all SubICBs,Count_WaitingForTreatment,1360.0
all SubICBs,Count_WaitingForTreatment0to2weeks,705.0
all SubICBs,Count_WaitingForTreatment0to4weeks,1190.0
all SubICBs,Count_WaitingForTreatment0to6weeks,1310.0
all SubICBs,Count_WaitingForTreatment0to12weeks,1350.0
all SubICBs,Count_WaitingForTreatment0to18weeks,1355.0
all SubICBs,Count_WaitingForTreatmentOver90days,5.0
all SubICBs,Count_WaitingForAssessment,1530.0
all SubICBs,Count_WaitingForAssessmentOver90days,5.0
all SubICBs,Count_WaitingForTreatment,1560.0
all SubICBs,Count_WaitingForTreatment0to2weeks,815.0
all SubICBs,Count_WaitingForTreatment0to4weeks,1350.0
all SubICBs,Count_WaitingForTreatment0to6weeks,1480.0
all SubICBs,Count_WaitingForTreatment0to12weeks,1555.0
all SubICBs,Count_WaitingForTreatment0to18weeks,1555.0
all SubICBs,Count_WaitingForTreatmentOver18weeks,5.0
all SubICBs,Count_WaitingForTreatmentOver90days,5.0
all SubICBs,Count_WaitingForAssessment,4945.0
all SubICBs,Count_WaitingForAssessmentOver90days,835.0
all SubICBs,Count_WaitingForTreatment,5255.0
all SubICBs,Count_WaitingForTreatment0to2weeks,1315.0
all SubICBs,Count_WaitingForTreatment0to4weeks,2440.0
all SubICBs,Count_WaitingForTreatment0to6weeks,3370.0
all SubICBs,Count_WaitingForTreatment0to12weeks,4330.0
all SubICBs,Count_WaitingForTreatment0to18weeks,4550.0
all SubICBs,Count_WaitingForTreatmentOver18weeks,705.0
all SubICBs,Count_WaitingForTreatmentOver90days,885.0
all SubICBs,Count_WaitingForAssessment,755.0
all SubICBs,Count_WaitingForAssessmentOver90days,45.0
all SubICBs,Count_WaitingForTreatment,720.0
all SubICBs,Count_WaitingForTreatment0to2weeks,275.0
all SubICBs,Count_WaitingForTreatment0to4weeks,520.0
all SubICBs,Count_WaitingForTreatment0to6weeks,665.0
all SubICBs,Count_WaitingForTreatment0to12weeks,705.0
all SubICBs,Count_WaitingForTreatment0to18weeks,705.0
all SubICBs,Count_WaitingForTreatmentOver18weeks,15.0
all SubICBs,Count_WaitingForTreatmentOver90days,15.0
all SubICBs,Count_WaitingForAssessment,45.0
all SubICBs,Count_WaitingForTreatment,45.0
all SubICBs,Count_WaitingForTreatment0to2weeks,30.0
all SubICBs,Count_WaitingForTreatment0to4weeks,40.0
all SubICBs,Count_WaitingForTreatment0to6weeks,40.0
all SubICBs,Count_WaitingForTreatment0to12weeks,45.0
all SubICBs,Count_WaitingForTreatment0to18weeks,45.0
NHS NORTH EAST AND NORTH CUMBRIA ICB - 00L,Count_WaitingForAssessment,1010.0
NHS NORTH EAST AND NORTH CUMBRIA ICB - 00L,Count_WaitingForAssessmentOver90days,25.0
NHS NORTH EAST AND NORTH CUMBRIA ICB - 00L,Count_WaitingForTreatment,965.0
NHS NORTH EAST AND NORTH CUMBRIA ICB - 00L,Count_WaitingForTreatment0to2weeks,335.0
NHS NORTH EAST AND NORTH CUMBRIA ICB - 00L,Count_WaitingForTreatment0to4weeks,620.0
NHS NORTH EAST AND NORTH CUMBRIA ICB - 00L,Count_WaitingForTreatment0to6weeks,850.0
NHS NORTH EAST AND NORTH CUMBRIA ICB - 00L,Count_WaitingForTreatment0to12weeks,965.0
NHS NORTH EAST AND NORTH CUMBRIA ICB - 00L,Count_WaitingForTreatment0to18weeks,965.0
NHS NORTH EAST AND NORTH CUMBRIA ICB - 00N,Count_WaitingForAssessment,470.0
NHS NORTH EAST AND NORTH CUMBRIA ICB - 00N,Count_WaitingForAssessmentOver90days,10.0
NHS NORTH EAST AND NORTH CUMBRIA ICB - 00N,Count_WaitingForTreatment,460.0
NHS NORTH EAST AND NORTH CUMBRIA ICB - 00N,Count_WaitingForTreatment0to2weeks,260.0
NHS NORTH EAST AND NORTH CUMBRIA ICB - 00N,Count_WaitingForTreatment0to4weeks,385.0
NHS NORTH EAST AND NORTH CUMBRIA ICB - 00N,Count_WaitingForTreatment0to6weeks,440.0
NHS NORTH EAST AND NORTH CUMBRIA ICB - 00N,Count_WaitingForTreatment0to12weeks,455.0
NHS NORTH EAST AND NORTH CUMBRIA ICB - 00N,Count_WaitingForTreatment0to18weeks,455.0
NHS NORTH EAST AND NORTH CUMBRIA ICB - 00P,Count_WaitingForAssessment,840.0
NHS NORTH EAST AND NORTH CUMBRIA ICB - 00P,Count_WaitingForAssessmentOver90days,10.0
NHS NORTH EAST AND NORTH CUMBRIA ICB - 00P,Count_WaitingForTreatment,830.0
NHS NORTH EAST AND NORTH CUMBRIA ICB - 00P,Count_WaitingForTreatment0to2weeks,345.0
NHS NORTH EAST AND NORTH CUMBRIA ICB - 00P,Count_WaitingForTreatment0to4weeks,630.0
NHS NORTH EAST AND NORTH CUMBRIA ICB - 00P,Count_WaitingForTreatment0to6weeks,775.0
NHS NORTH EAST AND NORTH CUMBRIA ICB - 00P,Count_WaitingForTreatment0to12weeks,825.0
NHS NORTH EAST AND NORTH CUMBRIA ICB - 00P,Count_WaitingForTreatment0to18weeks,825.0
NHS LANCASHIRE AND SOUTH CUMBRIA ICB - 00Q,Count_WaitingForAssessment,565.0
NHS LANCASHIRE AND SOUTH CUMBRIA ICB - 00Q,Count_WaitingForTreatment,560.0
NHS LANCASHIRE AND SOUTH CUMBRIA ICB - 00Q,Count_WaitingForTreatment0to2weeks,220.0
NHS LANCASHIRE AND SOUTH CUMBRIA ICB - 00Q,Count_WaitingForTreatment0to4weeks,435.0
NHS LANCASHIRE AND SOUTH CUMBRIA ICB - 00Q,Count_WaitingForTreatment0to6weeks,550.0
NHS LANCASHIRE AND SOUTH CUMBRIA ICB - 00Q,Count_WaitingForTreatment0to12weeks,560.0
NHS LANCASHIRE AND SOUTH CUMBRIA ICB - 00Q,Count_WaitingForTreatment0to18weeks,560.0
NHS LANCASHIRE AND SOUTH CUMBRIA ICB - 00R,Count_WaitingForAssessment,360.0
NHS LANCASHIRE AND SOUTH CUMBRIA ICB - 00R,Count_WaitingForAssessmentOver90days,10.0
NHS LANCASHIRE AND SOUTH CUMBRIA ICB - 00R,Count_WaitingForTreatment,375.0
NHS LANCASHIRE AND SOUTH CUMBRIA ICB - 00R,Count_WaitingForTreatment0to2weeks,205.0
NHS LANCASHIRE AND SOUTH CUMBRIA ICB - 00R,Count_WaitingForTreatment0to4weeks,310.0
NHS LANCASHIRE AND SOUTH CUMBRIA ICB - 00R,Count_WaitingForTreatment0to6weeks,330.0
NHS LANCASHIRE AND SOUTH CUMBRIA ICB - 00R,Count_WaitingForTreatment0to12weeks,355.0
NHS LANCASHIRE AND SOUTH CUMBRIA ICB - 00R,Count_WaitingForTreatment0to18weeks,365.0
NHS LANCASHIRE AND SOUTH CUMBRIA ICB - 00R,Count_WaitingForTreatmentOver18weeks,15.0
NHS LANCASHIRE AND SOUTH CUMBRIA ICB - 00R,Count_WaitingForTreatmentOver90days,20.0
NHS GREATER MANCHESTER ICB - 00T,Count_WaitingForAssessment,1000.0
NHS GREATER MANCHESTER ICB - 00T,Count_WaitingForAssessmentOver90days,65.0
NHS GREATER MANCHESTER ICB - 00T,Count_WaitingForTreatment,990.0
NHS GREATER MANCHESTER ICB - 00T,Count_WaitingForTreatment0to2weeks,335.0
NHS GREATER MANCHESTER ICB - 00T,Count_WaitingForTreatment0to4weeks,635.0
NHS GREATER MANCHESTER ICB - 00T,Count_WaitingForTreatment0to6weeks,850.0
NHS GREATER MANCHESTER ICB - 00T,Count_WaitingForTreatment0to12weeks,935.0
NHS GREATER MANCHESTER ICB - 00T,Count_WaitingForTreatment0to18weeks,960.0
NHS GREATER MANCHESTER ICB - 00T,Count_WaitingForTreatmentOver18weeks,30.0
NHS GREATER MANCHESTER ICB - 00T,Count_WaitingForTreatmentOver90days,50.0
NHS GREATER MANCHESTER ICB - 00V,Count_WaitingForAssessment,585.0
NHS GREATER MANCHESTER ICB - 00V,Count_WaitingForAssessmentOver90days,10.0
NHS GREATER MANCHESTER ICB - 00V,Count_WaitingForTreatment,585.0
NHS GREATER MANCHESTER ICB - 00V,Count_WaitingForTreatment0to2weeks,245.0
NHS GREATER MANCHESTER ICB - 00V,Count_WaitingForTreatment0to4weeks,405.0
NHS GREATER MANCHESTER ICB - 00V,Count_WaitingForTreatment0to6weeks,515.0
NHS GREATER MANCHESTER ICB - 00V,Count_WaitingForTreatment0to12weeks,575.0
NHS GREATER MANCHESTER ICB - 00V,Count_WaitingForTreatment0to18weeks,580.0
NHS GREATER MANCHESTER ICB - 00V,Count_WaitingForTreatmentOver18weeks,5.0
NHS GREATER MANCHESTER ICB - 00V,Count_WaitingForTreatmentOver90days,15.0
NHS LANCASHIRE AND SOUTH CUMBRIA ICB - 00X,Count_WaitingForAssessment,530.0
NHS LANCASHIRE AND SOUTH CUMBRIA ICB - 00X,Count_WaitingForAssessmentOver90days,25.0
NHS LANCASHIRE AND SOUTH CUMBRIA ICB - 00X,Count_WaitingForTreatment,515.0
NHS LANCASHIRE AND SOUTH CUMBRIA ICB - 00X,Count_WaitingForTreatment0to2weeks,240.0
NHS LANCASHIRE AND SOUTH CUMBRIA ICB - 00X,Count_WaitingForTreatment0to4weeks,385.0
NHS LANCASHIRE AND SOUTH CUMBRIA ICB - 00X,Count_WaitingForTreatment0to6weeks,465.0
NHS LANCASHIRE AND SOUTH CUMBRIA ICB - 00X,Count_WaitingForTreatment0to12weeks,505.0
NHS LANCASHIRE AND SOUTH CUMBRIA ICB - 00X,Count_WaitingForTreatment0to18weeks,515.0
NHS LANCASHIRE AND SOUTH CUMBRIA ICB - 00X,Count_WaitingForTreatmentOver90days,10.0
NHS GREATER MANCHESTER ICB - 00Y,Count_WaitingForAssessment,905.0
NHS GREATER MANCHESTER ICB - 00Y,Count_WaitingForAssessmentOver90days,325.0
NHS GREATER MANCHESTER ICB - 00Y,Count_WaitingForTreatment,890.0
NHS GREATER MANCHESTER ICB - 00Y,Count_WaitingForTreatment0to2weeks,305.0
NHS GREATER MANCHESTER ICB - 00Y,Count_WaitingForTreatment0to4weeks,465.0
NHS GREATER MANCHESTER ICB - 00Y,Count_WaitingForTreatment0to6weeks,505.0
NHS GREATER MANCHESTER ICB - 00Y,Count_WaitingForTreatment0to12weeks,540.0
NHS GREATER MANCHESTER ICB - 00Y,Count_WaitingForTreatment0to18weeks,555.0
NHS GREATER MANCHESTER ICB - 00Y,Count_WaitingForTreatmentOver18weeks,335.0
NHS GREATER MANCHESTER ICB - 00Y,Count_WaitingForTreatmentOver90days,345.0
NHS LANCASHIRE AND SOUTH CUMBRIA ICB - 01A,Count_WaitingForAssessment,1235.0
NHS LANCASHIRE AND SOUTH CUMBRIA ICB - 01A,Count_WaitingForAssessmentOver90days,60.0
NHS LANCASHIRE AND SOUTH CUMBRIA ICB - 01A,Count_WaitingForTreatment,1180.0
NHS LANCASHIRE AND SOUTH CUMBRIA ICB - 01A,Count_WaitingForTreatment0to2weeks,500.0
NHS LANCASHIRE AND SOUTH CUMBRIA ICB - 01A,Count_WaitingForTreatment0to4weeks,875.0
NHS LANCASHIRE AND SOUTH CUMBRIA ICB - 01A,Count_WaitingForTreatment0to6weeks,1055.0
NHS LANCASHIRE AND SOUTH CUMBRIA ICB - 01A,Count_WaitingForTreatment0to12weeks,1160.0
NHS LANCASHIRE AND SOUTH CUMBRIA ICB - 01A,Count_WaitingForTreatment0to18weeks,1165.0
NHS LANCASHIRE AND SOUTH CUMBRIA ICB - 01A,Count_WaitingForTreatmentOver18weeks,15.0
NHS LANCASHIRE AND SOUTH CUMBRIA ICB - 01A,Count_WaitingForTreatmentOver90days,20.0
NHS GREATER MANCHESTER ICB - 01D,Count_WaitingForAssessment,1210.0
NHS GREATER MANCHESTER ICB - 01D,Count_WaitingForAssessmentOver90days,65.0
NHS GREATER MANCHESTER ICB - 01D,Count_WaitingForTreatment,1210.0
NHS GREATER MANCHESTER ICB - 01D,Count_WaitingForTreatment0to2weeks,270.0
NHS GREATER MANCHESTER ICB - 01D,Count_WaitingForTreatment0to4weeks,510.0
NHS GREATER MANCHESTER ICB - 01D,Count_WaitingForTreatment0to6weeks,795.0
NHS GREATER MANCHESTER ICB - 01D,Count_WaitingForTreatment0to12weeks,1135.0
NHS GREATER MANCHESTER ICB - 01D,Count_WaitingForTreatment0to18weeks,1175.0
NHS GREATER MANCHESTER ICB - 01D,Count_WaitingForTreatmentOver18weeks,35.0
NHS GREATER MANCHESTER ICB - 01D,Count_WaitingForTreatmentOver90days,70.0
NHS LANCASHIRE AND SOUTH CUMBRIA ICB - 01E,Count_WaitingForAssessment,720.0
NHS LANCASHIRE AND SOUTH CUMBRIA ICB - 01E,Count_WaitingForAssessmentOver90days,40.0
NHS LANCASHIRE AND SOUTH CUMBRIA ICB - 01E,Count_WaitingForTreatment,685.0
NHS LANCASHIRE AND SOUTH CUMBRIA ICB - 01E,Count_WaitingForTreatment0to2weeks,290.0
NHS LANCASHIRE AND SOUTH CUMBRIA ICB - 01E,Count_WaitingForTreatment0to4weeks,495.0
NHS LANCASHIRE AND SOUTH CUMBRIA ICB - 01E,Count_WaitingForTreatment0to6weeks,615.0
NHS LANCASHIRE AND SOUTH CUMBRIA ICB - 01E,Count_WaitingForTreatment0to12weeks,675.0
NHS LANCASHIRE AND SOUTH CUMBRIA ICB - 01E,Count_WaitingForTreatment0to18weeks,680.0
NHS LANCASHIRE AND SOUTH CUMBRIA ICB - 01E,Count_WaitingForTreatmentOver18weeks,5.0
NHS LANCASHIRE AND SOUTH CUMBRIA ICB - 01E,Count_WaitingForTreatmentOver90days,10.0
NHS CHESHIRE AND MERSEYSIDE ICB - 01F,Count_WaitingForAssessment,270.0
NHS CHESHIRE AND MERSEYSIDE ICB - 01F,Count_WaitingForAssessmentOver90days,10.0
NHS CHESHIRE AND MERSEYSIDE ICB - 01F,Count_WaitingForTreatment,260.0
NHS CHESHIRE AND MERSEYSIDE ICB - 01F,Count_WaitingForTreatment0to2weeks,180.0
NHS CHESHIRE AND MERSEYSIDE ICB - 01F,Count_WaitingForTreatment0to4weeks,245.0
NHS CHESHIRE AND MERSEYSIDE ICB - 01F,Count_WaitingForTreatment0to6weeks,255.0
NHS CHESHIRE AND MERSEYSIDE ICB - 01F,Count_WaitingForTreatment0to12weeks,260.0
NHS CHESHIRE AND MERSEYSIDE ICB - 01F,Count_WaitingForTreatment0to18weeks,260.0
NHS GREATER MANCHESTER ICB - 01G,Count_WaitingForAssessment,1855.0
NHS GREATER MANCHESTER ICB - 01G,Count_WaitingForAssessmentOver90days,45.0
NHS GREATER MANCHESTER ICB - 01G,Count_WaitingForTreatment,1870.0
NHS GREATER MANCHESTER ICB - 01G,Count_WaitingForTreatment0to2weeks,865.0
NHS GREATER MANCHESTER ICB - 01G,Count_WaitingForTreatment0to4weeks,1365.0
NHS GREATER MANCHESTER ICB - 01G,Count_WaitingForTreatment0to6weeks,1625.0
NHS GREATER MANCHESTER ICB - 01G,Count_WaitingForTreatment0to12weeks,1820.0
NHS GREATER MANCHESTER ICB - 01G,Count_WaitingForTreatment0to18weeks,1830.0
NHS GREATER MANCHESTER ICB - 01G,Count_WaitingForTreatmentOver18weeks,40.0
NHS GREATER MANCHESTER ICB - 01G,Count_WaitingForTreatmentOver90days,55.0
NHS NORTH EAST AND NORTH CUMBRIA ICB - 01H,Count_WaitingForAssessment,320.0
NHS NORTH EAST AND NORTH CUMBRIA ICB - 01H,Count_WaitingForAssessmentOver90days,5.0
NHS NORTH EAST AND NORTH CUMBRIA ICB - 01H,Count_WaitingForTreatment,305.0
NHS NORTH EAST AND NORTH CUMBRIA ICB - 01H,Count_WaitingForTreatment0to2weeks,250.0
NHS NORTH EAST AND NORTH CUMBRIA ICB - 01H,Count_WaitingForTreatment0to4weeks,300.0
NHS NORTH EAST AND NORTH CUMBRIA ICB - 01H,Count_WaitingForTreatment0to6weeks,305.0
NHS NORTH EAST AND NORTH CUMBRIA ICB - 01H,Count_WaitingForTreatment0to12weeks,305.0
NHS NORTH EAST AND NORTH CUMBRIA ICB - 01H,Count_WaitingForTreatment0to18weeks,305.0
NHS CHESHIRE AND MERSEYSIDE ICB - 01J,Count_WaitingForAssessment,275.0
NHS CHESHIRE AND MERSEYSIDE ICB - 01J,Count_WaitingForAssessmentOver90days,15.0
NHS CHESHIRE AND MERSEYSIDE ICB - 01J,Count_WaitingForTreatment,260.0
NHS CHESHIRE AND MERSEYSIDE ICB - 01J,Count_WaitingForTreatment0to2weeks,195.0
NHS CHESHIRE AND MERSEYSIDE ICB - 01J,Count_WaitingForTreatment0to4weeks,240.0
NHS CHESHIRE AND MERSEYSIDE ICB - 01J,Count_WaitingForTreatment0to6weeks,250.0
NHS CHESHIRE AND MERSEYSIDE ICB - 01J,Count_WaitingForTreatment0to12weeks,255.0
NHS CHESHIRE AND MERSEYSIDE ICB - 01J,Count_WaitingForTreatment0to18weeks,260.0
NHS LANCASHIRE AND SOUTH CUMBRIA ICB - 01K,Count_WaitingForAssessment,1205.0
NHS LANCASHIRE AND SOUTH CUMBRIA ICB - 01K,Count_WaitingForAssessmentOver90days,50.0
NHS LANCASHIRE AND SOUTH CUMBRIA ICB - 01K,Count_WaitingForTreatment,1165.0
NHS LANCASHIRE AND SOUTH CUMBRIA ICB - 01K,Count_WaitingForTreatment0to2weeks,365.0
NHS LANCASHIRE AND SOUTH CUMBRIA ICB - 01K,Count_WaitingForTreatment0to4weeks,745.0
NHS LANCASHIRE AND SOUTH CUMBRIA ICB - 01K,Count_WaitingForTreatment0to6weeks,1025.0
NHS LANCASHIRE AND SOUTH CUMBRIA ICB - 01K,Count_WaitingForTreatment0to12weeks,1145.0
NHS LANCASHIRE AND SOUTH CUMBRIA ICB - 01K,Count_WaitingForTreatment0to18weeks,1155.0
NHS LANCASHIRE AND SOUTH CUMBRIA ICB - 01K,Count_WaitingForTreatmentOver18weeks,10.0
NHS LANCASHIRE AND SOUTH CUMBRIA ICB - 01K,Count_WaitingForTreatmentOver90days,15.0
NHS CHESHIRE AND MERSEYSIDE ICB - 01T,Count_WaitingForAssessment,470.0
NHS CHESHIRE AND MERSEYSIDE ICB - 01T,Count_WaitingForAssessmentOver90days,25.0
NHS CHESHIRE AND MERSEYSIDE ICB - 01T,Count_WaitingForTreatment,450.0
NHS CHESHIRE AND MERSEYSIDE ICB - 01T,Count_WaitingForTreatment0to2weeks,165.0
NHS CHESHIRE AND MERSEYSIDE ICB - 01T,Count_WaitingForTreatment0to4weeks,320.0
NHS CHESHIRE AND MERSEYSIDE ICB - 01T,Count_WaitingForTreatment0to6weeks,415.0
NHS CHESHIRE AND MERSEYSIDE ICB - 01T,Count_WaitingForTreatment0to12weeks,440.0
NHS CHESHIRE AND MERSEYSIDE ICB - 01T,Count_WaitingForTreatment0to18weeks,440.0
NHS CHESHIRE AND MERSEYSIDE ICB - 01T,Count_WaitingForTreatmentOver18weeks,5.0
NHS CHESHIRE AND MERSEYSIDE ICB - 01T,Count_WaitingForTreatmentOver90days,5.0
NHS CHESHIRE AND MERSEYSIDE ICB - 01V,Count_WaitingForAssessment,295.0
NHS CHESHIRE AND MERSEYSIDE ICB - 01V,Count_WaitingForAssessmentOver90days,25.0
NHS CHESHIRE AND MERSEYSIDE ICB - 01V,Count_WaitingForTreatment,275.0
NHS CHESHIRE AND MERSEYSIDE ICB - 01V,Count_WaitingForTreatment0to2weeks,110.0
NHS CHESHIRE AND MERSEYSIDE ICB - 01V,Count_WaitingForTreatment0to4weeks,200.0
NHS CHESHIRE AND MERSEYSIDE ICB - 01V,Count_WaitingForTreatment0to6weeks,255.0
NHS CHESHIRE AND MERSEYSIDE ICB - 01V,Count_WaitingForTreatment0to12weeks,265.0
NHS CHESHIRE AND MERSEYSIDE ICB - 01V,Count_WaitingForTreatment0to18weeks,265.0
NHS CHESHIRE AND MERSEYSIDE ICB - 01V,Count_WaitingForTreatmentOver18weeks,10.0
NHS CHESHIRE AND MERSEYSIDE ICB - 01V,Count_WaitingForTreatmentOver90days,10.0
NHS GREATER MANCHESTER ICB - 01W,Count_WaitingForAssessment,1535.0
NHS GREATER MANCHESTER ICB - 01W,Count_WaitingForAssessmentOver90days,25.0
NHS GREATER MANCHESTER ICB - 01W,Count_WaitingForTreatment,1530.0
NHS GREATER MANCHESTER ICB - 01W,Count_WaitingForTreatment0to2weeks,490.0
NHS GREATER MANCHESTER ICB - 01W,Count_WaitingForTreatment0to4weeks,960.0
NHS GREATER MANCHESTER ICB - 01W,Count_WaitingForTreatment0to6weeks,1270.0
NHS GREATER MANCHESTER ICB - 01W,Count_WaitingForTreatment0to12weeks,1505.0
NHS GREATER MANCHESTER ICB - 01W,Count_WaitingForTreatment0to18weeks,1520.0
NHS GREATER MANCHESTER ICB - 01W,Count_WaitingForTreatmentOver18weeks,15.0
NHS GREATER MANCHESTER ICB - 01W,Count_WaitingForTreatmentOver90days,25.0
NHS CHESHIRE AND MERSEYSIDE ICB - 01X,Count_WaitingForAssessment,205.0
NHS CHESHIRE AND MERSEYSIDE ICB - 01X,Count_WaitingForAssessmentOver90days,15.0
NHS CHESHIRE AND MERSEYSIDE ICB - 01X,Count_WaitingForTreatment,195.0
NHS CHESHIRE AND MERSEYSIDE ICB - 01X,Count_WaitingForTreatment0to2weeks,170.0
NHS CHESHIRE AND MERSEYSIDE ICB - 01X,Count_WaitingForTreatment0to4weeks,185.0
NHS CHESHIRE AND MERSEYSIDE ICB - 01X,Count_WaitingForTreatment0to6weeks,185.0
NHS CHESHIRE AND MERSEYSIDE ICB - 01X,Count_WaitingForTreatment0to12weeks,190.0
NHS CHESHIRE AND MERSEYSIDE ICB - 01X,Count_WaitingForTreatment0to18weeks,190.0
NHS CHESHIRE AND MERSEYSIDE ICB - 01X,Count_WaitingForTreatmentOver18weeks,5.0
NHS CHESHIRE AND MERSEYSIDE ICB - 01X,Count_WaitingForTreatmentOver90days,5.0
NHS GREATER MANCHESTER ICB - 01Y,Count_WaitingForAssessment,605.0
NHS GREATER MANCHESTER ICB - 01Y,Count_WaitingForAssessmentOver90days,5.0
NHS GREATER MANCHESTER ICB - 01Y,Count_WaitingForTreatment,620.0
NHS GREATER MANCHESTER ICB - 01Y,Count_WaitingForTreatment0to2weeks,315.0
NHS GREATER MANCHESTER ICB - 01Y,Count_WaitingForTreatment0to4weeks,495.0
NHS GREATER MANCHESTER ICB - 01Y,Count_WaitingForTreatment0to6weeks,565.0
NHS GREATER MANCHESTER ICB - 01Y,Count_WaitingForTreatment0to12weeks,605.0
NHS GREATER MANCHESTER ICB - 01Y,Count_WaitingForTreatment0to18weeks,610.0
NHS GREATER MANCHESTER ICB - 01Y,Count_WaitingForTreatmentOver18weeks,5.0
NHS GREATER MANCHESTER ICB - 01Y,Count_WaitingForTreatmentOver90days,10.0
NHS GREATER MANCHESTER ICB - 02A,Count_WaitingForAssessment,1040.0
NHS GREATER MANCHESTER ICB - 02A,Count_WaitingForAssessmentOver90days,20.0
NHS GREATER MANCHESTER ICB - 02A,Count_WaitingForTreatment,1040.0
NHS GREATER MANCHESTER ICB - 02A,Count_WaitingForTreatment0to2weeks,355.0
NHS GREATER MANCHESTER ICB - 02A,Count_WaitingForTreatment0to4weeks,690.0
NHS GREATER MANCHESTER ICB - 02A,Count_WaitingForTreatment0to6weeks,940.0
NHS GREATER MANCHESTER ICB - 02A,Count_WaitingForTreatment0to12weeks,1020.0
NHS GREATER MANCHESTER ICB - 02A,Count_WaitingForTreatment0to18weeks,1030.0
NHS GREATER MANCHESTER ICB - 02A,Count_WaitingForTreatmentOver18weeks,10.0
NHS GREATER MANCHESTER ICB - 02A,Count_WaitingForTreatmentOver90days,20.0
NHS CHESHIRE AND MERSEYSIDE ICB - 02E,Count_WaitingForAssessment,440.0
NHS CHESHIRE AND MERSEYSIDE ICB - 02E,Count_WaitingForAssessmentOver90days,10.0
NHS CHESHIRE AND MERSEYSIDE ICB - 02E,Count_WaitingForTreatment,430.0
NHS CHESHIRE AND MERSEYSIDE ICB - 02E,Count_WaitingForTreatment0to2weeks,170.0
NHS CHESHIRE AND MERSEYSIDE ICB - 02E,Count_WaitingForTreatment0to4weeks,340.0
NHS CHESHIRE AND MERSEYSIDE ICB - 02E,Count_WaitingForTreatment0to6weeks,390.0
NHS CHESHIRE AND MERSEYSIDE ICB - 02E,Count_WaitingForTreatment0to12weeks,425.0
NHS CHESHIRE AND MERSEYSIDE ICB - 02E,Count_WaitingForTreatment0to18weeks,425.0
NHS CHESHIRE AND MERSEYSIDE ICB - 02E,Count_WaitingForTreatmentOver90days,5.0
NHS LANCASHIRE AND SOUTH CUMBRIA ICB - 02G,Count_WaitingForAssessment,280.0
NHS LANCASHIRE AND SOUTH CUMBRIA ICB - 02G,Count_WaitingForAssessmentOver90days,10.0
NHS LANCASHIRE AND SOUTH CUMBRIA ICB - 02G,Count_WaitingForTreatment,275.0
NHS LANCASHIRE AND SOUTH CUMBRIA ICB - 02G,Count_WaitingForTreatment0to2weeks,165.0
NHS LANCASHIRE AND SOUTH CUMBRIA ICB - 02G,Count_WaitingForTreatment0to4weeks,230.0
NHS LANCASHIRE AND SOUTH CUMBRIA ICB - 02G,Count_WaitingForTreatment0to6weeks,260.0
NHS LANCASHIRE AND SOUTH CUMBRIA ICB - 02G,Count_WaitingForTreatment0to12weeks,270.0
NHS LANCASHIRE AND SOUTH CUMBRIA ICB - 02G,Count_WaitingForTreatment0to18weeks,270.0
NHS LANCASHIRE AND SOUTH CUMBRIA ICB - 02G,Count_WaitingForTreatmentOver90days,5.0
NHS GREATER MANCHESTER ICB - 02H,Count_WaitingForAssessment,2105.0
NHS GREATER MANCHESTER ICB - 02H,Count_WaitingForAssessmentOver90days,755.0
NHS GREATER MANCHESTER ICB - 02H,Count_WaitingForTreatment,2095.0
NHS GREATER MANCHESTER ICB - 02H,Count_WaitingForTreatment0to2weeks,445.0
NHS GREATER MANCHESTER ICB - 02H,Count_WaitingForTreatment0to4weeks,880.0
NHS GREATER MANCHESTER ICB - 02H,Count_WaitingForTreatment0to6weeks,1225.0
NHS GREATER MANCHESTER ICB - 02H,Count_WaitingForTreatment0to12weeks,1350.0
NHS GREATER MANCHESTER ICB - 02H,Count_WaitingForTreatment0to18weeks,1355.0
NHS GREATER MANCHESTER ICB - 02H,Count_WaitingForTreatmentOver18weeks,745.0
NHS GREATER MANCHESTER ICB - 02H,Count_WaitingForTreatmentOver90days,745.0
NHS LANCASHIRE AND SOUTH CUMBRIA ICB - 02M,Count_WaitingForAssessment,690.0
NHS LANCASHIRE AND SOUTH CUMBRIA ICB - 02M,Count_WaitingForAssessmentOver90days,185.0
NHS LANCASHIRE AND SOUTH CUMBRIA ICB - 02M,Count_WaitingForTreatment,630.0
NHS LANCASHIRE AND SOUTH CUMBRIA ICB - 02M,Count_WaitingForTreatment0to2weeks,180.0
NHS LANCASHIRE AND SOUTH CUMBRIA ICB - 02M,Count_WaitingForTreatment0to4weeks,345.0
NHS LANCASHIRE AND SOUTH CUMBRIA ICB - 02M,Count_WaitingForTreatment0to6weeks,440.0
NHS LANCASHIRE AND SOUTH CUMBRIA ICB - 02M,Count_WaitingForTreatment0to12weeks,500.0
NHS LANCASHIRE AND SOUTH CUMBRIA ICB - 02M,Count_WaitingForTreatment0to18weeks,510.0
NHS LANCASHIRE AND SOUTH CUMBRIA ICB - 02M,Count_WaitingForTreatmentOver18weeks,120.0
NHS LANCASHIRE AND SOUTH CUMBRIA ICB - 02M,Count_WaitingForTreatmentOver90days,130.0
NHS SOUTH YORKSHIRE ICB - 02P,Count_WaitingForAssessment,525.0
NHS SOUTH YORKSHIRE ICB - 02P,Count_WaitingForAssessmentOver90days,5.0
NHS SOUTH YORKSHIRE ICB - 02P,Count_WaitingForTreatment,515.0
NHS SOUTH YORKSHIRE ICB - 02P,Count_WaitingForTreatment0to2weeks,295.0
NHS SOUTH YORKSHIRE ICB - 02P,Count_WaitingForTreatment0to4weeks,450.0
NHS SOUTH YORKSHIRE ICB - 02P,Count_WaitingForTreatment0to6weeks,495.0
NHS SOUTH YORKSHIRE ICB - 02P,Count_WaitingForTreatment0to12weeks,515.0
NHS SOUTH YORKSHIRE ICB - 02P,Count_WaitingForTreatment0to18weeks,515.0
NHS NOTTINGHAM AND NOTTINGHAMSHIRE ICB - 02Q,Count_WaitingForAssessment,320.0
NHS NOTTINGHAM AND NOTTINGHAMSHIRE ICB - 02Q,Count_WaitingForTreatment,315.0
NHS NOTTINGHAM AND NOTTINGHAMSHIRE ICB - 02Q,Count_WaitingForTreatment0to2weeks,145.0
NHS NOTTINGHAM AND NOTTINGHAMSHIRE ICB - 02Q,Count_WaitingForTreatment0to4weeks,235.0
NHS NOTTINGHAM AND NOTTINGHAMSHIRE ICB - 02Q,Count_WaitingForTreatment0to6weeks,300.0
NHS NOTTINGHAM AND NOTTINGHAMSHIRE ICB - 02Q,Count_WaitingForTreatment0to12weeks,315.0
NHS NOTTINGHAM AND NOTTINGHAMSHIRE ICB - 02Q,Count_WaitingForTreatment0to18weeks,315.0
NHS WEST YORKSHIRE ICB - 02T,Count_WaitingForAssessment,460.0
NHS WEST YORKSHIRE ICB - 02T,Count_WaitingForTreatment,460.0
NHS WEST YORKSHIRE ICB - 02T,Count_WaitingForTreatment0to2weeks,230.0
NHS WEST YORKSHIRE ICB - 02T,Count_WaitingForTreatment0to4weeks,425.0
NHS WEST YORKSHIRE ICB - 02T,Count_WaitingForTreatment0to6weeks,460.0
NHS WEST YORKSHIRE ICB - 02T,Count_WaitingForTreatment0to12weeks,460.0
NHS WEST YORKSHIRE ICB - 02T,Count_WaitingForTreatment0to18weeks,460.0
NHS SOUTH YORKSHIRE ICB - 02X,Count_WaitingForAssessment,1200.0
NHS SOUTH YORKSHIRE ICB - 02X,Count_WaitingForAssessmentOver90days,390.0
NHS SOUTH YORKSHIRE ICB - 02X,Count_WaitingForTreatment,925.0
NHS SOUTH YORKSHIRE ICB - 02X,Count_WaitingForTreatment0to2weeks,355.0
NHS SOUTH YORKSHIRE ICB - 02X,Count_WaitingForTreatment0to4weeks,660.0
NHS SOUTH YORKSHIRE ICB - 02X,Count_WaitingForTreatment0to6weeks,740.0
NHS SOUTH YORKSHIRE ICB - 02X,Count_WaitingForTreatment0to12weeks,800.0
NHS SOUTH YORKSHIRE ICB - 02X,Count_WaitingForTreatment0to18weeks,815.0
NHS SOUTH YORKSHIRE ICB - 02X,Count_WaitingForTreatmentOver18weeks,110.0
NHS SOUTH YORKSHIRE ICB - 02X,Count_WaitingForTreatmentOver90days,125.0
NHS HUMBER AND NORTH YORKSHIRE ICB - 02Y,Count_WaitingForAssessment,505.0
NHS HUMBER AND NORTH YORKSHIRE ICB - 02Y,Count_WaitingForAssessmentOver90days,125.0
NHS HUMBER AND NORTH YORKSHIRE ICB - 02Y,Count_WaitingForTreatment,930.0
NHS HUMBER AND NORTH YORKSHIRE ICB - 02Y,Count_WaitingForTreatment0to2weeks,260.0
NHS HUMBER AND NORTH YORKSHIRE ICB - 02Y,Count_WaitingForTreatment0to4weeks,370.0
NHS HUMBER AND NORTH YORKSHIRE ICB - 02Y,Count_WaitingForTreatment0to6weeks,455.0
NHS HUMBER AND NORTH YORKSHIRE ICB - 02Y,Count_WaitingForTreatment0to12weeks,600.0
NHS HUMBER AND NORTH YORKSHIRE ICB - 02Y,Count_WaitingForTreatment0to18weeks,670.0
NHS HUMBER AND NORTH YORKSHIRE ICB - 02Y,Count_WaitingForTreatmentOver18weeks,260.0
NHS HUMBER AND NORTH YORKSHIRE ICB - 02Y,Count_WaitingForTreatmentOver90days,320.0
NHS HUMBER AND NORTH YORKSHIRE ICB - 03F,Count_WaitingForAssessment,310.0
NHS HUMBER AND NORTH YORKSHIRE ICB - 03F,Count_WaitingForAssessmentOver90days,5.0
NHS HUMBER AND NORTH YORKSHIRE ICB - 03F,Count_WaitingForTreatment,305.0
NHS HUMBER AND NORTH YORKSHIRE ICB - 03F,Count_WaitingForTreatment0to2weeks,270.0
NHS HUMBER AND NORTH YORKSHIRE ICB - 03F,Count_WaitingForTreatment0to4weeks,285.0
NHS HUMBER AND NORTH YORKSHIRE ICB - 03F,Count_WaitingForTreatment0to6weeks,295.0
NHS HUMBER AND NORTH YORKSHIRE ICB - 03F,Count_WaitingForTreatment0to12weeks,305.0
NHS HUMBER AND NORTH YORKSHIRE ICB - 03F,Count_WaitingForTreatment0to18weeks,305.0
NHS HUMBER AND NORTH YORKSHIRE ICB - 03H,Count_WaitingForAssessment,475.0
NHS HUMBER AND NORTH YORKSHIRE ICB - 03H,Count_WaitingForAssessmentOver90days,60.0
NHS HUMBER AND NORTH YORKSHIRE ICB - 03H,Count_WaitingForTreatment,465.0
NHS HUMBER AND NORTH YORKSHIRE ICB - 03H,Count_WaitingForTreatment0to2weeks,205.0
NHS HUMBER AND NORTH YORKSHIRE ICB - 03H,Count_WaitingForTreatment0to4weeks,305.0
NHS HUMBER AND NORTH YORKSHIRE ICB - 03H,Count_WaitingForTreatment0to6weeks,350.0
NHS HUMBER AND NORTH YORKSHIRE ICB - 03H,Count_WaitingForTreatment0to12weeks,405.0
NHS HUMBER AND NORTH YORKSHIRE ICB - 03H,Count_WaitingForTreatment0to18weeks,430.0
NHS HUMBER AND NORTH YORKSHIRE ICB - 03H,Count_WaitingForTreatmentOver18weeks,35.0
NHS HUMBER AND NORTH YORKSHIRE ICB - 03H,Count_WaitingForTreatmentOver90days,55.0
NHS HUMBER AND NORTH YORKSHIRE ICB - 03K,Count_WaitingForAssessment,470.0
NHS HUMBER AND NORTH YORKSHIRE ICB - 03K,Count_WaitingForAssessmentOver90days,230.0
NHS HUMBER AND NORTH YORKSHIRE ICB - 03K,Count_WaitingForTreatment,330.0
NHS HUMBER AND NORTH YORKSHIRE ICB - 03K,Count_WaitingForTreatment0to2weeks,175.0
NHS HUMBER AND NORTH YORKSHIRE ICB - 03K,Count_WaitingForTreatment0to4weeks,220.0
NHS HUMBER AND NORTH YORKSHIRE ICB - 03K,Count_WaitingForTreatment0to6weeks,230.0
NHS HUMBER AND NORTH YORKSHIRE ICB - 03K,Count_WaitingForTreatment0to12weeks,235.0
NHS HUMBER AND NORTH YORKSHIRE ICB - 03K,Count_WaitingForTreatment0to18weeks,245.0
NHS HUMBER AND NORTH YORKSHIRE ICB - 03K,Count_WaitingForTreatmentOver18weeks,90.0
NHS HUMBER AND NORTH YORKSHIRE ICB - 03K,Count_WaitingForTreatmentOver90days,95.0
NHS SOUTH YORKSHIRE ICB - 03L,Count_WaitingForAssessment,1010.0
NHS SOUTH YORKSHIRE ICB - 03L,Count_WaitingForAssessmentOver90days,440.0
NHS SOUTH YORKSHIRE ICB - 03L,Count_WaitingForTreatment,805.0
NHS SOUTH YORKSHIRE ICB - 03L,Count_WaitingForTreatment0to2weeks,335.0
NHS SOUTH YORKSHIRE ICB - 03L,Count_WaitingForTreatment0to4weeks,490.0
NHS SOUTH YORKSHIRE ICB - 03L,Count_WaitingForTreatment0to6weeks,535.0
NHS SOUTH YORKSHIRE ICB - 03L,Count_WaitingForTreatment0to12weeks,570.0
NHS SOUTH YORKSHIRE ICB - 03L,Count_WaitingForTreatment0to18weeks,580.0
NHS SOUTH YORKSHIRE ICB - 03L,Count_WaitingForTreatmentOver18weeks,225.0
NHS SOUTH YORKSHIRE ICB - 03L,Count_WaitingForTreatmentOver90days,230.0
NHS SOUTH YORKSHIRE ICB - 03N,Count_WaitingForAssessment,1510.0
NHS SOUTH YORKSHIRE ICB - 03N,Count_WaitingForAssessmentOver90days,10.0
NHS SOUTH YORKSHIRE ICB - 03N,Count_WaitingForTreatment,1540.0
NHS SOUTH YORKSHIRE ICB - 03N,Count_WaitingForTreatment0to2weeks,805.0
NHS SOUTH YORKSHIRE ICB - 03N,Count_WaitingForTreatment0to4weeks,1335.0
NHS SOUTH YORKSHIRE ICB - 03N,Count_WaitingForTreatment0to6weeks,1465.0
NHS SOUTH YORKSHIRE ICB - 03N,Count_WaitingForTreatment0to12weeks,1535.0
NHS SOUTH YORKSHIRE ICB - 03N,Count_WaitingForTreatment0to18weeks,1535.0
NHS SOUTH YORKSHIRE ICB - 03N,Count_WaitingForTreatmentOver18weeks,5.0
NHS SOUTH YORKSHIRE ICB - 03N,Count_WaitingForTreatmentOver90days,5.0
NHS HUMBER AND NORTH YORKSHIRE ICB - 03Q,Count_WaitingForAssessment,525.0
NHS HUMBER AND NORTH YORKSHIRE ICB - 03Q,Count_WaitingForAssessmentOver90days,15.0
NHS HUMBER AND NORTH YORKSHIRE ICB - 03Q,Count_WaitingForTreatment,510.0
NHS HUMBER AND NORTH YORKSHIRE ICB - 03Q,Count_WaitingForTreatment0to2weeks,265.0
NHS HUMBER AND NORTH YORKSHIRE ICB - 03Q,Count_WaitingForTreatment0to4weeks,475.0
NHS HUMBER AND NORTH YORKSHIRE ICB - 03Q,Count_WaitingForTreatment0to6weeks,500.0
NHS HUMBER AND NORTH YORKSHIRE ICB - 03Q,Count_WaitingForTreatment0to12weeks,505.0
NHS HUMBER AND NORTH YORKSHIRE ICB - 03Q,Count_WaitingForTreatment0to18weeks,505.0
NHS HUMBER AND NORTH YORKSHIRE ICB - 03Q,Count_WaitingForTreatmentOver90days,5.0
NHS WEST YORKSHIRE ICB - 03R,Count_WaitingForAssessment,520.0
NHS WEST YORKSHIRE ICB - 03R,Count_WaitingForAssessmentOver90days,40.0
NHS WEST YORKSHIRE ICB - 03R,Count_WaitingForTreatment,485.0
NHS WEST YORKSHIRE ICB - 03R,Count_WaitingForTreatment0to2weeks,380.0
NHS WEST YORKSHIRE ICB - 03R,Count_WaitingForTreatment0to4weeks,435.0
NHS WEST YORKSHIRE ICB - 03R,Count_WaitingForTreatment0to6weeks,450.0
NHS WEST YORKSHIRE ICB - 03R,Count_WaitingForTreatment0to12weeks,470.0
NHS WEST YORKSHIRE ICB - 03R,Count_WaitingForTreatment0to18weeks,470.0
NHS WEST YORKSHIRE ICB - 03R,Count_WaitingForTreatmentOver18weeks,15.0
NHS WEST YORKSHIRE ICB - 03R,Count_WaitingForTreatmentOver90days,20.0
"NHS LEICESTER, LEICESTERSHIRE AND RUTLAND ICB - 03W",Count_WaitingForAssessment,375.0
"NHS LEICESTER, LEICESTERSHIRE AND RUTLAND ICB - 03W",Count_WaitingForTreatment,375.0
"NHS LEICESTER, LEICESTERSHIRE AND RUTLAND ICB - 03W",Count_WaitingForTreatment0to2weeks,300.0
"NHS LEICESTER, LEICESTERSHIRE AND RUTLAND ICB - 03W",Count_WaitingForTreatment0to4weeks,360.0
"NHS LEICESTER, LEICESTERSHIRE AND RUTLAND ICB - 03W",Count_WaitingForTreatment0to6weeks,365.0
"NHS LEICESTER, LEICESTERSHIRE AND RUTLAND ICB - 03W",Count_WaitingForTreatment0to12weeks,370.0
"NHS LEICESTER, LEICESTERSHIRE AND RUTLAND ICB - 03W",Count_WaitingForTreatment0to18weeks,375.0
"NHS LEICESTER, LEICESTERSHIRE AND RUTLAND ICB - 04C",Count_WaitingForAssessment,460.0
"NHS LEICESTER, LEICESTERSHIRE AND RUTLAND ICB - 04C",Count_WaitingForAssessmentOver90days,5.0
"NHS LEICESTER, LEICESTERSHIRE AND RUTLAND ICB - 04C",Count_WaitingForTreatment,460.0
"NHS LEICESTER, LEICESTERSHIRE AND RUTLAND ICB - 04C",Count_WaitingForTreatment0to2weeks,350.0
"NHS LEICESTER, LEICESTERSHIRE AND RUTLAND ICB - 04C",Count_WaitingForTreatment0to4weeks,440.0
"NHS LEICESTER, LEICESTERSHIRE AND RUTLAND ICB - 04C",Count_WaitingForTreatment0to6weeks,455.0
"NHS LEICESTER, LEICESTERSHIRE AND RUTLAND ICB - 04C",Count_WaitingForTreatment0to12weeks,455.0
"NHS LEICESTER, LEICESTERSHIRE AND RUTLAND ICB - 04C",Count_WaitingForTreatment0to18weeks,455.0
"NHS LEICESTER, LEICESTERSHIRE AND RUTLAND ICB - 04V",Count_WaitingForAssessment,560.0
"NHS LEICESTER, LEICESTERSHIRE AND RUTLAND ICB - 04V",Count_WaitingForTreatment,560.0
"NHS LEICESTER, LEICESTERSHIRE AND RUTLAND ICB - 04V",Count_WaitingForTreatment0to2weeks,450.0
"NHS LEICESTER, LEICESTERSHIRE AND RUTLAND ICB - 04V",Count_WaitingForTreatment0to4weeks,550.0
"NHS LEICESTER, LEICESTERSHIRE AND RUTLAND ICB - 04V",Count_WaitingForTreatment0to6weeks,555.0
"NHS LEICESTER, LEICESTERSHIRE AND RUTLAND ICB - 04V",Count_WaitingForTreatment0to12weeks,560.0
"NHS LEICESTER, LEICESTERSHIRE AND RUTLAND ICB - 04V",Count_WaitingForTreatment0to18weeks,560.0
NHS STAFFORDSHIRE AND STOKE-ON-TRENT ICB - 04Y,Count_WaitingForAssessment,575.0
NHS STAFFORDSHIRE AND STOKE-ON-TRENT ICB - 04Y,Count_WaitingForAssessmentOver90days,30.0
NHS STAFFORDSHIRE AND STOKE-ON-TRENT ICB - 04Y,Count_WaitingForTreatment,570.0
NHS STAFFORDSHIRE AND STOKE-ON-TRENT ICB - 04Y,Count_WaitingForTreatment0to2weeks,165.0
NHS STAFFORDSHIRE AND STOKE-ON-TRENT ICB - 04Y,Count_WaitingForTreatment0to4weeks,320.0
NHS STAFFORDSHIRE AND STOKE-ON-TRENT ICB - 04Y,Count_WaitingForTreatment0to6weeks,440.0
NHS STAFFORDSHIRE AND STOKE-ON-TRENT ICB - 04Y,Count_WaitingForTreatment0to12weeks,555.0
NHS STAFFORDSHIRE AND STOKE-ON-TRENT ICB - 04Y,Count_WaitingForTreatment0to18weeks,565.0
NHS STAFFORDSHIRE AND STOKE-ON-TRENT ICB - 04Y,Count_WaitingForTreatmentOver18weeks,5.0
NHS STAFFORDSHIRE AND STOKE-ON-TRENT ICB - 04Y,Count_WaitingForTreatmentOver90days,15.0
NHS STAFFORDSHIRE AND STOKE-ON-TRENT ICB - 05D,Count_WaitingForAssessment,460.0
NHS STAFFORDSHIRE AND STOKE-ON-TRENT ICB - 05D,Count_WaitingForAssessmentOver90days,15.0
NHS STAFFORDSHIRE AND STOKE-ON-TRENT ICB - 05D,Count_WaitingForTreatment,460.0
NHS STAFFORDSHIRE AND STOKE-ON-TRENT ICB - 05D,Count_WaitingForTreatment0to2weeks,155.0
NHS STAFFORDSHIRE AND STOKE-ON-TRENT ICB - 05D,Count_WaitingForTreatment0to4weeks,280.0
NHS STAFFORDSHIRE AND STOKE-ON-TRENT ICB - 05D,Count_WaitingForTreatment0to6weeks,375.0
NHS STAFFORDSHIRE AND STOKE-ON-TRENT ICB - 05D,Count_WaitingForTreatment0to12weeks,450.0
NHS STAFFORDSHIRE AND STOKE-ON-TRENT ICB - 05D,Count_WaitingForTreatment0to18weeks,455.0
NHS STAFFORDSHIRE AND STOKE-ON-TRENT ICB - 05D,Count_WaitingForTreatmentOver18weeks,5.0
NHS STAFFORDSHIRE AND STOKE-ON-TRENT ICB - 05D,Count_WaitingForTreatmentOver90days,10.0
NHS STAFFORDSHIRE AND STOKE-ON-TRENT ICB - 05G,Count_WaitingForAssessment,920.0
NHS STAFFORDSHIRE AND STOKE-ON-TRENT ICB - 05G,Count_WaitingForAssessmentOver90days,70.0
NHS STAFFORDSHIRE AND STOKE-ON-TRENT ICB - 05G,Count_WaitingForTreatment,865.0
NHS STAFFORDSHIRE AND STOKE-ON-TRENT ICB - 05G,Count_WaitingForTreatment0to2weeks,345.0
NHS STAFFORDSHIRE AND STOKE-ON-TRENT ICB - 05G,Count_WaitingForTreatment0to4weeks,600.0
NHS STAFFORDSHIRE AND STOKE-ON-TRENT ICB - 05G,Count_WaitingForTreatment0to6weeks,755.0
NHS STAFFORDSHIRE AND STOKE-ON-TRENT ICB - 05G,Count_WaitingForTreatment0to12weeks,830.0
NHS STAFFORDSHIRE AND STOKE-ON-TRENT ICB - 05G,Count_WaitingForTreatment0to18weeks,845.0
NHS STAFFORDSHIRE AND STOKE-ON-TRENT ICB - 05G,Count_WaitingForTreatmentOver18weeks,20.0
NHS STAFFORDSHIRE AND STOKE-ON-TRENT ICB - 05G,Count_WaitingForTreatmentOver90days,35.0
NHS STAFFORDSHIRE AND STOKE-ON-TRENT ICB - 05Q,Count_WaitingForAssessment,775.0
NHS STAFFORDSHIRE AND STOKE-ON-TRENT ICB - 05Q,Count_WaitingForAssessmentOver90days,20.0
NHS STAFFORDSHIRE AND STOKE-ON-TRENT ICB - 05Q,Count_WaitingForTreatment,795.0
NHS STAFFORDSHIRE AND STOKE-ON-TRENT ICB - 05Q,Count_WaitingForTreatment0to2weeks,270.0
NHS STAFFORDSHIRE AND STOKE-ON-TRENT ICB - 05Q,Count_WaitingForTreatment0to4weeks,490.0
NHS STAFFORDSHIRE AND STOKE-ON-TRENT ICB - 05Q,Count_WaitingForTreatment0to6weeks,650.0
NHS STAFFORDSHIRE AND STOKE-ON-TRENT ICB - 05Q,Count_WaitingForTreatment0to12weeks,770.0
NHS STAFFORDSHIRE AND STOKE-ON-TRENT ICB - 05Q,Count_WaitingForTreatment0to18weeks,785.0
NHS STAFFORDSHIRE AND STOKE-ON-TRENT ICB - 05Q,Count_WaitingForTreatmentOver18weeks,10.0
NHS STAFFORDSHIRE AND STOKE-ON-TRENT ICB - 05Q,Count_WaitingForTreatmentOver90days,20.0
NHS STAFFORDSHIRE AND STOKE-ON-TRENT ICB - 05V,Count_WaitingForAssessment,610.0
NHS STAFFORDSHIRE AND STOKE-ON-TRENT ICB - 05V,Count_WaitingForAssessmentOver90days,20.0
NHS STAFFORDSHIRE AND STOKE-ON-TRENT ICB - 05V,Count_WaitingForTreatment,615.0
NHS STAFFORDSHIRE AND STOKE-ON-TRENT ICB - 05V,Count_WaitingForTreatment0to2weeks,165.0
NHS STAFFORDSHIRE AND STOKE-ON-TRENT ICB - 05V,Count_WaitingForTreatment0to4weeks,335.0
NHS STAFFORDSHIRE AND STOKE-ON-TRENT ICB - 05V,Count_WaitingForTreatment0to6weeks,475.0
NHS STAFFORDSHIRE AND STOKE-ON-TRENT ICB - 05V,Count_WaitingForTreatment0to12weeks,595.0
NHS STAFFORDSHIRE AND STOKE-ON-TRENT ICB - 05V,Count_WaitingForTreatment0to18weeks,610.0
NHS STAFFORDSHIRE AND STOKE-ON-TRENT ICB - 05V,Count_WaitingForTreatmentOver18weeks,5.0
NHS STAFFORDSHIRE AND STOKE-ON-TRENT ICB - 05V,Count_WaitingForTreatmentOver90days,20.0
NHS STAFFORDSHIRE AND STOKE-ON-TRENT ICB - 05W,Count_WaitingForAssessment,1015.0
NHS STAFFORDSHIRE AND STOKE-ON-TRENT ICB - 05W,Count_WaitingForAssessmentOver90days,20.0
NHS STAFFORDSHIRE AND STOKE-ON-TRENT ICB - 05W,Count_WaitingForTreatment,1055.0
NHS STAFFORDSHIRE AND STOKE-ON-TRENT ICB - 05W,Count_WaitingForTreatment0to2weeks,380.0
NHS STAFFORDSHIRE AND STOKE-ON-TRENT ICB - 05W,Count_WaitingForTreatment0to4weeks,715.0
NHS STAFFORDSHIRE AND STOKE-ON-TRENT ICB - 05W,Count_WaitingForTreatment0to6weeks,900.0
NHS STAFFORDSHIRE AND STOKE-ON-TRENT ICB - 05W,Count_WaitingForTreatment0to12weeks,1040.0
NHS STAFFORDSHIRE AND STOKE-ON-TRENT ICB - 05W,Count_WaitingForTreatment0to18weeks,1050.0
NHS STAFFORDSHIRE AND STOKE-ON-TRENT ICB - 05W,Count_WaitingForTreatmentOver18weeks,5.0
NHS STAFFORDSHIRE AND STOKE-ON-TRENT ICB - 05W,Count_WaitingForTreatmentOver90days,10.0
NHS CAMBRIDGESHIRE AND PETERBOROUGH ICB - 06H,Count_WaitingForAssessment,1425.0
NHS CAMBRIDGESHIRE AND PETERBOROUGH ICB - 06H,Count_WaitingForAssessmentOver90days,935.0
NHS CAMBRIDGESHIRE AND PETERBOROUGH ICB - 06H,Count_WaitingForTreatment,1630.0
NHS CAMBRIDGESHIRE AND PETERBOROUGH ICB - 06H,Count_WaitingForTreatment0to2weeks,205.0
NHS CAMBRIDGESHIRE AND PETERBOROUGH ICB - 06H,Count_WaitingForTreatment0to4weeks,345.0
NHS CAMBRIDGESHIRE AND PETERBOROUGH ICB - 06H,Count_WaitingForTreatment0to6weeks,470.0
NHS CAMBRIDGESHIRE AND PETERBOROUGH ICB - 06H,Count_WaitingForTreatment0to12weeks,655.0
NHS CAMBRIDGESHIRE AND PETERBOROUGH ICB - 06H,Count_WaitingForTreatment0to18weeks,725.0
NHS CAMBRIDGESHIRE AND PETERBOROUGH ICB - 06H,Count_WaitingForTreatmentOver18weeks,905.0
NHS CAMBRIDGESHIRE AND PETERBOROUGH ICB - 06H,Count_WaitingForTreatmentOver90days,970.0
NHS HERTFORDSHIRE AND WEST ESSEX ICB - 06K,Count_WaitingForAssessment,2665.0
NHS HERTFORDSHIRE AND WEST ESSEX ICB - 06K,Count_WaitingForAssessmentOver90days,670.0
NHS HERTFORDSHIRE AND WEST ESSEX ICB - 06K,Count_WaitingForTreatment,2360.0
NHS HERTFORDSHIRE AND WEST ESSEX ICB - 06K,Count_WaitingForTreatment0to2weeks,765.0
NHS HERTFORDSHIRE AND WEST ESSEX ICB - 06K,Count_WaitingForTreatment0to4weeks,1385.0
NHS HERTFORDSHIRE AND WEST ESSEX ICB - 06K,Count_WaitingForTreatment0to6weeks,1635.0
NHS HERTFORDSHIRE AND WEST ESSEX ICB - 06K,Count_WaitingForTreatment0to12weeks,1850.0
NHS HERTFORDSHIRE AND WEST ESSEX ICB - 06K,Count_WaitingForTreatment0to18weeks,1965.0
NHS HERTFORDSHIRE AND WEST ESSEX ICB - 06K,Count_WaitingForTreatmentOver18weeks,395.0
NHS HERTFORDSHIRE AND WEST ESSEX ICB - 06K,Count_WaitingForTreatmentOver90days,490.0
NHS SUFFOLK AND NORTH EAST ESSEX ICB - 06L,Count_WaitingForAssessment,1325.0
NHS SUFFOLK AND NORTH EAST ESSEX ICB - 06L,Count_WaitingForAssessmentOver90days,20.0
NHS SUFFOLK AND NORTH EAST ESSEX ICB - 06L,Count_WaitingForTreatment,1340.0
NHS SUFFOLK AND NORTH EAST ESSEX ICB - 06L,Count_WaitingForTreatment0to2weeks,525.0
NHS SUFFOLK AND NORTH EAST ESSEX ICB - 06L,Count_WaitingForTreatment0to4weeks,945.0
NHS SUFFOLK AND NORTH EAST ESSEX ICB - 06L,Count_WaitingForTreatment0to6weeks,1150.0
NHS SUFFOLK AND NORTH EAST ESSEX ICB - 06L,Count_WaitingForTreatment0to12weeks,1320.0
NHS SUFFOLK AND NORTH EAST ESSEX ICB - 06L,Count_WaitingForTreatment0to18weeks,1335.0
NHS SUFFOLK AND NORTH EAST ESSEX ICB - 06L,Count_WaitingForTreatmentOver90days,15.0
NHS HERTFORDSHIRE AND WEST ESSEX ICB - 06N,Count_WaitingForAssessment,2575.0
NHS HERTFORDSHIRE AND WEST ESSEX ICB - 06N,Count_WaitingForAssessmentOver90days,525.0
NHS HERTFORDSHIRE AND WEST ESSEX ICB - 06N,Count_WaitingForTreatment,2445.0
NHS HERTFORDSHIRE AND WEST ESSEX ICB - 06N,Count_WaitingForTreatment0to2weeks,695.0
NHS HERTFORDSHIRE AND WEST ESSEX ICB - 06N,Count_WaitingForTreatment0to4weeks,1315.0
NHS HERTFORDSHIRE AND WEST ESSEX ICB - 06N,Count_WaitingForTreatment0to6weeks,1650.0
NHS HERTFORDSHIRE AND WEST ESSEX ICB - 06N,Count_WaitingForTreatment0to12weeks,2025.0
NHS HERTFORDSHIRE AND WEST ESSEX ICB - 06N,Count_WaitingForTreatment0to18weeks,2170.0
NHS HERTFORDSHIRE AND WEST ESSEX ICB - 06N,Count_WaitingForTreatmentOver18weeks,275.0
NHS HERTFORDSHIRE AND WEST ESSEX ICB - 06N,Count_WaitingForTreatmentOver90days,400.0
NHS MID AND SOUTH ESSEX ICB - 06Q,Count_WaitingForAssessment,865.0
NHS MID AND SOUTH ESSEX ICB - 06Q,Count_WaitingForAssessmentOver90days,55.0
NHS MID AND SOUTH ESSEX ICB - 06Q,Count_WaitingForTreatment,750.0
NHS MID AND SOUTH ESSEX ICB - 06Q,Count_WaitingForTreatment0to2weeks,425.0
NHS MID AND SOUTH ESSEX ICB - 06Q,Count_WaitingForTreatment0to4weeks,665.0
NHS MID AND SOUTH ESSEX ICB - 06Q,Count_WaitingForTreatment0to6weeks,725.0
NHS MID AND SOUTH ESSEX ICB - 06Q,Count_WaitingForTreatment0to12weeks,745.0
NHS MID AND SOUTH ESSEX ICB - 06Q,Count_WaitingForTreatment0to18weeks,745.0
NHS SUFFOLK AND NORTH EAST ESSEX ICB - 06T,Count_WaitingForAssessment,425.0
NHS SUFFOLK AND NORTH EAST ESSEX ICB - 06T,Count_WaitingForAssessmentOver90days,175.0
NHS SUFFOLK AND NORTH EAST ESSEX ICB - 06T,Count_WaitingForTreatment,310.0
NHS SUFFOLK AND NORTH EAST ESSEX ICB - 06T,Count_WaitingForTreatment0to2weeks,185.0
NHS SUFFOLK AND NORTH EAST ESSEX ICB - 06T,Count_WaitingForTreatment0to4weeks,190.0
NHS SUFFOLK AND NORTH EAST ESSEX ICB - 06T,Count_WaitingForTreatment0to6weeks,195.0
NHS SUFFOLK AND NORTH EAST ESSEX ICB - 06T,Count_WaitingForTreatment0to12weeks,195.0
NHS SUFFOLK AND NORTH EAST ESSEX ICB - 06T,Count_WaitingForTreatment0to18weeks,195.0
NHS SUFFOLK AND NORTH EAST ESSEX ICB - 06T,Count_WaitingForTreatmentOver18weeks,120.0
NHS SUFFOLK AND NORTH EAST ESSEX ICB - 06T,Count_WaitingForTreatmentOver90days,120.0
NHS MID AND SOUTH ESSEX ICB - 07G,Count_WaitingForAssessment,150.0
NHS MID AND SOUTH ESSEX ICB - 07G,Count_WaitingForAssessmentOver90days,10.0
NHS MID AND SOUTH ESSEX ICB - 07G,Count_WaitingForTreatment,145.0
NHS MID AND SOUTH ESSEX ICB - 07G,Count_WaitingForTreatment0to2weeks,125.0
NHS MID AND SOUTH ESSEX ICB - 07G,Count_WaitingForTreatment0to4weeks,135.0
NHS MID AND SOUTH ESSEX ICB - 07G,Count_WaitingForTreatment0to6weeks,140.0
NHS MID AND SOUTH ESSEX ICB - 07G,Count_WaitingForTreatment0to12weeks,140.0
NHS MID AND SOUTH ESSEX ICB - 07G,Count_WaitingForTreatment0to18weeks,140.0
NHS HERTFORDSHIRE AND WEST ESSEX ICB - 07H,Count_WaitingForAssessment,315.0
NHS HERTFORDSHIRE AND WEST ESSEX ICB - 07H,Count_WaitingForTreatment,315.0
NHS HERTFORDSHIRE AND WEST ESSEX ICB - 07H,Count_WaitingForTreatment0to2weeks,255.0
NHS HERTFORDSHIRE AND WEST ESSEX ICB - 07H,Count_WaitingForTreatment0to4weeks,300.0
NHS HERTFORDSHIRE AND WEST ESSEX ICB - 07H,Count_WaitingForTreatment0to6weeks,310.0
NHS HERTFORDSHIRE AND WEST ESSEX ICB - 07H,Count_WaitingForTreatment0to12weeks,315.0
NHS HERTFORDSHIRE AND WEST ESSEX ICB - 07H,Count_WaitingForTreatment0to18weeks,315.0
NHS SUFFOLK AND NORTH EAST ESSEX ICB - 07K,Count_WaitingForAssessment,880.0
NHS SUFFOLK AND NORTH EAST ESSEX ICB - 07K,Count_WaitingForAssessmentOver90days,15.0
NHS SUFFOLK AND NORTH EAST ESSEX ICB - 07K,Count_WaitingForTreatment,900.0
NHS SUFFOLK AND NORTH EAST ESSEX ICB - 07K,Count_WaitingForTreatment0to2weeks,370.0
NHS SUFFOLK AND NORTH EAST ESSEX ICB - 07K,Count_WaitingForTreatment0to4weeks,635.0
NHS SUFFOLK AND NORTH EAST ESSEX ICB - 07K,Count_WaitingForTreatment0to6weeks,780.0
NHS SUFFOLK AND NORTH EAST ESSEX ICB - 07K,Count_WaitingForTreatment0to12weeks,885.0
NHS SUFFOLK AND NORTH EAST ESSEX ICB - 07K,Count_WaitingForTreatment0to18weeks,895.0
NHS SUFFOLK AND NORTH EAST ESSEX ICB - 07K,Count_WaitingForTreatmentOver90days,15.0
NHS SUSSEX ICB - 09D,Count_WaitingForAssessment,1335.0
NHS SUSSEX ICB - 09D,Count_WaitingForAssessmentOver90days,95.0
NHS SUSSEX ICB - 09D,Count_WaitingForTreatment,1260.0
NHS SUSSEX ICB - 09D,Count_WaitingForTreatment0to2weeks,455.0
NHS SUSSEX ICB - 09D,Count_WaitingForTreatment0to4weeks,810.0
NHS SUSSEX ICB - 09D,Count_WaitingForTreatment0to6weeks,1105.0
NHS SUSSEX ICB - 09D,Count_WaitingForTreatment0to12weeks,1230.0
NHS SUSSEX ICB - 09D,Count_WaitingForTreatment0to18weeks,1245.0
NHS SUSSEX ICB - 09D,Count_WaitingForTreatmentOver18weeks,10.0
NHS SUSSEX ICB - 09D,Count_WaitingForTreatmentOver90days,25.0
"NHS BUCKINGHAMSHIRE, OXFORDSHIRE AND BERKSHIRE WEST ICB - 10Q",Count_WaitingForAssessment,430.0
"NHS BUCKINGHAMSHIRE, OXFORDSHIRE AND BERKSHIRE WEST ICB - 10Q",Count_WaitingForAssessmentOver90days,20.0
"NHS BUCKINGHAMSHIRE, OXFORDSHIRE AND BERKSHIRE WEST ICB - 10Q",Count_WaitingForTreatment,395.0
"NHS BUCKINGHAMSHIRE, OXFORDSHIRE AND BERKSHIRE WEST ICB - 10Q",Count_WaitingForTreatment0to2weeks,355.0
"NHS BUCKINGHAMSHIRE, OXFORDSHIRE AND BERKSHIRE WEST ICB - 10Q",Count_WaitingForTreatment0to4weeks,370.0
"NHS BUCKINGHAMSHIRE, OXFORDSHIRE AND BERKSHIRE WEST ICB - 10Q",Count_WaitingForTreatment0to6weeks,375.0
"NHS BUCKINGHAMSHIRE, OXFORDSHIRE AND BERKSHIRE WEST ICB - 10Q",Count_WaitingForTreatment0to12weeks,390.0
"NHS BUCKINGHAMSHIRE, OXFORDSHIRE AND BERKSHIRE WEST ICB - 10Q",Count_WaitingForTreatment0to18weeks,390.0
"NHS BUCKINGHAMSHIRE, OXFORDSHIRE AND BERKSHIRE WEST ICB - 10Q",Count_WaitingForTreatmentOver90days,5.0
NHS HAMPSHIRE AND ISLE OF WIGHT ICB - 10R,Count_WaitingForAssessment,1210.0
NHS HAMPSHIRE AND ISLE OF WIGHT ICB - 10R,Count_WaitingForAssessmentOver90days,25.0
NHS HAMPSHIRE AND ISLE OF WIGHT ICB - 10R,Count_WaitingForTreatment,1200.0
NHS HAMPSHIRE AND ISLE OF WIGHT ICB - 10R,Count_WaitingForTreatment0to2weeks,440.0
NHS HAMPSHIRE AND ISLE OF WIGHT ICB - 10R,Count_WaitingForTreatment0to4weeks,825.0
NHS HAMPSHIRE AND ISLE OF WIGHT ICB - 10R,Count_WaitingForTreatment0to6weeks,1065.0
NHS HAMPSHIRE AND ISLE OF WIGHT ICB - 10R,Count_WaitingForTreatment0to12weeks,1185.0
NHS HAMPSHIRE AND ISLE OF WIGHT ICB - 10R,Count_WaitingForTreatment0to18weeks,1195.0
NHS HAMPSHIRE AND ISLE OF WIGHT ICB - 10R,Count_WaitingForTreatmentOver90days,10.0
NHS DORSET ICB - 11J,Count_WaitingForAssessment,2505.0
NHS DORSET ICB - 11J,Count_WaitingForAssessmentOver90days,65.0
NHS DORSET ICB - 11J,Count_WaitingForTreatment,2460.0
NHS DORSET ICB - 11J,Count_WaitingForTreatment0to2weeks,880.0
NHS DORSET ICB - 11J,Count_WaitingForTreatment0to4weeks,1655.0
NHS DORSET ICB - 11J,Count_WaitingForTreatment0to6weeks,2125.0
NHS DORSET ICB - 11J,Count_WaitingForTreatment0to12weeks,2425.0
NHS DORSET ICB - 11J,Count_WaitingForTreatment0to18weeks,2450.0
NHS DORSET ICB - 11J,Count_WaitingForTreatmentOver18weeks,15.0
NHS DORSET ICB - 11J,Count_WaitingForTreatmentOver90days,30.0
NHS GLOUCESTERSHIRE ICB - 11M,Count_WaitingForAssessment,1265.0
NHS GLOUCESTERSHIRE ICB - 11M,Count_WaitingForAssessmentOver90days,25.0
NHS GLOUCESTERSHIRE ICB - 11M,Count_WaitingForTreatment,1240.0
NHS GLOUCESTERSHIRE ICB - 11M,Count_WaitingForTreatment0to2weeks,580.0
NHS GLOUCESTERSHIRE ICB - 11M,Count_WaitingForTreatment0to4weeks,1025.0
NHS GLOUCESTERSHIRE ICB - 11M,Count_WaitingForTreatment0to6weeks,1140.0
NHS GLOUCESTERSHIRE ICB - 11M,Count_WaitingForTreatment0to12weeks,1225.0
NHS GLOUCESTERSHIRE ICB - 11M,Count_WaitingForTreatment0to18weeks,1235.0
NHS GLOUCESTERSHIRE ICB - 11M,Count_WaitingForTreatmentOver18weeks,5.0
NHS GLOUCESTERSHIRE ICB - 11M,Count_WaitingForTreatmentOver90days,15.0
NHS CORNWALL AND THE ISLES OF SCILLY ICB - 11N,Count_WaitingForAssessment,1350.0
NHS CORNWALL AND THE ISLES OF SCILLY ICB - 11N,Count_WaitingForAssessmentOver90days,25.0
NHS CORNWALL AND THE ISLES OF SCILLY ICB - 11N,Count_WaitingForTreatment,1335.0
NHS CORNWALL AND THE ISLES OF SCILLY ICB - 11N,Count_WaitingForTreatment0to2weeks,535.0
NHS CORNWALL AND THE ISLES OF SCILLY ICB - 11N,Count_WaitingForTreatment0to4weeks,910.0
NHS CORNWALL AND THE ISLES OF SCILLY ICB - 11N,Count_WaitingForTreatment0to6weeks,1140.0
NHS CORNWALL AND THE ISLES OF SCILLY ICB - 11N,Count_WaitingForTreatment0to12weeks,1320.0
NHS CORNWALL AND THE ISLES OF SCILLY ICB - 11N,Count_WaitingForTreatment0to18weeks,1330.0
NHS CORNWALL AND THE ISLES OF SCILLY ICB - 11N,Count_WaitingForTreatmentOver18weeks,10.0
NHS CORNWALL AND THE ISLES OF SCILLY ICB - 11N,Count_WaitingForTreatmentOver90days,15.0
NHS SOMERSET ICB - 11X,Count_WaitingForAssessment,1320.0
NHS SOMERSET ICB - 11X,Count_WaitingForAssessmentOver90days,75.0
NHS SOMERSET ICB - 11X,Count_WaitingForTreatment,1240.0
NHS SOMERSET ICB - 11X,Count_WaitingForTreatment0to2weeks,485.0
NHS SOMERSET ICB - 11X,Count_WaitingForTreatment0to4weeks,880.0
NHS SOMERSET ICB - 11X,Count_WaitingForTreatment0to6weeks,1070.0
NHS SOMERSET ICB - 11X,Count_WaitingForTreatment0to12weeks,1190.0
NHS SOMERSET ICB - 11X,Count_WaitingForTreatment0to18weeks,1200.0
NHS SOMERSET ICB - 11X,Count_WaitingForTreatmentOver18weeks,40.0
NHS SOMERSET ICB - 11X,Count_WaitingForTreatmentOver90days,50.0
NHS CHESHIRE AND MERSEYSIDE ICB - 12F,Count_WaitingForAssessment,1475.0
NHS CHESHIRE AND MERSEYSIDE ICB - 12F,Count_WaitingForAssessmentOver90days,435.0
NHS CHESHIRE AND MERSEYSIDE ICB - 12F,Count_WaitingForTreatment,1450.0
NHS CHESHIRE AND MERSEYSIDE ICB - 12F,Count_WaitingForTreatment0to2weeks,515.0
NHS CHESHIRE AND MERSEYSIDE ICB - 12F,Count_WaitingForTreatment0to4weeks,855.0
NHS CHESHIRE AND MERSEYSIDE ICB - 12F,Count_WaitingForTreatment0to6weeks,985.0
NHS CHESHIRE AND MERSEYSIDE ICB - 12F,Count_WaitingForTreatment0to12weeks,1100.0
NHS CHESHIRE AND MERSEYSIDE ICB - 12F,Count_WaitingForTreatment0to18weeks,1130.0
NHS CHESHIRE AND MERSEYSIDE ICB - 12F,Count_WaitingForTreatmentOver18weeks,325.0
NHS CHESHIRE AND MERSEYSIDE ICB - 12F,Count_WaitingForTreatmentOver90days,350.0
NATIONAL COMMISSIONING HUB 1,Count_WaitingForAssessment,45.0
NATIONAL COMMISSIONING HUB 1,Count_WaitingForAssessmentOver90days,10.0
NATIONAL COMMISSIONING HUB 1,Count_WaitingForTreatment,35.0
NATIONAL COMMISSIONING HUB 1,Count_WaitingForTreatment0to2weeks,20.0
NATIONAL COMMISSIONING HUB 1,Count_WaitingForTreatment0to4weeks,25.0
NATIONAL COMMISSIONING HUB 1,Count_WaitingForTreatment0to6weeks,30.0
NATIONAL COMMISSIONING HUB 1,Count_WaitingForTreatment0to12weeks,35.0
NATIONAL COMMISSIONING HUB 1,Count_WaitingForTreatment0to18weeks,35.0
NHS NORTH EAST AND NORTH CUMBRIA ICB - 13T,Count_WaitingForAssessment,1175.0
NHS NORTH EAST AND NORTH CUMBRIA ICB - 13T,Count_WaitingForAssessmentOver90days,20.0
NHS NORTH EAST AND NORTH CUMBRIA ICB - 13T,Count_WaitingForTreatment,1170.0
NHS NORTH EAST AND NORTH CUMBRIA ICB - 13T,Count_WaitingForTreatment0to2weeks,605.0
NHS NORTH EAST AND NORTH CUMBRIA ICB - 13T,Count_WaitingForTreatment0to4weeks,965.0
NHS NORTH EAST AND NORTH CUMBRIA ICB - 13T,Count_WaitingForTreatment0to6weeks,1070.0
NHS NORTH EAST AND NORTH CUMBRIA ICB - 13T,Count_WaitingForTreatment0to12weeks,1155.0
NHS NORTH EAST AND NORTH CUMBRIA ICB - 13T,Count_WaitingForTreatment0to18weeks,1160.0
NHS NORTH EAST AND NORTH CUMBRIA ICB - 13T,Count_WaitingForTreatmentOver18weeks,5.0
NHS NORTH EAST AND NORTH CUMBRIA ICB - 13T,Count_WaitingForTreatmentOver90days,15.0
NHS GREATER MANCHESTER ICB - 14L,Count_WaitingForAssessment,4905.0
NHS GREATER MANCHESTER ICB - 14L,Count_WaitingForAssessmentOver90days,450.0
NHS GREATER MANCHESTER ICB - 14L,Count_WaitingForTreatment,4920.0
NHS GREATER MANCHESTER ICB - 14L,Count_WaitingForTreatment0to2weeks,1740.0
NHS GREATER MANCHESTER ICB - 14L,Count_WaitingForTreatment0to4weeks,3200.0
NHS GREATER MANCHESTER ICB - 14L,Count_WaitingForTreatment0to6weeks,3920.0
NHS GREATER MANCHESTER ICB - 14L,Count_WaitingForTreatment0to12weeks,4465.0
NHS GREATER MANCHESTER ICB - 14L,Count_WaitingForTreatment0to18weeks,4550.0
NHS GREATER MANCHESTER ICB - 14L,Count_WaitingForTreatmentOver18weeks,370.0
NHS GREATER MANCHESTER ICB - 14L,Count_WaitingForTreatmentOver90days,445.0
EAST OF ENGLAND - H&J COMMISSIONING HUB,Count_WaitingForAssessment,45.0
EAST OF ENGLAND - H&J COMMISSIONING HUB,Count_WaitingForTreatment,45.0
EAST OF ENGLAND - H&J COMMISSIONING HUB,Count_WaitingForTreatment0to2weeks,30.0
EAST OF ENGLAND - H&J COMMISSIONING HUB,Count_WaitingForTreatment0to4weeks,40.0
EAST OF ENGLAND - H&J COMMISSIONING HUB,Count_WaitingForTreatment0to6weeks,45.0
EAST OF ENGLAND - H&J COMMISSIONING HUB,Count_WaitingForTreatment0to12weeks,45.0
EAST OF ENGLAND - H&J COMMISSIONING HUB,Count_WaitingForTreatment0to18weeks,45.0
"NHS BUCKINGHAMSHIRE, OXFORDSHIRE AND BERKSHIRE WEST ICB - 14Y",Count_WaitingForAssessment,250.0
"NHS BUCKINGHAMSHIRE, OXFORDSHIRE AND BERKSHIRE WEST ICB - 14Y",Count_WaitingForAssessmentOver90days,5.0
"NHS BUCKINGHAMSHIRE, OXFORDSHIRE AND BERKSHIRE WEST ICB - 14Y",Count_WaitingForTreatment,240.0
"NHS BUCKINGHAMSHIRE, OXFORDSHIRE AND BERKSHIRE WEST ICB - 14Y",Count_WaitingForTreatment0to2weeks,195.0
"NHS BUCKINGHAMSHIRE, OXFORDSHIRE AND BERKSHIRE WEST ICB - 14Y",Count_WaitingForTreatment0to4weeks,220.0
"NHS BUCKINGHAMSHIRE, OXFORDSHIRE AND BERKSHIRE WEST ICB - 14Y",Count_WaitingForTreatment0to6weeks,230.0
"NHS BUCKINGHAMSHIRE, OXFORDSHIRE AND BERKSHIRE WEST ICB - 14Y",Count_WaitingForTreatment0to12weeks,240.0
"NHS BUCKINGHAMSHIRE, OXFORDSHIRE AND BERKSHIRE WEST ICB - 14Y",Count_WaitingForTreatment0to18weeks,240.0
"NHS BUCKINGHAMSHIRE, OXFORDSHIRE AND BERKSHIRE WEST ICB - 15A",Count_WaitingForAssessment,1775.0
"NHS BUCKINGHAMSHIRE, OXFORDSHIRE AND BERKSHIRE WEST ICB - 15A",Count_WaitingForAssessmentOver90days,35.0
"NHS BUCKINGHAMSHIRE, OXFORDSHIRE AND BERKSHIRE WEST ICB - 15A",Count_WaitingForTreatment,1770.0
"NHS BUCKINGHAMSHIRE, OXFORDSHIRE AND BERKSHIRE WEST ICB - 15A",Count_WaitingForTreatment0to2weeks,535.0
"NHS BUCKINGHAMSHIRE, OXFORDSHIRE AND BERKSHIRE WEST ICB - 15A",Count_WaitingForTreatment0to4weeks,1030.0
"NHS BUCKINGHAMSHIRE, OXFORDSHIRE AND BERKSHIRE WEST ICB - 15A",Count_WaitingForTreatment0to6weeks,1415.0
"NHS BUCKINGHAMSHIRE, OXFORDSHIRE AND BERKSHIRE WEST ICB - 15A",Count_WaitingForTreatment0to12weeks,1735.0
"NHS BUCKINGHAMSHIRE, OXFORDSHIRE AND BERKSHIRE WEST ICB - 15A",Count_WaitingForTreatment0to18weeks,1755.0
"NHS BUCKINGHAMSHIRE, OXFORDSHIRE AND BERKSHIRE WEST ICB - 15A",Count_WaitingForTreatmentOver18weeks,15.0
"NHS BUCKINGHAMSHIRE, OXFORDSHIRE AND BERKSHIRE WEST ICB - 15A",Count_WaitingForTreatmentOver90days,35.0
"NHS BRISTOL, NORTH SOMERSET AND SOUTH GLOUCESTERSHIRE ICB - 15C",Count_WaitingForAssessment,2770.0
"NHS BRISTOL, NORTH SOMERSET AND SOUTH GLOUCESTERSHIRE ICB - 15C",Count_WaitingForAssessmentOver90days,10.0
"NHS BRISTOL, NORTH SOMERSET AND SOUTH GLOUCESTERSHIRE ICB - 15C",Count_WaitingForTreatment,2765.0
"NHS BRISTOL, NORTH SOMERSET AND SOUTH GLOUCESTERSHIRE ICB - 15C",Count_WaitingForTreatment0to2weeks,1125.0
"NHS BRISTOL, NORTH SOMERSET AND SOUTH GLOUCESTERSHIRE ICB - 15C",Count_WaitingForTreatment0to4weeks,2210.0
"NHS BRISTOL, NORTH SOMERSET AND SOUTH GLOUCESTERSHIRE ICB - 15C",Count_WaitingForTreatment0to6weeks,2700.0
"NHS BRISTOL, NORTH SOMERSET AND SOUTH GLOUCESTERSHIRE ICB - 15C",Count_WaitingForTreatment0to12weeks,2755.0
"NHS BRISTOL, NORTH SOMERSET AND SOUTH GLOUCESTERSHIRE ICB - 15C",Count_WaitingForTreatment0to18weeks,2760.0
"NHS BRISTOL, NORTH SOMERSET AND SOUTH GLOUCESTERSHIRE ICB - 15C",Count_WaitingForTreatmentOver18weeks,5.0
"NHS BRISTOL, NORTH SOMERSET AND SOUTH GLOUCESTERSHIRE ICB - 15C",Count_WaitingForTreatmentOver90days,5.0
NHS BIRMINGHAM AND SOLIHULL ICB - 15E,Count_WaitingForAssessment,4570.0
NHS BIRMINGHAM AND SOLIHULL ICB - 15E,Count_WaitingForAssessmentOver90days,255.0
NHS BIRMINGHAM AND SOLIHULL ICB - 15E,Count_WaitingForTreatment,4470.0
NHS BIRMINGHAM AND SOLIHULL ICB - 15E,Count_WaitingForTreatment0to2weeks,1730.0
NHS BIRMINGHAM AND SOLIHULL ICB - 15E,Count_WaitingForTreatment0to4weeks,2755.0
NHS BIRMINGHAM AND SOLIHULL ICB - 15E,Count_WaitingForTreatment0to6weeks,3280.0
NHS BIRMINGHAM AND SOLIHULL ICB - 15E,Count_WaitingForTreatment0to12weeks,4180.0
NHS BIRMINGHAM AND SOLIHULL ICB - 15E,Count_WaitingForTreatment0to18weeks,4345.0
NHS BIRMINGHAM AND SOLIHULL ICB - 15E,Count_WaitingForTreatmentOver18weeks,120.0
NHS BIRMINGHAM AND SOLIHULL ICB - 15E,Count_WaitingForTreatmentOver90days,245.0
NHS WEST YORKSHIRE ICB - 15F,Count_WaitingForAssessment,2900.0
NHS WEST YORKSHIRE ICB - 15F,Count_WaitingForAssessmentOver90days,415.0
NHS WEST YORKSHIRE ICB - 15F,Count_WaitingForTreatment,2840.0
NHS WEST YORKSHIRE ICB - 15F,Count_WaitingForTreatment0to2weeks,845.0
NHS WEST YORKSHIRE ICB - 15F,Count_WaitingForTreatment0to4weeks,1370.0
NHS WEST YORKSHIRE ICB - 15F,Count_WaitingForTreatment0to6weeks,1835.0
NHS WEST YORKSHIRE ICB - 15F,Count_WaitingForTreatment0to12weeks,2470.0
NHS WEST YORKSHIRE ICB - 15F,Count_WaitingForTreatment0to18weeks,2590.0
NHS WEST YORKSHIRE ICB - 15F,Count_WaitingForTreatmentOver18weeks,250.0
NHS WEST YORKSHIRE ICB - 15F,Count_WaitingForTreatmentOver90days,360.0
NHS DERBY AND DERBYSHIRE ICB - 15M,Count_WaitingForAssessment,2740.0
NHS DERBY AND DERBYSHIRE ICB - 15M,Count_WaitingForAssessmentOver90days,30.0
NHS DERBY AND DERBYSHIRE ICB - 15M,Count_WaitingForTreatment,2720.0
NHS DERBY AND DERBYSHIRE ICB - 15M,Count_WaitingForTreatment0to2weeks,1330.0
NHS DERBY AND DERBYSHIRE ICB - 15M,Count_WaitingForTreatment0to4weeks,2240.0
NHS DERBY AND DERBYSHIRE ICB - 15M,Count_WaitingForTreatment0to6weeks,2590.0
NHS DERBY AND DERBYSHIRE ICB - 15M,Count_WaitingForTreatment0to12weeks,2710.0
NHS DERBY AND DERBYSHIRE ICB - 15M,Count_WaitingForTreatment0to18weeks,2715.0
NHS DERBY AND DERBYSHIRE ICB - 15M,Count_WaitingForTreatmentOver18weeks,5.0
NHS DERBY AND DERBYSHIRE ICB - 15M,Count_WaitingForTreatmentOver90days,10.0
NHS DEVON ICB - 15N,Count_WaitingForAssessment,4035.0
NHS DEVON ICB - 15N,Count_WaitingForAssessmentOver90days,180.0
NHS DEVON ICB - 15N,Count_WaitingForTreatment,3900.0
NHS DEVON ICB - 15N,Count_WaitingForTreatment0to2weeks,1425.0
NHS DEVON ICB - 15N,Count_WaitingForTreatment0to4weeks,2635.0
NHS DEVON ICB - 15N,Count_WaitingForTreatment0to6weeks,3275.0
NHS DEVON ICB - 15N,Count_WaitingForTreatment0to12weeks,3800.0
NHS DEVON ICB - 15N,Count_WaitingForTreatment0to18weeks,3860.0
NHS DEVON ICB - 15N,Count_WaitingForTreatmentOver18weeks,40.0
NHS DEVON ICB - 15N,Count_WaitingForTreatmentOver90days,90.0
NHS NORTH EAST AND NORTH CUMBRIA ICB - 16C,Count_WaitingForAssessment,1300.0
NHS NORTH EAST AND NORTH CUMBRIA ICB - 16C,Count_WaitingForAssessmentOver90days,20.0
NHS NORTH EAST AND NORTH CUMBRIA ICB - 16C,Count_WaitingForTreatment,1290.0
NHS NORTH EAST AND NORTH CUMBRIA ICB - 16C,Count_WaitingForTreatment0to2weeks,700.0
NHS NORTH EAST AND NORTH CUMBRIA ICB - 16C,Count_WaitingForTreatment0to4weeks,1065.0
NHS NORTH EAST AND NORTH CUMBRIA ICB - 16C,Count_WaitingForTreatment0to6weeks,1230.0
NHS NORTH EAST AND NORTH CUMBRIA ICB - 16C,Count_WaitingForTreatment0to12weeks,1280.0
NHS NORTH EAST AND NORTH CUMBRIA ICB - 16C,Count_WaitingForTreatment0to18weeks,1280.0
NHS NORTH EAST AND NORTH CUMBRIA ICB - 16C,Count_WaitingForTreatmentOver18weeks,10.0
NHS NORTH EAST AND NORTH CUMBRIA ICB - 16C,Count_WaitingForTreatmentOver90days,10.0
NHS HEREFORDSHIRE AND WORCESTERSHIRE ICB - 18C,Count_WaitingForAssessment,1690.0
NHS HEREFORDSHIRE AND WORCESTERSHIRE ICB - 18C,Count_WaitingForAssessmentOver90days,85.0
NHS HEREFORDSHIRE AND WORCESTERSHIRE ICB - 18C,Count_WaitingForTreatment,1690.0
NHS HEREFORDSHIRE AND WORCESTERSHIRE ICB - 18C,Count_WaitingForTreatment0to2weeks,795.0
NHS HEREFORDSHIRE AND WORCESTERSHIRE ICB - 18C,Count_WaitingForTreatment0to4weeks,1235.0
NHS HEREFORDSHIRE AND WORCESTERSHIRE ICB - 18C,Count_WaitingForTreatment0to6weeks,1420.0
NHS HEREFORDSHIRE AND WORCESTERSHIRE ICB - 18C,Count_WaitingForTreatment0to12weeks,1605.0
NHS HEREFORDSHIRE AND WORCESTERSHIRE ICB - 18C,Count_WaitingForTreatment0to18weeks,1670.0
NHS HEREFORDSHIRE AND WORCESTERSHIRE ICB - 18C,Count_WaitingForTreatmentOver18weeks,25.0
NHS HEREFORDSHIRE AND WORCESTERSHIRE ICB - 18C,Count_WaitingForTreatmentOver90days,75.0
NHS NORFOLK AND WAVENEY ICB - 26A,Count_WaitingForAssessment,2870.0
NHS NORFOLK AND WAVENEY ICB - 26A,Count_WaitingForAssessmentOver90days,25.0
NHS NORFOLK AND WAVENEY ICB - 26A,Count_WaitingForTreatment,2945.0
NHS NORFOLK AND WAVENEY ICB - 26A,Count_WaitingForTreatment0to2weeks,1345.0
NHS NORFOLK AND WAVENEY ICB - 26A,Count_WaitingForTreatment0to4weeks,2280.0
NHS NORFOLK AND WAVENEY ICB - 26A,Count_WaitingForTreatment0to6weeks,2760.0
NHS NORFOLK AND WAVENEY ICB - 26A,Count_WaitingForTreatment0to12weeks,2930.0
NHS NORFOLK AND WAVENEY ICB - 26A,Count_WaitingForTreatment0to18weeks,2935.0
NHS NORFOLK AND WAVENEY ICB - 26A,Count_WaitingForTreatmentOver18weeks,5.0
NHS NORFOLK AND WAVENEY ICB - 26A,Count_WaitingForTreatmentOver90days,10.0
NHS CHESHIRE AND MERSEYSIDE ICB - 27D,Count_WaitingForAssessment,1370.0
NHS CHESHIRE AND MERSEYSIDE ICB - 27D,Count_WaitingForAssessmentOver90days,55.0
NHS CHESHIRE AND MERSEYSIDE ICB - 27D,Count_WaitingForTreatment,1340.0
NHS CHESHIRE AND MERSEYSIDE ICB - 27D,Count_WaitingForTreatment0to2weeks,765.0
NHS CHESHIRE AND MERSEYSIDE ICB - 27D,Count_WaitingForTreatment0to4weeks,1125.0
NHS CHESHIRE AND MERSEYSIDE ICB - 27D,Count_WaitingForTreatment0to6weeks,1255.0
NHS CHESHIRE AND MERSEYSIDE ICB - 27D,Count_WaitingForTreatment0to12weeks,1295.0
NHS CHESHIRE AND MERSEYSIDE ICB - 27D,Count_WaitingForTreatment0to18weeks,1300.0
NHS CHESHIRE AND MERSEYSIDE ICB - 27D,Count_WaitingForTreatmentOver18weeks,40.0
NHS CHESHIRE AND MERSEYSIDE ICB - 27D,Count_WaitingForTreatmentOver90days,45.0
NHS WEST YORKSHIRE ICB - 36J,Count_WaitingForAssessment,1395.0
NHS WEST YORKSHIRE ICB - 36J,Count_WaitingForAssessmentOver90days,20.0
NHS WEST YORKSHIRE ICB - 36J,Count_WaitingForTreatment,1350.0
NHS WEST YORKSHIRE ICB - 36J,Count_WaitingForTreatment0to2weeks,705.0
NHS WEST YORKSHIRE ICB - 36J,Count_WaitingForTreatment0to4weeks,1180.0
NHS WEST YORKSHIRE ICB - 36J,Count_WaitingForTreatment0to6weeks,1305.0
NHS WEST YORKSHIRE ICB - 36J,Count_WaitingForTreatment0to12weeks,1345.0
NHS WEST YORKSHIRE ICB - 36J,Count_WaitingForTreatment0to18weeks,1345.0
NHS WEST YORKSHIRE ICB - 36J,Count_WaitingForTreatmentOver18weeks,5.0
NHS WEST YORKSHIRE ICB - 36J,Count_WaitingForTreatmentOver90days,5.0
NHS SOUTH WEST LONDON ICB - 36L,Count_WaitingForAssessment,3160.0
NHS SOUTH WEST LONDON ICB - 36L,Count_WaitingForAssessmentOver90days,80.0
NHS SOUTH WEST LONDON ICB - 36L,Count_WaitingForTreatment,3155.0
NHS SOUTH WEST LONDON ICB - 36L,Count_WaitingForTreatment0to2weeks,1440.0
NHS SOUTH WEST LONDON ICB - 36L,Count_WaitingForTreatment0to4weeks,2320.0
NHS SOUTH WEST LONDON ICB - 36L,Count_WaitingForTreatment0to6weeks,2810.0
NHS SOUTH WEST LONDON ICB - 36L,Count_WaitingForTreatment0to12weeks,3095.0
NHS SOUTH WEST LONDON ICB - 36L,Count_WaitingForTreatment0to18weeks,3110.0
NHS SOUTH WEST LONDON ICB - 36L,Count_WaitingForTreatmentOver18weeks,45.0
NHS SOUTH WEST LONDON ICB - 36L,Count_WaitingForTreatmentOver90days,60.0
NHS HUMBER AND NORTH YORKSHIRE ICB - 42D,Count_WaitingForAssessment,1315.0
NHS HUMBER AND NORTH YORKSHIRE ICB - 42D,Count_WaitingForAssessmentOver90days,25.0
NHS HUMBER AND NORTH YORKSHIRE ICB - 42D,Count_WaitingForTreatment,1285.0
NHS HUMBER AND NORTH YORKSHIRE ICB - 42D,Count_WaitingForTreatment0to2weeks,450.0
NHS HUMBER AND NORTH YORKSHIRE ICB - 42D,Count_WaitingForTreatment0to4weeks,830.0
NHS HUMBER AND NORTH YORKSHIRE ICB - 42D,Count_WaitingForTreatment0to6weeks,1105.0
NHS HUMBER AND NORTH YORKSHIRE ICB - 42D,Count_WaitingForTreatment0to12weeks,1275.0
NHS HUMBER AND NORTH YORKSHIRE ICB - 42D,Count_WaitingForTreatment0to18weeks,1280.0
NHS HUMBER AND NORTH YORKSHIRE ICB - 42D,Count_WaitingForTreatmentOver18weeks,5.0
NHS HUMBER AND NORTH YORKSHIRE ICB - 42D,Count_WaitingForTreatmentOver90days,10.0
NHS NOTTINGHAM AND NOTTINGHAMSHIRE ICB - 52R,Count_WaitingForAssessment,2885.0
NHS NOTTINGHAM AND NOTTINGHAMSHIRE ICB - 52R,Count_WaitingForAssessmentOver90days,25.0
NHS NOTTINGHAM AND NOTTINGHAMSHIRE ICB - 52R,Count_WaitingForTreatment,2855.0
NHS NOTTINGHAM AND NOTTINGHAMSHIRE ICB - 52R,Count_WaitingForTreatment0to2weeks,1355.0
NHS NOTTINGHAM AND NOTTINGHAMSHIRE ICB - 52R,Count_WaitingForTreatment0to4weeks,2245.0
NHS NOTTINGHAM AND NOTTINGHAMSHIRE ICB - 52R,Count_WaitingForTreatment0to6weeks,2685.0
NHS NOTTINGHAM AND NOTTINGHAMSHIRE ICB - 52R,Count_WaitingForTreatment0to12weeks,2850.0
NHS NOTTINGHAM AND NOTTINGHAMSHIRE ICB - 52R,Count_WaitingForTreatment0to18weeks,2855.0
NHS SUSSEX ICB - 70F,Count_WaitingForAssessment,1665.0
NHS SUSSEX ICB - 70F,Count_WaitingForAssessmentOver90days,30.0
NHS SUSSEX ICB - 70F,Count_WaitingForTreatment,1670.0
NHS SUSSEX ICB - 70F,Count_WaitingForTreatment0to2weeks,880.0
NHS SUSSEX ICB - 70F,Count_WaitingForTreatment0to4weeks,1420.0
NHS SUSSEX ICB - 70F,Count_WaitingForTreatment0to6weeks,1580.0
NHS SUSSEX ICB - 70F,Count_WaitingForTreatment0to12weeks,1660.0
NHS SUSSEX ICB - 70F,Count_WaitingForTreatment0to18weeks,1665.0
NHS SUSSEX ICB - 70F,Count_WaitingForTreatmentOver18weeks,5.0
NHS SUSSEX ICB - 70F,Count_WaitingForTreatmentOver90days,10.0
NHS LINCOLNSHIRE ICB - 71E,Count_WaitingForAssessment,995.0
NHS LINCOLNSHIRE ICB - 71E,Count_WaitingForAssessmentOver90days,15.0
NHS LINCOLNSHIRE ICB - 71E,Count_WaitingForTreatment,970.0
NHS LINCOLNSHIRE ICB - 71E,Count_WaitingForTreatment0to2weeks,700.0
NHS LINCOLNSHIRE ICB - 71E,Count_WaitingForTreatment0to4weeks,940.0
NHS LINCOLNSHIRE ICB - 71E,Count_WaitingForTreatment0to6weeks,960.0
NHS LINCOLNSHIRE ICB - 71E,Count_WaitingForTreatment0to12weeks,970.0
NHS LINCOLNSHIRE ICB - 71E,Count_WaitingForTreatment0to18weeks,970.0
NHS SOUTH EAST LONDON ICB - 72Q,Count_WaitingForAssessment,5380.0
NHS SOUTH EAST LONDON ICB - 72Q,Count_WaitingForAssessmentOver90days,685.0
NHS SOUTH EAST LONDON ICB - 72Q,Count_WaitingForTreatment,5240.0
NHS SOUTH EAST LONDON ICB - 72Q,Count_WaitingForTreatment0to2weeks,2130.0
NHS SOUTH EAST LONDON ICB - 72Q,Count_WaitingForTreatment0to4weeks,3450.0
NHS SOUTH EAST LONDON ICB - 72Q,Count_WaitingForTreatment0to6weeks,4060.0
NHS SOUTH EAST LONDON ICB - 72Q,Count_WaitingForTreatment0to12weeks,4630.0
NHS SOUTH EAST LONDON ICB - 72Q,Count_WaitingForTreatment0to18weeks,4760.0
NHS SOUTH EAST LONDON ICB - 72Q,Count_WaitingForTreatmentOver18weeks,480.0
NHS SOUTH EAST LONDON ICB - 72Q,Count_WaitingForTreatmentOver90days,590.0
NHS NORTHAMPTONSHIRE ICB - 78H,Count_WaitingForAssessment,2230.0
NHS NORTHAMPTONSHIRE ICB - 78H,Count_WaitingForAssessmentOver90days,105.0
NHS NORTHAMPTONSHIRE ICB - 78H,Count_WaitingForTreatment,2180.0
NHS NORTHAMPTONSHIRE ICB - 78H,Count_WaitingForTreatment0to2weeks,515.0
NHS NORTHAMPTONSHIRE ICB - 78H,Count_WaitingForTreatment0to4weeks,1100.0
NHS NORTHAMPTONSHIRE ICB - 78H,Count_WaitingForTreatment0to6weeks,1595.0
NHS NORTHAMPTONSHIRE ICB - 78H,Count_WaitingForTreatment0to12weeks,2110.0
NHS NORTHAMPTONSHIRE ICB - 78H,Count_WaitingForTreatment0to18weeks,2150.0
NHS NORTHAMPTONSHIRE ICB - 78H,Count_WaitingForTreatmentOver18weeks,35.0
NHS NORTHAMPTONSHIRE ICB - 78H,Count_WaitingForTreatmentOver90days,65.0
NHS NORTH EAST AND NORTH CUMBRIA ICB - 84H,Count_WaitingForAssessment,840.0
NHS NORTH EAST AND NORTH CUMBRIA ICB - 84H,Count_WaitingForAssessmentOver90days,20.0
NHS NORTH EAST AND NORTH CUMBRIA ICB - 84H,Count_WaitingForTreatment,825.0
NHS NORTH EAST AND NORTH CUMBRIA ICB - 84H,Count_WaitingForTreatment0to2weeks,585.0
NHS NORTH EAST AND NORTH CUMBRIA ICB - 84H,Count_WaitingForTreatment0to4weeks,805.0
NHS NORTH EAST AND NORTH CUMBRIA ICB - 84H,Count_WaitingForTreatment0to6weeks,810.0
NHS NORTH EAST AND NORTH CUMBRIA ICB - 84H,Count_WaitingForTreatment0to12weeks,815.0
NHS NORTH EAST AND NORTH CUMBRIA ICB - 84H,Count_WaitingForTreatment0to18weeks,815.0
NHS NORTH EAST AND NORTH CUMBRIA ICB - 84H,Count_WaitingForTreatmentOver18weeks,10.0
NHS NORTH EAST AND NORTH CUMBRIA ICB - 84H,Count_WaitingForTreatmentOver90days,10.0
NHS KENT AND MEDWAY ICB - 91Q,Count_WaitingForAssessment,3235.0
NHS KENT AND MEDWAY ICB - 91Q,Count_WaitingForAssessmentOver90days,10.0
NHS KENT AND MEDWAY ICB - 91Q,Count_WaitingForTreatment,3230.0
NHS KENT AND MEDWAY ICB - 91Q,Count_WaitingForTreatment0to2weeks,2045.0
NHS KENT AND MEDWAY ICB - 91Q,Count_WaitingForTreatment0to4weeks,3080.0
NHS KENT AND MEDWAY ICB - 91Q,Count_WaitingForTreatment0to6weeks,3185.0
NHS KENT AND MEDWAY ICB - 91Q,Count_WaitingForTreatment0to12weeks,3225.0
NHS KENT AND MEDWAY ICB - 91Q,Count_WaitingForTreatment0to18weeks,3225.0
NHS KENT AND MEDWAY ICB - 91Q,Count_WaitingForTreatmentOver90days,5.0
NHS SURREY HEARTLANDS ICB - 92A,Count_WaitingForAssessment,1590.0
NHS SURREY HEARTLANDS ICB - 92A,Count_WaitingForAssessmentOver90days,20.0
NHS SURREY HEARTLANDS ICB - 92A,Count_WaitingForTreatment,1520.0
NHS SURREY HEARTLANDS ICB - 92A,Count_WaitingForTreatment0to2weeks,1215.0
NHS SURREY HEARTLANDS ICB - 92A,Count_WaitingForTreatment0to4weeks,1445.0
NHS SURREY HEARTLANDS ICB - 92A,Count_WaitingForTreatment0to6weeks,1495.0
NHS SURREY HEARTLANDS ICB - 92A,Count_WaitingForTreatment0to12weeks,1510.0
NHS SURREY HEARTLANDS ICB - 92A,Count_WaitingForTreatment0to18weeks,1510.0
NHS SURREY HEARTLANDS ICB - 92A,Count_WaitingForTreatmentOver18weeks,10.0
NHS SURREY HEARTLANDS ICB - 92A,Count_WaitingForTreatmentOver90days,10.0
"NHS BATH AND NORTH EAST SOMERSET, SWINDON AND WILTSHIRE ICB - 92G",Count_WaitingForAssessment,1155.0
"NHS BATH AND NORTH EAST SOMERSET, SWINDON AND WILTSHIRE ICB - 92G",Count_WaitingForAssessmentOver90days,20.0
"NHS BATH AND NORTH EAST SOMERSET, SWINDON AND WILTSHIRE ICB - 92G",Count_WaitingForTreatment,1195.0
"NHS BATH AND NORTH EAST SOMERSET, SWINDON AND WILTSHIRE ICB - 92G",Count_WaitingForTreatment0to2weeks,830.0
"NHS BATH AND NORTH EAST SOMERSET, SWINDON AND WILTSHIRE ICB - 92G",Count_WaitingForTreatment0to4weeks,1085.0
"NHS BATH AND NORTH EAST SOMERSET, SWINDON AND WILTSHIRE ICB - 92G",Count_WaitingForTreatment0to6weeks,1145.0
"NHS BATH AND NORTH EAST SOMERSET, SWINDON AND WILTSHIRE ICB - 92G",Count_WaitingForTreatment0to12weeks,1180.0
"NHS BATH AND NORTH EAST SOMERSET, SWINDON AND WILTSHIRE ICB - 92G",Count_WaitingForTreatment0to18weeks,1185.0
"NHS BATH AND NORTH EAST SOMERSET, SWINDON AND WILTSHIRE ICB - 92G",Count_WaitingForTreatmentOver18weeks,10.0
"NHS BATH AND NORTH EAST SOMERSET, SWINDON AND WILTSHIRE ICB - 92G",Count_WaitingForTreatmentOver90days,15.0
NHS NORTH CENTRAL LONDON ICB - 93C,Count_WaitingForAssessment,3720.0
NHS NORTH CENTRAL LONDON ICB - 93C,Count_WaitingForAssessmentOver90days,270.0
NHS NORTH CENTRAL LONDON ICB - 93C,Count_WaitingForTreatment,3630.0
NHS NORTH CENTRAL LONDON ICB - 93C,Count_WaitingForTreatment0to2weeks,1640.0
NHS NORTH CENTRAL LONDON ICB - 93C,Count_WaitingForTreatment0to4weeks,2645.0
NHS NORTH CENTRAL LONDON ICB - 93C,Count_WaitingForTreatment0to6weeks,3040.0
NHS NORTH CENTRAL LONDON ICB - 93C,Count_WaitingForTreatment0to12weeks,3420.0
NHS NORTH CENTRAL LONDON ICB - 93C,Count_WaitingForTreatment0to18weeks,3515.0
NHS NORTH CENTRAL LONDON ICB - 93C,Count_WaitingForTreatmentOver18weeks,110.0
NHS NORTH CENTRAL LONDON ICB - 93C,Count_WaitingForTreatmentOver90days,190.0
NHS SUSSEX ICB - 97R,Count_WaitingForAssessment,865.0
NHS SUSSEX ICB - 97R,Count_WaitingForAssessmentOver90days,90.0
NHS SUSSEX ICB - 97R,Count_WaitingForTreatment,765.0
NHS SUSSEX ICB - 97R,Count_WaitingForTreatment0to2weeks,500.0
NHS SUSSEX ICB - 97R,Count_WaitingForTreatment0to4weeks,695.0
NHS SUSSEX ICB - 97R,Count_WaitingForTreatment0to6weeks,740.0
NHS SUSSEX ICB - 97R,Count_WaitingForTreatment0to12weeks,755.0
NHS SUSSEX ICB - 97R,Count_WaitingForTreatment0to18weeks,760.0
NHS SUSSEX ICB - 97R,Count_WaitingForTreatmentOver18weeks,5.0
NHS SUSSEX ICB - 97R,Count_WaitingForTreatmentOver90days,10.0
NHS CHESHIRE AND MERSEYSIDE ICB - 99A,Count_WaitingForAssessment,1025.0
NHS CHESHIRE AND MERSEYSIDE ICB - 99A,Count_WaitingForAssessmentOver90days,50.0
NHS CHESHIRE AND MERSEYSIDE ICB - 99A,Count_WaitingForTreatment,965.0
NHS CHESHIRE AND MERSEYSIDE ICB - 99A,Count_WaitingForTreatment0to2weeks,555.0
NHS CHESHIRE AND MERSEYSIDE ICB - 99A,Count_WaitingForTreatment0to4weeks,820.0
NHS CHESHIRE AND MERSEYSIDE ICB - 99A,Count_WaitingForTreatment0to6weeks,920.0
NHS CHESHIRE AND MERSEYSIDE ICB - 99A,Count_WaitingForTreatment0to12weeks,950.0
NHS CHESHIRE AND MERSEYSIDE ICB - 99A,Count_WaitingForTreatment0to18weeks,955.0
NHS CHESHIRE AND MERSEYSIDE ICB - 99A,Count_WaitingForTreatmentOver18weeks,5.0
NHS CHESHIRE AND MERSEYSIDE ICB - 99A,Count_WaitingForTreatmentOver90days,10.0
NHS NORTH EAST AND NORTH CUMBRIA ICB - 99C,Count_WaitingForAssessment,365.0
NHS NORTH EAST AND NORTH CUMBRIA ICB - 99C,Count_WaitingForAssessmentOver90days,20.0
NHS NORTH EAST AND NORTH CUMBRIA ICB - 99C,Count_WaitingForTreatment,340.0
NHS NORTH EAST AND NORTH CUMBRIA ICB - 99C,Count_WaitingForTreatment0to2weeks,225.0
NHS NORTH EAST AND NORTH CUMBRIA ICB - 99C,Count_WaitingForTreatment0to4weeks,310.0
NHS NORTH EAST AND NORTH CUMBRIA ICB - 99C,Count_WaitingForTreatment0to6weeks,325.0
NHS NORTH EAST AND NORTH CUMBRIA ICB - 99C,Count_WaitingForTreatment0to12weeks,335.0
NHS NORTH EAST AND NORTH CUMBRIA ICB - 99C,Count_WaitingForTreatment0to18weeks,335.0
NHS MID AND SOUTH ESSEX ICB - 99E,Count_WaitingForAssessment,145.0
NHS MID AND SOUTH ESSEX ICB - 99E,Count_WaitingForAssessmentOver90days,5.0
NHS MID AND SOUTH ESSEX ICB - 99E,Count_WaitingForTreatment,145.0
NHS MID AND SOUTH ESSEX ICB - 99E,Count_WaitingForTreatment0to2weeks,130.0
NHS MID AND SOUTH ESSEX ICB - 99E,Count_WaitingForTreatment0to4weeks,140.0
NHS MID AND SOUTH ESSEX ICB - 99E,Count_WaitingForTreatment0to6weeks,140.0
NHS MID AND SOUTH ESSEX ICB - 99E,Count_WaitingForTreatment0to12weeks,140.0
NHS MID AND SOUTH ESSEX ICB - 99E,Count_WaitingForTreatment0to18weeks,140.0
NHS MID AND SOUTH ESSEX ICB - 99F,Count_WaitingForAssessment,215.0
NHS MID AND SOUTH ESSEX ICB - 99F,Count_WaitingForAssessmentOver90days,20.0
NHS MID AND SOUTH ESSEX ICB - 99F,Count_WaitingForTreatment,170.0
NHS MID AND SOUTH ESSEX ICB - 99F,Count_WaitingForTreatment0to2weeks,130.0
NHS MID AND SOUTH ESSEX ICB - 99F,Count_WaitingForTreatment0to4weeks,150.0
NHS MID AND SOUTH ESSEX ICB - 99F,Count_WaitingForTreatment0to6weeks,155.0
NHS MID AND SOUTH ESSEX ICB - 99F,Count_WaitingForTreatment0to12weeks,160.0
NHS MID AND SOUTH ESSEX ICB - 99F,Count_WaitingForTreatment0to18weeks,160.0
NHS MID AND SOUTH ESSEX ICB - 99F,Count_WaitingForTreatmentOver18weeks,10.0
NHS MID AND SOUTH ESSEX ICB - 99F,Count_WaitingForTreatmentOver90days,10.0
NHS MID AND SOUTH ESSEX ICB - 99G,Count_WaitingForAssessment,285.0
NHS MID AND SOUTH ESSEX ICB - 99G,Count_WaitingForAssessmentOver90days,30.0
NHS MID AND SOUTH ESSEX ICB - 99G,Count_WaitingForTreatment,240.0
NHS MID AND SOUTH ESSEX ICB - 99G,Count_WaitingForTreatment0to2weeks,195.0
NHS MID AND SOUTH ESSEX ICB - 99G,Count_WaitingForTreatment0to4weeks,225.0
NHS MID AND SOUTH ESSEX ICB - 99G,Count_WaitingForTreatment0to6weeks,225.0
NHS MID AND SOUTH ESSEX ICB - 99G,Count_WaitingForTreatment0to12weeks,230.0
NHS MID AND SOUTH ESSEX ICB - 99G,Count_WaitingForTreatment0to18weeks,230.0
NHS MID AND SOUTH ESSEX ICB - 99G,Count_WaitingForTreatmentOver18weeks,10.0
NHS MID AND SOUTH ESSEX ICB - 99G,Count_WaitingForTreatmentOver90days,10.0
NHS NORTH EAST LONDON ICB - A3A8R,Count_WaitingForAssessment,6575.0
NHS NORTH EAST LONDON ICB - A3A8R,Count_WaitingForAssessmentOver90days,625.0
NHS NORTH EAST LONDON ICB - A3A8R,Count_WaitingForTreatment,6105.0
NHS NORTH EAST LONDON ICB - A3A8R,Count_WaitingForTreatment0to2weeks,2390.0
NHS NORTH EAST LONDON ICB - A3A8R,Count_WaitingForTreatment0to4weeks,4220.0
NHS NORTH EAST LONDON ICB - A3A8R,Count_WaitingForTreatment0to6weeks,5230.0
NHS NORTH EAST LONDON ICB - A3A8R,Count_WaitingForTreatment0to12weeks,5895.0
NHS NORTH EAST LONDON ICB - A3A8R,Count_WaitingForTreatment0to18weeks,5950.0
NHS NORTH EAST LONDON ICB - A3A8R,Count_WaitingForTreatmentOver18weeks,155.0
NHS NORTH EAST LONDON ICB - A3A8R,Count_WaitingForTreatmentOver90days,190.0
NHS COVENTRY AND WARWICKSHIRE ICB - B2M3M,Count_WaitingForAssessment,1535.0
NHS COVENTRY AND WARWICKSHIRE ICB - B2M3M,Count_WaitingForAssessmentOver90days,50.0
NHS COVENTRY AND WARWICKSHIRE ICB - B2M3M,Count_WaitingForTreatment,1480.0
NHS COVENTRY AND WARWICKSHIRE ICB - B2M3M,Count_WaitingForTreatment0to2weeks,985.0
NHS COVENTRY AND WARWICKSHIRE ICB - B2M3M,Count_WaitingForTreatment0to4weeks,1385.0
NHS COVENTRY AND WARWICKSHIRE ICB - B2M3M,Count_WaitingForTreatment0to6weeks,1440.0
NHS COVENTRY AND WARWICKSHIRE ICB - B2M3M,Count_WaitingForTreatment0to12weeks,1470.0
NHS COVENTRY AND WARWICKSHIRE ICB - B2M3M,Count_WaitingForTreatment0to18weeks,1475.0
NHS COVENTRY AND WARWICKSHIRE ICB - B2M3M,Count_WaitingForTreatmentOver18weeks,5.0
NHS COVENTRY AND WARWICKSHIRE ICB - B2M3M,Count_WaitingForTreatmentOver90days,10.0
NHS BLACK COUNTRY ICB - D2P2L,Count_WaitingForAssessment,4910.0
NHS BLACK COUNTRY ICB - D2P2L,Count_WaitingForAssessmentOver90days,840.0
NHS BLACK COUNTRY ICB - D2P2L,Count_WaitingForTreatment,5205.0
NHS BLACK COUNTRY ICB - D2P2L,Count_WaitingForTreatment0to2weeks,1305.0
NHS BLACK COUNTRY ICB - D2P2L,Count_WaitingForTreatment0to4weeks,2420.0
NHS BLACK COUNTRY ICB - D2P2L,Count_WaitingForTreatment0to6weeks,3340.0
NHS BLACK COUNTRY ICB - D2P2L,Count_WaitingForTreatment0to12weeks,4295.0
NHS BLACK COUNTRY ICB - D2P2L,Count_WaitingForTreatment0to18weeks,4510.0
NHS BLACK COUNTRY ICB - D2P2L,Count_WaitingForTreatmentOver18weeks,700.0
NHS BLACK COUNTRY ICB - D2P2L,Count_WaitingForTreatmentOver90days,875.0
NHS FRIMLEY ICB - D4U1Y,Count_WaitingForAssessment,1980.0
NHS FRIMLEY ICB - D4U1Y,Count_WaitingForAssessmentOver90days,60.0
NHS FRIMLEY ICB - D4U1Y,Count_WaitingForTreatment,1960.0
NHS FRIMLEY ICB - D4U1Y,Count_WaitingForTreatment0to2weeks,750.0
NHS FRIMLEY ICB - D4U1Y,Count_WaitingForTreatment0to4weeks,1255.0
NHS FRIMLEY ICB - D4U1Y,Count_WaitingForTreatment0to6weeks,1605.0
NHS FRIMLEY ICB - D4U1Y,Count_WaitingForTreatment0to12weeks,1895.0
NHS FRIMLEY ICB - D4U1Y,Count_WaitingForTreatment0to18weeks,1930.0
NHS FRIMLEY ICB - D4U1Y,Count_WaitingForTreatmentOver18weeks,35.0
NHS FRIMLEY ICB - D4U1Y,Count_WaitingForTreatmentOver90days,60.0
NHS HAMPSHIRE AND ISLE OF WIGHT ICB - D9Y0V,Count_WaitingForAssessment,4005.0
NHS HAMPSHIRE AND ISLE OF WIGHT ICB - D9Y0V,Count_WaitingForAssessmentOver90days,215.0
NHS HAMPSHIRE AND ISLE OF WIGHT ICB - D9Y0V,Count_WaitingForTreatment,3295.0
NHS HAMPSHIRE AND ISLE OF WIGHT ICB - D9Y0V,Count_WaitingForTreatment0to2weeks,1475.0
NHS HAMPSHIRE AND ISLE OF WIGHT ICB - D9Y0V,Count_WaitingForTreatment0to4weeks,2420.0
NHS HAMPSHIRE AND ISLE OF WIGHT ICB - D9Y0V,Count_WaitingForTreatment0to6weeks,2885.0
NHS HAMPSHIRE AND ISLE OF WIGHT ICB - D9Y0V,Count_WaitingForTreatment0to12weeks,3260.0
NHS HAMPSHIRE AND ISLE OF WIGHT ICB - D9Y0V,Count_WaitingForTreatment0to18weeks,3280.0
NHS HAMPSHIRE AND ISLE OF WIGHT ICB - D9Y0V,Count_WaitingForTreatmentOver18weeks,15.0
NHS HAMPSHIRE AND ISLE OF WIGHT ICB - D9Y0V,Count_WaitingForTreatmentOver90days,35.0
Unknown,Count_WaitingForAssessment,1545.0
Unknown,Count_WaitingForAssessmentOver90days,135.0
Unknown,Count_WaitingForTreatment,1410.0
Unknown,Count_WaitingForTreatment0to2weeks,810.0
Unknown,Count_WaitingForTreatment0to4weeks,1255.0
Unknown,Count_WaitingForTreatment0to6weeks,1320.0
Unknown,Count_WaitingForTreatment0to12weeks,1355.0
Unknown,Count_WaitingForTreatment0to18weeks,1360.0
Unknown,Count_WaitingForTreatmentOver18weeks,50.0
Unknown,Count_WaitingForTreatmentOver90days,55.0
"NHS BEDFORDSHIRE, LUTON AND MILTON KEYNES ICB - M1J4Y",Count_WaitingForAssessment,3150.0
"NHS BEDFORDSHIRE, LUTON AND MILTON KEYNES ICB - M1J4Y",Count_WaitingForAssessmentOver90days,240.0
"NHS BEDFORDSHIRE, LUTON AND MILTON KEYNES ICB - M1J4Y",Count_WaitingForTreatment,2925.0
"NHS BEDFORDSHIRE, LUTON AND MILTON KEYNES ICB - M1J4Y",Count_WaitingForTreatment0to2weeks,1140.0
"NHS BEDFORDSHIRE, LUTON AND MILTON KEYNES ICB - M1J4Y",Count_WaitingForTreatment0to4weeks,1885.0
"NHS BEDFORDSHIRE, LUTON AND MILTON KEYNES ICB - M1J4Y",Count_WaitingForTreatment0to6weeks,2350.0
"NHS BEDFORDSHIRE, LUTON AND MILTON KEYNES ICB - M1J4Y",Count_WaitingForTreatment0to12weeks,2805.0
"NHS BEDFORDSHIRE, LUTON AND MILTON KEYNES ICB - M1J4Y",Count_WaitingForTreatment0to18weeks,2860.0
"NHS BEDFORDSHIRE, LUTON AND MILTON KEYNES ICB - M1J4Y",Count_WaitingForTreatmentOver18weeks,60.0
"NHS BEDFORDSHIRE, LUTON AND MILTON KEYNES ICB - M1J4Y",Count_WaitingForTreatmentOver90days,110.0
"NHS SHROPSHIRE, TELFORD AND WREKIN ICB - M2L0M",Count_WaitingForAssessment,1330.0
"NHS SHROPSHIRE, TELFORD AND WREKIN ICB - M2L0M",Count_WaitingForAssessmentOver90days,30.0
"NHS SHROPSHIRE, TELFORD AND WREKIN ICB - M2L0M",Count_WaitingForTreatment,2715.0
"NHS SHROPSHIRE, TELFORD AND WREKIN ICB - M2L0M",Count_WaitingForTreatment0to2weeks,605.0
"NHS SHROPSHIRE, TELFORD AND WREKIN ICB - M2L0M",Count_WaitingForTreatment0to4weeks,1130.0
"NHS SHROPSHIRE, TELFORD AND WREKIN ICB - M2L0M",Count_WaitingForTreatment0to6weeks,1560.0
"NHS SHROPSHIRE, TELFORD AND WREKIN ICB - M2L0M",Count_WaitingForTreatment0to12weeks,2260.0
"NHS SHROPSHIRE, TELFORD AND WREKIN ICB - M2L0M",Count_WaitingForTreatment0to18weeks,2520.0
"NHS SHROPSHIRE, TELFORD AND WREKIN ICB - M2L0M",Count_WaitingForTreatmentOver18weeks,195.0
"NHS SHROPSHIRE, TELFORD AND WREKIN ICB - M2L0M",Count_WaitingForTreatmentOver90days,405.0
NHS NORTH WEST LONDON ICB - W2U3Z,Count_WaitingForAssessment,7330.0
NHS NORTH WEST LONDON ICB - W2U3Z,Count_WaitingForAssessmentOver90days,1120.0
NHS NORTH WEST LONDON ICB - W2U3Z,Count_WaitingForTreatment,7155.0
NHS NORTH WEST LONDON ICB - W2U3Z,Count_WaitingForTreatment0to2weeks,2925.0
NHS NORTH WEST LONDON ICB - W2U3Z,Count_WaitingForTreatment0to4weeks,4575.0
NHS NORTH WEST LONDON ICB - W2U3Z,Count_WaitingForTreatment0to6weeks,5405.0
NHS NORTH WEST LONDON ICB - W2U3Z,Count_WaitingForTreatment0to12weeks,6115.0
NHS NORTH WEST LONDON ICB - W2U3Z,Count_WaitingForTreatment0to18weeks,6310.0
NHS NORTH WEST LONDON ICB - W2U3Z,Count_WaitingForTreatmentOver18weeks,840.0
NHS NORTH WEST LONDON ICB - W2U3Z,Count_WaitingForTreatmentOver90days,1020.0
NHS WEST YORKSHIRE ICB - X2C4Y,Count_WaitingForAssessment,545.0
NHS WEST YORKSHIRE ICB - X2C4Y,Count_WaitingForTreatment,540.0
NHS WEST YORKSHIRE ICB - X2C4Y,Count_WaitingForTreatment0to2weeks,415.0
NHS WEST YORKSHIRE ICB - X2C4Y,Count_WaitingForTreatment0to4weeks,530.0
NHS WEST YORKSHIRE ICB - X2C4Y,Count_WaitingForTreatment0to6weeks,540.0
NHS WEST YORKSHIRE ICB - X2C4Y,Count_WaitingForTreatment0to12weeks,540.0
NHS WEST YORKSHIRE ICB - X2C4Y,Count_WaitingForTreatment0to18weeks,540.0
NHS NORTH EAST AND NORTH CUMBRIA ICB - 00L,Count_WaitingForAssessment,1010.0
NHS NORTH EAST AND NORTH CUMBRIA ICB - 00L,Count_WaitingForAssessmentOver90days,25.0
NHS NORTH EAST AND NORTH CUMBRIA ICB - 00L,Count_WaitingForTreatment,965.0
NHS NORTH EAST AND NORTH CUMBRIA ICB - 00L,Count_WaitingForTreatment0to2weeks,335.0
NHS NORTH EAST AND NORTH CUMBRIA ICB - 00L,Count_WaitingForTreatment0to4weeks,620.0
NHS NORTH EAST AND NORTH CUMBRIA ICB - 00L,Count_WaitingForTreatment0to6weeks,850.0
NHS NORTH EAST AND NORTH CUMBRIA ICB - 00L,Count_WaitingForTreatment0to12weeks,965.0
NHS NORTH EAST AND NORTH CUMBRIA ICB - 00L,Count_WaitingForTreatment0to18weeks,965.0
NHS NORTH EAST AND NORTH CUMBRIA ICB - 00N,Count_WaitingForAssessment,465.0
NHS NORTH EAST AND NORTH CUMBRIA ICB - 00N,Count_WaitingForAssessmentOver90days,5.0
NHS NORTH EAST AND NORTH CUMBRIA ICB - 00N,Count_WaitingForTreatment,455.0
NHS NORTH EAST AND NORTH CUMBRIA ICB - 00N,Count_WaitingForTreatment0to2weeks,255.0
NHS NORTH EAST AND NORTH CUMBRIA ICB - 00N,Count_WaitingForTreatment0to4weeks,385.0
NHS NORTH EAST AND NORTH CUMBRIA ICB - 00N,Count_WaitingForTreatment0to6weeks,440.0
NHS NORTH EAST AND NORTH CUMBRIA ICB - 00N,Count_WaitingForTreatment0to12weeks,455.0
NHS NORTH EAST AND NORTH CUMBRIA ICB - 00N,Count_WaitingForTreatment0to18weeks,455.0
NHS NORTH EAST AND NORTH CUMBRIA ICB - 00P,Count_WaitingForAssessment,795.0
NHS NORTH EAST AND NORTH CUMBRIA ICB - 00P,Count_WaitingForAssessmentOver90days,10.0
NHS NORTH EAST AND NORTH CUMBRIA ICB - 00P,Count_WaitingForTreatment,785.0
NHS NORTH EAST AND NORTH CUMBRIA ICB - 00P,Count_WaitingForTreatment0to2weeks,315.0
NHS NORTH EAST AND NORTH CUMBRIA ICB - 00P,Count_WaitingForTreatment0to4weeks,590.0
NHS NORTH EAST AND NORTH CUMBRIA ICB - 00P,Count_WaitingForTreatment0to6weeks,740.0
NHS NORTH EAST AND NORTH CUMBRIA ICB - 00P,Count_WaitingForTreatment0to12weeks,780.0
NHS NORTH EAST AND NORTH CUMBRIA ICB - 00P,Count_WaitingForTreatment0to18weeks,780.0
NHS NORTH EAST AND NORTH CUMBRIA ICB - 00P,Count_WaitingForAssessment,45.0
NHS NORTH EAST AND NORTH CUMBRIA ICB - 00P,Count_WaitingForTreatment,45.0
NHS NORTH EAST AND NORTH CUMBRIA ICB - 00P,Count_WaitingForTreatment0to2weeks,30.0
NHS NORTH EAST AND NORTH CUMBRIA ICB - 00P,Count_WaitingForTreatment0to4weeks,40.0
NHS NORTH EAST AND NORTH CUMBRIA ICB - 00P,Count_WaitingForTreatment0to6weeks,40.0
NHS NORTH EAST AND NORTH CUMBRIA ICB - 00P,Count_WaitingForTreatment0to12weeks,45.0
NHS NORTH EAST AND NORTH CUMBRIA ICB - 00P,Count_WaitingForTreatment0to18weeks,45.0
NHS LANCASHIRE AND SOUTH CUMBRIA ICB - 00Q,Count_WaitingForAssessment,565.0
NHS LANCASHIRE AND SOUTH CUMBRIA ICB - 00Q,Count_WaitingForTreatment,560.0
NHS LANCASHIRE AND SOUTH CUMBRIA ICB - 00Q,Count_WaitingForTreatment0to2weeks,220.0
NHS LANCASHIRE AND SOUTH CUMBRIA ICB - 00Q,Count_WaitingForTreatment0to4weeks,435.0
NHS LANCASHIRE AND SOUTH CUMBRIA ICB - 00Q,Count_WaitingForTreatment0to6weeks,550.0
NHS LANCASHIRE AND SOUTH CUMBRIA ICB - 00Q,Count_WaitingForTreatment0to12weeks,560.0
NHS LANCASHIRE AND SOUTH CUMBRIA ICB - 00Q,Count_WaitingForTreatment0to18weeks,560.0
NHS LANCASHIRE AND SOUTH CUMBRIA ICB - 00R,Count_WaitingForAssessment,355.0
NHS LANCASHIRE AND SOUTH CUMBRIA ICB - 00R,Count_WaitingForAssessmentOver90days,10.0
NHS LANCASHIRE AND SOUTH CUMBRIA ICB - 00R,Count_WaitingForTreatment,370.0
NHS LANCASHIRE AND SOUTH CUMBRIA ICB - 00R,Count_WaitingForTreatment0to2weeks,200.0
NHS LANCASHIRE AND SOUTH CUMBRIA ICB - 00R,Count_WaitingForTreatment0to4weeks,305.0
NHS LANCASHIRE AND SOUTH CUMBRIA ICB - 00R,Count_WaitingForTreatment0to6weeks,325.0
NHS LANCASHIRE AND SOUTH CUMBRIA ICB - 00R,Count_WaitingForTreatment0to12weeks,350.0
NHS LANCASHIRE AND SOUTH CUMBRIA ICB - 00R,Count_WaitingForTreatment0to18weeks,360.0
NHS LANCASHIRE AND SOUTH CUMBRIA ICB - 00R,Count_WaitingForTreatmentOver18weeks,15.0
NHS LANCASHIRE AND SOUTH CUMBRIA ICB - 00R,Count_WaitingForTreatmentOver90days,20.0
NHS GREATER MANCHESTER ICB - 00T,Count_WaitingForAssessment,95.0
NHS GREATER MANCHESTER ICB - 00T,Count_WaitingForAssessmentOver90days,40.0
NHS GREATER MANCHESTER ICB - 00T,Count_WaitingForTreatment,80.0
NHS GREATER MANCHESTER ICB - 00T,Count_WaitingForTreatment0to2weeks,15.0
NHS GREATER MANCHESTER ICB - 00T,Count_WaitingForTreatment0to4weeks,25.0
NHS GREATER MANCHESTER ICB - 00T,Count_WaitingForTreatment0to6weeks,35.0
NHS GREATER MANCHESTER ICB - 00T,Count_WaitingForTreatment0to12weeks,55.0
NHS GREATER MANCHESTER ICB - 00T,Count_WaitingForTreatment0to18weeks,70.0
NHS GREATER MANCHESTER ICB - 00T,Count_WaitingForTreatmentOver18weeks,15.0
NHS GREATER MANCHESTER ICB - 00T,Count_WaitingForTreatmentOver90days,25.0
NHS GREATER MANCHESTER ICB - 00T,Count_WaitingForTreatment,10.0
NHS GREATER MANCHESTER ICB - 00T,Count_WaitingForTreatmentOver18weeks,5.0
NHS GREATER MANCHESTER ICB - 00T,Count_WaitingForTreatmentOver90days,5.0
NHS GREATER MANCHESTER ICB - 00T,Count_WaitingForAssessment,900.0
NHS GREATER MANCHESTER ICB - 00T,Count_WaitingForAssessmentOver90days,25.0
NHS GREATER MANCHESTER ICB - 00T,Count_WaitingForTreatment,900.0
NHS GREATER MANCHESTER ICB - 00T,Count_WaitingForTreatment0to2weeks,320.0
NHS GREATER MANCHESTER ICB - 00T,Count_WaitingForTreatment0to4weeks,610.0
NHS GREATER MANCHESTER ICB - 00T,Count_WaitingForTreatment0to6weeks,815.0
NHS GREATER MANCHESTER ICB - 00T,Count_WaitingForTreatment0to12weeks,875.0
NHS GREATER MANCHESTER ICB - 00T,Count_WaitingForTreatment0to18weeks,885.0
NHS GREATER MANCHESTER ICB - 00T,Count_WaitingForTreatmentOver18weeks,15.0
NHS GREATER MANCHESTER ICB - 00T,Count_WaitingForTreatmentOver90days,20.0
NHS GREATER MANCHESTER ICB - 00V,Count_WaitingForTreatment,10.0
NHS GREATER MANCHESTER ICB - 00V,Count_WaitingForTreatment0to18weeks,5.0
NHS GREATER MANCHESTER ICB - 00V,Count_WaitingForTreatmentOver18weeks,5.0
NHS GREATER MANCHESTER ICB - 00V,Count_WaitingForTreatmentOver90days,5.0
NHS GREATER MANCHESTER ICB - 00V,Count_WaitingForAssessment,585.0
NHS GREATER MANCHESTER ICB - 00V,Count_WaitingForAssessmentOver90days,10.0
NHS GREATER MANCHESTER ICB - 00V,Count_WaitingForTreatment,575.0
NHS GREATER MANCHESTER ICB - 00V,Count_WaitingForTreatment0to2weeks,240.0
NHS GREATER MANCHESTER ICB - 00V,Count_WaitingForTreatment0to4weeks,405.0
NHS GREATER MANCHESTER ICB - 00V,Count_WaitingForTreatment0to6weeks,515.0
NHS GREATER MANCHESTER ICB - 00V,Count_WaitingForTreatment0to12weeks,570.0
NHS GREATER MANCHESTER ICB - 00V,Count_WaitingForTreatment0to18weeks,575.0
NHS GREATER MANCHESTER ICB - 00V,Count_WaitingForTreatmentOver90days,5.0
NHS LANCASHIRE AND SOUTH CUMBRIA ICB - 00X,Count_WaitingForAssessment,530.0
NHS LANCASHIRE AND SOUTH CUMBRIA ICB - 00X,Count_WaitingForAssessmentOver90days,25.0
NHS LANCASHIRE AND SOUTH CUMBRIA ICB - 00X,Count_WaitingForTreatment,515.0
NHS LANCASHIRE AND SOUTH CUMBRIA ICB - 00X,Count_WaitingForTreatment0to2weeks,240.0
NHS LANCASHIRE AND SOUTH CUMBRIA ICB - 00X,Count_WaitingForTreatment0to4weeks,380.0
NHS LANCASHIRE AND SOUTH CUMBRIA ICB - 00X,Count_WaitingForTreatment0to6weeks,460.0
NHS LANCASHIRE AND SOUTH CUMBRIA ICB - 00X,Count_WaitingForTreatment0to12weeks,505.0
NHS LANCASHIRE AND SOUTH CUMBRIA ICB - 00X,Count_WaitingForTreatment0to18weeks,510.0
NHS LANCASHIRE AND SOUTH CUMBRIA ICB - 00X,Count_WaitingForTreatmentOver90days,10.0
NHS GREATER MANCHESTER ICB - 00Y,Count_WaitingForAssessment,400.0
NHS GREATER MANCHESTER ICB - 00Y,Count_WaitingForAssessmentOver90days,320.0
NHS GREATER MANCHESTER ICB - 00Y,Count_WaitingForTreatment,410.0
NHS GREATER MANCHESTER ICB - 00Y,Count_WaitingForTreatment0to2weeks,35.0
NHS GREATER MANCHESTER ICB - 00Y,Count_WaitingForTreatment0to4weeks,50.0
NHS GREATER MANCHESTER ICB - 00Y,Count_WaitingForTreatment0to6weeks,65.0
NHS GREATER MANCHESTER ICB - 00Y,Count_WaitingForTreatment0to12weeks,80.0
NHS GREATER MANCHESTER ICB - 00Y,Count_WaitingForTreatment0to18weeks,85.0
NHS GREATER MANCHESTER ICB - 00Y,Count_WaitingForTreatmentOver18weeks,325.0
NHS GREATER MANCHESTER ICB - 00Y,Count_WaitingForTreatmentOver90days,330.0
NHS GREATER MANCHESTER ICB - 00Y,Count_WaitingForAssessment,5.0
NHS GREATER MANCHESTER ICB - 00Y,Count_WaitingForTreatment,20.0
NHS GREATER MANCHESTER ICB - 00Y,Count_WaitingForTreatment0to12weeks,5.0
NHS GREATER MANCHESTER ICB - 00Y,Count_WaitingForTreatment0to18weeks,10.0
NHS GREATER MANCHESTER ICB - 00Y,Count_WaitingForTreatmentOver18weeks,10.0
NHS GREATER MANCHESTER ICB - 00Y,Count_WaitingForTreatmentOver90days,15.0
NHS GREATER MANCHESTER ICB - 00Y,Count_WaitingForAssessment,495.0
NHS GREATER MANCHESTER ICB - 00Y,Count_WaitingForTreatment,460.0
NHS GREATER MANCHESTER ICB - 00Y,Count_WaitingForTreatment0to2weeks,270.0
NHS GREATER MANCHESTER ICB - 00Y,Count_WaitingForTreatment0to4weeks,415.0
NHS GREATER MANCHESTER ICB - 00Y,Count_WaitingForTreatment0to6weeks,435.0
NHS GREATER MANCHESTER ICB - 00Y,Count_WaitingForTreatment0to12weeks,455.0
NHS GREATER MANCHESTER ICB - 00Y,Count_WaitingForTreatment0to18weeks,455.0
NHS LANCASHIRE AND SOUTH CUMBRIA ICB - 01A,Count_WaitingForAssessment,180.0
NHS LANCASHIRE AND SOUTH CUMBRIA ICB - 01A,Count_WaitingForTreatment,180.0
NHS LANCASHIRE AND SOUTH CUMBRIA ICB - 01A,Count_WaitingForTreatment0to2weeks,110.0
NHS LANCASHIRE AND SOUTH CUMBRIA ICB - 01A,Count_WaitingForTreatment0to4weeks,165.0
NHS LANCASHIRE AND SOUTH CUMBRIA ICB - 01A,Count_WaitingForTreatment0to6weeks,175.0
NHS LANCASHIRE AND SOUTH CUMBRIA ICB - 01A,Count_WaitingForTreatment0to12weeks,180.0
NHS LANCASHIRE AND SOUTH CUMBRIA ICB - 01A,Count_WaitingForTreatment0to18weeks,180.0
NHS LANCASHIRE AND SOUTH CUMBRIA ICB - 01A,Count_WaitingForAssessment,1050.0
NHS LANCASHIRE AND SOUTH CUMBRIA ICB - 01A,Count_WaitingForAssessmentOver90days,55.0
NHS LANCASHIRE AND SOUTH CUMBRIA ICB - 01A,Count_WaitingForTreatment,995.0
NHS LANCASHIRE AND SOUTH CUMBRIA ICB - 01A,Count_WaitingForTreatment0to2weeks,385.0
NHS LANCASHIRE AND SOUTH CUMBRIA ICB - 01A,Count_WaitingForTreatment0to4weeks,710.0
NHS LANCASHIRE AND SOUTH CUMBRIA ICB - 01A,Count_WaitingForTreatment0to6weeks,875.0
NHS LANCASHIRE AND SOUTH CUMBRIA ICB - 01A,Count_WaitingForTreatment0to12weeks,980.0
NHS LANCASHIRE AND SOUTH CUMBRIA ICB - 01A,Count_WaitingForTreatment0to18weeks,985.0
NHS LANCASHIRE AND SOUTH CUMBRIA ICB - 01A,Count_WaitingForTreatmentOver18weeks,15.0
NHS LANCASHIRE AND SOUTH CUMBRIA ICB - 01A,Count_WaitingForTreatmentOver90days,15.0
NHS GREATER MANCHESTER ICB - 01D,Count_WaitingForAssessment,1200.0
NHS GREATER MANCHESTER ICB - 01D,Count_WaitingForAssessmentOver90days,65.0
NHS GREATER MANCHESTER ICB - 01D,Count_WaitingForTreatment,1195.0
NHS GREATER MANCHESTER ICB - 01D,Count_WaitingForTreatment0to2weeks,265.0
NHS GREATER MANCHESTER ICB - 01D,Count_WaitingForTreatment0to4weeks,510.0
NHS GREATER MANCHESTER ICB - 01D,Count_WaitingForTreatment0to6weeks,790.0
NHS GREATER MANCHESTER ICB - 01D,Count_WaitingForTreatment0to12weeks,1130.0
NHS GREATER MANCHESTER ICB - 01D,Count_WaitingForTreatment0to18weeks,1170.0
NHS GREATER MANCHESTER ICB - 01D,Count_WaitingForTreatmentOver18weeks,25.0
NHS GREATER MANCHESTER ICB - 01D,Count_WaitingForTreatmentOver90days,60.0
NHS GREATER MANCHESTER ICB - 01D,Count_WaitingForTreatment,10.0
NHS GREATER MANCHESTER ICB - 01D,Count_WaitingForTreatmentOver18weeks,5.0
NHS GREATER MANCHESTER ICB - 01D,Count_WaitingForTreatmentOver90days,5.0
NHS GREATER MANCHESTER ICB - 01D,Count_WaitingForAssessment,5.0
NHS LANCASHIRE AND SOUTH CUMBRIA ICB - 01E,Count_WaitingForAssessment,5.0
NHS LANCASHIRE AND SOUTH CUMBRIA ICB - 01E,Count_WaitingForTreatment,5.0
NHS LANCASHIRE AND SOUTH CUMBRIA ICB - 01E,Count_WaitingForAssessment,710.0
NHS LANCASHIRE AND SOUTH CUMBRIA ICB - 01E,Count_WaitingForAssessmentOver90days,35.0
NHS LANCASHIRE AND SOUTH CUMBRIA ICB - 01E,Count_WaitingForTreatment,675.0
NHS LANCASHIRE AND SOUTH CUMBRIA ICB - 01E,Count_WaitingForTreatment0to2weeks,290.0
NHS LANCASHIRE AND SOUTH CUMBRIA ICB - 01E,Count_WaitingForTreatment0to4weeks,495.0
NHS LANCASHIRE AND SOUTH CUMBRIA ICB - 01E,Count_WaitingForTreatment0to6weeks,605.0
NHS LANCASHIRE AND SOUTH CUMBRIA ICB - 01E,Count_WaitingForTreatment0to12weeks,670.0
NHS LANCASHIRE AND SOUTH CUMBRIA ICB - 01E,Count_WaitingForTreatment0to18weeks,675.0
NHS LANCASHIRE AND SOUTH CUMBRIA ICB - 01E,Count_WaitingForTreatmentOver90days,5.0
NHS CHESHIRE AND MERSEYSIDE ICB - 01F,Count_WaitingForAssessment,270.0
NHS CHESHIRE AND MERSEYSIDE ICB - 01F,Count_WaitingForAssessmentOver90days,10.0
NHS CHESHIRE AND MERSEYSIDE ICB - 01F,Count_WaitingForTreatment,260.0
NHS CHESHIRE AND MERSEYSIDE ICB - 01F,Count_WaitingForTreatment0to2weeks,180.0
NHS CHESHIRE AND MERSEYSIDE ICB - 01F,Count_WaitingForTreatment0to4weeks,245.0
NHS CHESHIRE AND MERSEYSIDE ICB - 01F,Count_WaitingForTreatment0to6weeks,255.0
NHS CHESHIRE AND MERSEYSIDE ICB - 01F,Count_WaitingForTreatment0to12weeks,260.0
NHS CHESHIRE AND MERSEYSIDE ICB - 01F,Count_WaitingForTreatment0to18weeks,260.0
NHS GREATER MANCHESTER ICB - 01G,Count_WaitingForTreatment,35.0
NHS GREATER MANCHESTER ICB - 01G,Count_WaitingForTreatment0to12weeks,10.0
NHS GREATER MANCHESTER ICB - 01G,Count_WaitingForTreatment0to18weeks,15.0
NHS GREATER MANCHESTER ICB - 01G,Count_WaitingForTreatmentOver18weeks,15.0
NHS GREATER MANCHESTER ICB - 01G,Count_WaitingForTreatmentOver90days,20.0
NHS GREATER MANCHESTER ICB - 01G,Count_WaitingForAssessment,1220.0
NHS GREATER MANCHESTER ICB - 01G,Count_WaitingForAssessmentOver90days,30.0
NHS GREATER MANCHESTER ICB - 01G,Count_WaitingForTreatment,1210.0
NHS GREATER MANCHESTER ICB - 01G,Count_WaitingForTreatment0to2weeks,485.0
NHS GREATER MANCHESTER ICB - 01G,Count_WaitingForTreatment0to4weeks,840.0
NHS GREATER MANCHESTER ICB - 01G,Count_WaitingForTreatment0to6weeks,1040.0
NHS GREATER MANCHESTER ICB - 01G,Count_WaitingForTreatment0to12weeks,1185.0
NHS GREATER MANCHESTER ICB - 01G,Count_WaitingForTreatment0to18weeks,1195.0
NHS GREATER MANCHESTER ICB - 01G,Count_WaitingForTreatmentOver18weeks,20.0
NHS GREATER MANCHESTER ICB - 01G,Count_WaitingForTreatmentOver90days,25.0
NHS GREATER MANCHESTER ICB - 01G,Count_WaitingForAssessment,625.0
NHS GREATER MANCHESTER ICB - 01G,Count_WaitingForAssessmentOver90days,5.0
NHS GREATER MANCHESTER ICB - 01G,Count_WaitingForTreatment,625.0
NHS GREATER MANCHESTER ICB - 01G,Count_WaitingForTreatment0to2weeks,380.0
NHS GREATER MANCHESTER ICB - 01G,Count_WaitingForTreatment0to4weeks,525.0
NHS GREATER MANCHESTER ICB - 01G,Count_WaitingForTreatment0to6weeks,580.0
NHS GREATER MANCHESTER ICB - 01G,Count_WaitingForTreatment0to12weeks,620.0
NHS GREATER MANCHESTER ICB - 01G,Count_WaitingForTreatment0to18weeks,620.0
NHS NORTH EAST AND NORTH CUMBRIA ICB - 01H,Count_WaitingForAssessment,320.0
NHS NORTH EAST AND NORTH CUMBRIA ICB - 01H,Count_WaitingForAssessmentOver90days,5.0
NHS NORTH EAST AND NORTH CUMBRIA ICB - 01H,Count_WaitingForTreatment,305.0
NHS NORTH EAST AND NORTH CUMBRIA ICB - 01H,Count_WaitingForTreatment0to2weeks,250.0
NHS NORTH EAST AND NORTH CUMBRIA ICB - 01H,Count_WaitingForTreatment0to4weeks,300.0
NHS NORTH EAST AND NORTH CUMBRIA ICB - 01H,Count_WaitingForTreatment0to6weeks,305.0
NHS NORTH EAST AND NORTH CUMBRIA ICB - 01H,Count_WaitingForTreatment0to12weeks,305.0
NHS NORTH EAST AND NORTH CUMBRIA ICB - 01H,Count_WaitingForTreatment0to18weeks,305.0
NHS CHESHIRE AND MERSEYSIDE ICB - 01J,Count_WaitingForAssessment,275.0
NHS CHESHIRE AND MERSEYSIDE ICB - 01J,Count_WaitingForAssessmentOver90days,15.0
NHS CHESHIRE AND MERSEYSIDE ICB - 01J,Count_WaitingForTreatment,260.0
NHS CHESHIRE AND MERSEYSIDE ICB - 01J,Count_WaitingForTreatment0to2weeks,195.0
NHS CHESHIRE AND MERSEYSIDE ICB - 01J,Count_WaitingForTreatment0to4weeks,240.0
NHS CHESHIRE AND MERSEYSIDE ICB - 01J,Count_WaitingForTreatment0to6weeks,250.0
NHS CHESHIRE AND MERSEYSIDE ICB - 01J,Count_WaitingForTreatment0to12weeks,255.0
NHS CHESHIRE AND MERSEYSIDE ICB - 01J,Count_WaitingForTreatment0to18weeks,260.0
NHS LANCASHIRE AND SOUTH CUMBRIA ICB - 01K,Count_WaitingForAssessment,1195.0
NHS LANCASHIRE AND SOUTH CUMBRIA ICB - 01K,Count_WaitingForAssessmentOver90days,50.0
NHS LANCASHIRE AND SOUTH CUMBRIA ICB - 01K,Count_WaitingForTreatment,1155.0
NHS LANCASHIRE AND SOUTH CUMBRIA ICB - 01K,Count_WaitingForTreatment0to2weeks,360.0
NHS LANCASHIRE AND SOUTH CUMBRIA ICB - 01K,Count_WaitingForTreatment0to4weeks,740.0
NHS LANCASHIRE AND SOUTH CUMBRIA ICB - 01K,Count_WaitingForTreatment0to6weeks,1015.0
NHS LANCASHIRE AND SOUTH CUMBRIA ICB - 01K,Count_WaitingForTreatment0to12weeks,1140.0
NHS LANCASHIRE AND SOUTH CUMBRIA ICB - 01K,Count_WaitingForTreatment0to18weeks,1150.0
NHS LANCASHIRE AND SOUTH CUMBRIA ICB - 01K,Count_WaitingForTreatmentOver18weeks,10.0
NHS LANCASHIRE AND SOUTH CUMBRIA ICB - 01K,Count_WaitingForTreatmentOver90days,15.0
NHS LANCASHIRE AND SOUTH CUMBRIA ICB - 01K,Count_WaitingForAssessment,5.0
NHS LANCASHIRE AND SOUTH CUMBRIA ICB - 01K,Count_WaitingForTreatment,5.0
NHS LANCASHIRE AND SOUTH CUMBRIA ICB - 01K,Count_WaitingForTreatment0to4weeks,5.0
NHS LANCASHIRE AND SOUTH CUMBRIA ICB - 01K,Count_WaitingForTreatment0to6weeks,5.0
NHS LANCASHIRE AND SOUTH CUMBRIA ICB - 01K,Count_WaitingForTreatment0to12weeks,5.0
NHS LANCASHIRE AND SOUTH CUMBRIA ICB - 01K,Count_WaitingForTreatment0to18weeks,5.0
NHS CHESHIRE AND MERSEYSIDE ICB - 01T,Count_WaitingForAssessment,465.0
NHS CHESHIRE AND MERSEYSIDE ICB - 01T,Count_WaitingForAssessmentOver90days,25.0
NHS CHESHIRE AND MERSEYSIDE ICB - 01T,Count_WaitingForTreatment,445.0
NHS CHESHIRE AND MERSEYSIDE ICB - 01T,Count_WaitingForTreatment0to2weeks,160.0
NHS CHESHIRE AND MERSEYSIDE ICB - 01T,Count_WaitingForTreatment0to4weeks,320.0
NHS CHESHIRE AND MERSEYSIDE ICB - 01T,Count_WaitingForTreatment0to6weeks,410.0
NHS CHESHIRE AND MERSEYSIDE ICB - 01T,Count_WaitingForTreatment0to12weeks,440.0
NHS CHESHIRE AND MERSEYSIDE ICB - 01T,Count_WaitingForTreatment0to18weeks,440.0
NHS CHESHIRE AND MERSEYSIDE ICB - 01T,Count_WaitingForTreatmentOver18weeks,5.0
NHS CHESHIRE AND MERSEYSIDE ICB - 01T,Count_WaitingForTreatmentOver90days,5.0
NHS CHESHIRE AND MERSEYSIDE ICB - 01V,Count_WaitingForAssessment,290.0
NHS CHESHIRE AND MERSEYSIDE ICB - 01V,Count_WaitingForAssessmentOver90days,25.0
NHS CHESHIRE AND MERSEYSIDE ICB - 01V,Count_WaitingForTreatment,275.0
NHS CHESHIRE AND MERSEYSIDE ICB - 01V,Count_WaitingForTreatment0to2weeks,110.0
NHS CHESHIRE AND MERSEYSIDE ICB - 01V,Count_WaitingForTreatment0to4weeks,200.0
NHS CHESHIRE AND MERSEYSIDE ICB - 01V,Count_WaitingForTreatment0to6weeks,255.0
NHS CHESHIRE AND MERSEYSIDE ICB - 01V,Count_WaitingForTreatment0to12weeks,265.0
NHS CHESHIRE AND MERSEYSIDE ICB - 01V,Count_WaitingForTreatment0to18weeks,265.0
NHS CHESHIRE AND MERSEYSIDE ICB - 01V,Count_WaitingForTreatmentOver18weeks,5.0
NHS CHESHIRE AND MERSEYSIDE ICB - 01V,Count_WaitingForTreatmentOver90days,10.0
NHS GREATER MANCHESTER ICB - 01W,Count_WaitingForAssessment,70.0
NHS GREATER MANCHESTER ICB - 01W,Count_WaitingForTreatment,70.0
NHS GREATER MANCHESTER ICB - 01W,Count_WaitingForTreatment0to2weeks,35.0
NHS GREATER MANCHESTER ICB - 01W,Count_WaitingForTreatment0to4weeks,50.0
NHS GREATER MANCHESTER ICB - 01W,Count_WaitingForTreatment0to6weeks,55.0
NHS GREATER MANCHESTER ICB - 01W,Count_WaitingForTreatment0to12weeks,65.0
NHS GREATER MANCHESTER ICB - 01W,Count_WaitingForTreatment0to18weeks,65.0
NHS GREATER MANCHESTER ICB - 01W,Count_WaitingForTreatment,10.0
NHS GREATER MANCHESTER ICB - 01W,Count_WaitingForTreatment0to12weeks,5.0
NHS GREATER MANCHESTER ICB - 01W,Count_WaitingForTreatment0to18weeks,5.0
NHS GREATER MANCHESTER ICB - 01W,Count_WaitingForAssessment,5.0
NHS GREATER MANCHESTER ICB - 01W,Count_WaitingForAssessment,850.0
NHS GREATER MANCHESTER ICB - 01W,Count_WaitingForAssessmentOver90days,10.0
NHS GREATER MANCHESTER ICB - 01W,Count_WaitingForTreatment,850.0
NHS GREATER MANCHESTER ICB - 01W,Count_WaitingForTreatment0to2weeks,315.0
NHS GREATER MANCHESTER ICB - 01W,Count_WaitingForTreatment0to4weeks,600.0
NHS GREATER MANCHESTER ICB - 01W,Count_WaitingForTreatment0to6weeks,780.0
NHS GREATER MANCHESTER ICB - 01W,Count_WaitingForTreatment0to12weeks,835.0
NHS GREATER MANCHESTER ICB - 01W,Count_WaitingForTreatment0to18weeks,845.0
NHS GREATER MANCHESTER ICB - 01W,Count_WaitingForTreatmentOver90days,10.0
NHS GREATER MANCHESTER ICB - 01W,Count_WaitingForAssessment,605.0
NHS GREATER MANCHESTER ICB - 01W,Count_WaitingForAssessmentOver90days,5.0
NHS GREATER MANCHESTER ICB - 01W,Count_WaitingForTreatment,600.0
NHS GREATER MANCHESTER ICB - 01W,Count_WaitingForTreatment0to2weeks,140.0
NHS GREATER MANCHESTER ICB - 01W,Count_WaitingForTreatment0to4weeks,305.0
NHS GREATER MANCHESTER ICB - 01W,Count_WaitingForTreatment0to6weeks,430.0
NHS GREATER MANCHESTER ICB - 01W,Count_WaitingForTreatment0to12weeks,595.0
NHS GREATER MANCHESTER ICB - 01W,Count_WaitingForTreatment0to18weeks,600.0
NHS GREATER MANCHESTER ICB - 01W,Count_WaitingForTreatmentOver90days,5.0
NHS CHESHIRE AND MERSEYSIDE ICB - 01X,Count_WaitingForAssessment,200.0
NHS CHESHIRE AND MERSEYSIDE ICB - 01X,Count_WaitingForAssessmentOver90days,10.0
NHS CHESHIRE AND MERSEYSIDE ICB - 01X,Count_WaitingForTreatment,185.0
NHS CHESHIRE AND MERSEYSIDE ICB - 01X,Count_WaitingForTreatment0to2weeks,170.0
NHS CHESHIRE AND MERSEYSIDE ICB - 01X,Count_WaitingForTreatment0to4weeks,180.0
NHS CHESHIRE AND MERSEYSIDE ICB - 01X,Count_WaitingForTreatment0to6weeks,185.0
NHS CHESHIRE AND MERSEYSIDE ICB - 01X,Count_WaitingForTreatment0to12weeks,185.0
NHS CHESHIRE AND MERSEYSIDE ICB - 01X,Count_WaitingForTreatment0to18weeks,185.0
NHS GREATER MANCHESTER ICB - 01Y,Count_WaitingForTreatment,20.0
NHS GREATER MANCHESTER ICB - 01Y,Count_WaitingForTreatment0to4weeks,5.0
NHS GREATER MANCHESTER ICB - 01Y,Count_WaitingForTreatment0to6weeks,10.0
NHS GREATER MANCHESTER ICB - 01Y,Count_WaitingForTreatment0to12weeks,10.0
NHS GREATER MANCHESTER ICB - 01Y,Count_WaitingForTreatment0to18weeks,15.0
NHS GREATER MANCHESTER ICB - 01Y,Count_WaitingForTreatmentOver18weeks,5.0
NHS GREATER MANCHESTER ICB - 01Y,Count_WaitingForTreatmentOver90days,10.0
NHS GREATER MANCHESTER ICB - 01Y,Count_WaitingForAssessment,600.0
NHS GREATER MANCHESTER ICB - 01Y,Count_WaitingForAssessmentOver90days,5.0
NHS GREATER MANCHESTER ICB - 01Y,Count_WaitingForTreatment,600.0
NHS GREATER MANCHESTER ICB - 01Y,Count_WaitingForTreatment0to2weeks,315.0
NHS GREATER MANCHESTER ICB - 01Y,Count_WaitingForTreatment0to4weeks,490.0
NHS GREATER MANCHESTER ICB - 01Y,Count_WaitingForTreatment0to6weeks,555.0
NHS GREATER MANCHESTER ICB - 01Y,Count_WaitingForTreatment0to12weeks,595.0
NHS GREATER MANCHESTER ICB - 01Y,Count_WaitingForTreatment0to18weeks,595.0
NHS GREATER MANCHESTER ICB - 02A,Count_WaitingForTreatment,10.0
NHS GREATER MANCHESTER ICB - 02A,Count_WaitingForTreatment0to18weeks,5.0
NHS GREATER MANCHESTER ICB - 02A,Count_WaitingForTreatmentOver18weeks,5.0
NHS GREATER MANCHESTER ICB - 02A,Count_WaitingForTreatmentOver90days,5.0
NHS GREATER MANCHESTER ICB - 02A,Count_WaitingForAssessment,985.0
NHS GREATER MANCHESTER ICB - 02A,Count_WaitingForAssessmentOver90days,20.0
NHS GREATER MANCHESTER ICB - 02A,Count_WaitingForTreatment,975.0
NHS GREATER MANCHESTER ICB - 02A,Count_WaitingForTreatment0to2weeks,340.0
NHS GREATER MANCHESTER ICB - 02A,Count_WaitingForTreatment0to4weeks,655.0
NHS GREATER MANCHESTER ICB - 02A,Count_WaitingForTreatment0to6weeks,890.0
NHS GREATER MANCHESTER ICB - 02A,Count_WaitingForTreatment0to12weeks,965.0
NHS GREATER MANCHESTER ICB - 02A,Count_WaitingForTreatment0to18weeks,970.0
NHS GREATER MANCHESTER ICB - 02A,Count_WaitingForTreatmentOver18weeks,5.0
NHS GREATER MANCHESTER ICB - 02A,Count_WaitingForTreatmentOver90days,15.0
NHS GREATER MANCHESTER ICB - 02A,Count_WaitingForAssessment,50.0
NHS GREATER MANCHESTER ICB - 02A,Count_WaitingForTreatment,50.0
NHS GREATER MANCHESTER ICB - 02A,Count_WaitingForTreatment0to2weeks,20.0
NHS GREATER MANCHESTER ICB - 02A,Count_WaitingForTreatment0to4weeks,35.0
NHS GREATER MANCHESTER ICB - 02A,Count_WaitingForTreatment0to6weeks,50.0
NHS GREATER MANCHESTER ICB - 02A,Count_WaitingForTreatment0to12weeks,50.0
NHS GREATER MANCHESTER ICB - 02A,Count_WaitingForTreatment0to18weeks,50.0
NHS CHESHIRE AND MERSEYSIDE ICB - 02E,Count_WaitingForAssessment,435.0
NHS CHESHIRE AND MERSEYSIDE ICB - 02E,Count_WaitingForAssessmentOver90days,10.0
NHS CHESHIRE AND MERSEYSIDE ICB - 02E,Count_WaitingForTreatment,425.0
NHS CHESHIRE AND MERSEYSIDE ICB - 02E,Count_WaitingForTreatment0to2weeks,170.0
NHS CHESHIRE AND MERSEYSIDE ICB - 02E,Count_WaitingForTreatment0to4weeks,340.0
NHS CHESHIRE AND MERSEYSIDE ICB - 02E,Count_WaitingForTreatment0to6weeks,390.0
NHS CHESHIRE AND MERSEYSIDE ICB - 02E,Count_WaitingForTreatment0to12weeks,425.0
NHS CHESHIRE AND MERSEYSIDE ICB - 02E,Count_WaitingForTreatment0to18weeks,425.0
NHS LANCASHIRE AND SOUTH CUMBRIA ICB - 02G,Count_WaitingForAssessment,280.0
NHS LANCASHIRE AND SOUTH CUMBRIA ICB - 02G,Count_WaitingForAssessmentOver90days,5.0
NHS LANCASHIRE AND SOUTH CUMBRIA ICB - 02G,Count_WaitingForTreatment,270.0
NHS LANCASHIRE AND SOUTH CUMBRIA ICB - 02G,Count_WaitingForTreatment0to2weeks,165.0
NHS LANCASHIRE AND SOUTH CUMBRIA ICB - 02G,Count_WaitingForTreatment0to4weeks,230.0
NHS LANCASHIRE AND SOUTH CUMBRIA ICB - 02G,Count_WaitingForTreatment0to6weeks,260.0
NHS LANCASHIRE AND SOUTH CUMBRIA ICB - 02G,Count_WaitingForTreatment0to12weeks,270.0
NHS LANCASHIRE AND SOUTH CUMBRIA ICB - 02G,Count_WaitingForTreatment0to18weeks,270.0
NHS GREATER MANCHESTER ICB - 02H,Count_WaitingForTreatment,10.0
NHS GREATER MANCHESTER ICB - 02H,Count_WaitingForTreatmentOver18weeks,5.0
NHS GREATER MANCHESTER ICB - 02H,Count_WaitingForTreatmentOver90days,5.0
NHS GREATER MANCHESTER ICB - 02H,Count_WaitingForAssessment,40.0
NHS GREATER MANCHESTER ICB - 02H,Count_WaitingForAssessmentOver90days,20.0
NHS GREATER MANCHESTER ICB - 02H,Count_WaitingForTreatment,30.0
NHS GREATER MANCHESTER ICB - 02H,Count_WaitingForTreatment0to6weeks,10.0
NHS GREATER MANCHESTER ICB - 02H,Count_WaitingForTreatment0to12weeks,15.0
NHS GREATER MANCHESTER ICB - 02H,Count_WaitingForTreatment0to18weeks,20.0
NHS GREATER MANCHESTER ICB - 02H,Count_WaitingForTreatmentOver18weeks,10.0
NHS GREATER MANCHESTER ICB - 02H,Count_WaitingForTreatmentOver90days,15.0
NHS GREATER MANCHESTER ICB - 02H,Count_WaitingForAssessment,790.0
NHS GREATER MANCHESTER ICB - 02H,Count_WaitingForAssessmentOver90days,725.0
NHS GREATER MANCHESTER ICB - 02H,Count_WaitingForTreatment,790.0
NHS GREATER MANCHESTER ICB - 02H,Count_WaitingForTreatment0to2weeks,25.0
NHS GREATER MANCHESTER ICB - 02H,Count_WaitingForTreatment0to4weeks,60.0
NHS GREATER MANCHESTER ICB - 02H,Count_WaitingForTreatment0to6weeks,65.0
NHS GREATER MANCHESTER ICB - 02H,Count_WaitingForTreatment0to12weeks,65.0
NHS GREATER MANCHESTER ICB - 02H,Count_WaitingForTreatment0to18weeks,65.0
NHS GREATER MANCHESTER ICB - 02H,Count_WaitingForTreatmentOver18weeks,725.0
NHS GREATER MANCHESTER ICB - 02H,Count_WaitingForTreatmentOver90days,725.0
NHS GREATER MANCHESTER ICB - 02H,Count_WaitingForAssessment,1270.0
NHS GREATER MANCHESTER ICB - 02H,Count_WaitingForAssessmentOver90days,10.0
NHS GREATER MANCHESTER ICB - 02H,Count_WaitingForTreatment,1260.0
NHS GREATER MANCHESTER ICB - 02H,Count_WaitingForTreatment0to2weeks,415.0
NHS GREATER MANCHESTER ICB - 02H,Count_WaitingForTreatment0to4weeks,810.0
NHS GREATER MANCHESTER ICB - 02H,Count_WaitingForTreatment0to6weeks,1145.0
NHS GREATER MANCHESTER ICB - 02H,Count_WaitingForTreatment0to12weeks,1260.0
NHS GREATER MANCHESTER ICB - 02H,Count_WaitingForTreatment0to18weeks,1260.0
NHS LANCASHIRE AND SOUTH CUMBRIA ICB - 02M,Count_WaitingForAssessment,240.0
NHS LANCASHIRE AND SOUTH CUMBRIA ICB - 02M,Count_WaitingForAssessmentOver90days,165.0
NHS LANCASHIRE AND SOUTH CUMBRIA ICB - 02M,Count_WaitingForTreatment,195.0
NHS LANCASHIRE AND SOUTH CUMBRIA ICB - 02M,Count_WaitingForTreatment0to2weeks,15.0
NHS LANCASHIRE AND SOUTH CUMBRIA ICB - 02M,Count_WaitingForTreatment0to4weeks,30.0
NHS LANCASHIRE AND SOUTH CUMBRIA ICB - 02M,Count_WaitingForTreatment0to6weeks,45.0
NHS LANCASHIRE AND SOUTH CUMBRIA ICB - 02M,Count_WaitingForTreatment0to12weeks,70.0
NHS LANCASHIRE AND SOUTH CUMBRIA ICB - 02M,Count_WaitingForTreatment0to18weeks,75.0
NHS LANCASHIRE AND SOUTH CUMBRIA ICB - 02M,Count_WaitingForTreatmentOver18weeks,120.0
NHS LANCASHIRE AND SOUTH CUMBRIA ICB - 02M,Count_WaitingForTreatmentOver90days,120.0
NHS LANCASHIRE AND SOUTH CUMBRIA ICB - 02M,Count_WaitingForAssessment,450.0
NHS LANCASHIRE AND SOUTH CUMBRIA ICB - 02M,Count_WaitingForAssessmentOver90days,20.0
NHS LANCASHIRE AND SOUTH CUMBRIA ICB - 02M,Count_WaitingForTreatment,435.0
NHS LANCASHIRE AND SOUTH CUMBRIA ICB - 02M,Count_WaitingForTreatment0to2weeks,160.0
NHS LANCASHIRE AND SOUTH CUMBRIA ICB - 02M,Count_WaitingForTreatment0to4weeks,310.0
NHS LANCASHIRE AND SOUTH CUMBRIA ICB - 02M,Count_WaitingForTreatment0to6weeks,395.0
NHS LANCASHIRE AND SOUTH CUMBRIA ICB - 02M,Count_WaitingForTreatment0to12weeks,430.0
NHS LANCASHIRE AND SOUTH CUMBRIA ICB - 02M,Count_WaitingForTreatment0to18weeks,435.0
NHS LANCASHIRE AND SOUTH CUMBRIA ICB - 02M,Count_WaitingForTreatmentOver90days,5.0
NHS SOUTH YORKSHIRE ICB - 02P,Count_WaitingForAssessment,520.0
NHS SOUTH YORKSHIRE ICB - 02P,Count_WaitingForAssessmentOver90days,5.0
NHS SOUTH YORKSHIRE ICB - 02P,Count_WaitingForTreatment,510.0
NHS SOUTH YORKSHIRE ICB - 02P,Count_WaitingForTreatment0to2weeks,290.0
NHS SOUTH YORKSHIRE ICB - 02P,Count_WaitingForTreatment0to4weeks,445.0
NHS SOUTH YORKSHIRE ICB - 02P,Count_WaitingForTreatment0to6weeks,490.0
NHS SOUTH YORKSHIRE ICB - 02P,Count_WaitingForTreatment0to12weeks,505.0
NHS SOUTH YORKSHIRE ICB - 02P,Count_WaitingForTreatment0to18weeks,510.0
NHS SOUTH YORKSHIRE ICB - 02P,Count_WaitingForAssessment,5.0
NHS SOUTH YORKSHIRE ICB - 02P,Count_WaitingForTreatment,5.0
NHS SOUTH YORKSHIRE ICB - 02P,Count_WaitingForTreatment0to6weeks,5.0
NHS SOUTH YORKSHIRE ICB - 02P,Count_WaitingForTreatment0to12weeks,5.0
NHS SOUTH YORKSHIRE ICB - 02P,Count_WaitingForTreatment0to18weeks,5.0
NHS NOTTINGHAM AND NOTTINGHAMSHIRE ICB - 02Q,Count_WaitingForAssessment,5.0
NHS NOTTINGHAM AND NOTTINGHAMSHIRE ICB - 02Q,Count_WaitingForAssessment,315.0
NHS NOTTINGHAM AND NOTTINGHAMSHIRE ICB - 02Q,Count_WaitingForTreatment,310.0
NHS NOTTINGHAM AND NOTTINGHAMSHIRE ICB - 02Q,Count_WaitingForTreatment0to2weeks,145.0
NHS NOTTINGHAM AND NOTTINGHAMSHIRE ICB - 02Q,Count_WaitingForTreatment0to4weeks,235.0
NHS NOTTINGHAM AND NOTTINGHAMSHIRE ICB - 02Q,Count_WaitingForTreatment0to6weeks,295.0
NHS NOTTINGHAM AND NOTTINGHAMSHIRE ICB - 02Q,Count_WaitingForTreatment0to12weeks,310.0
NHS NOTTINGHAM AND NOTTINGHAMSHIRE ICB - 02Q,Count_WaitingForTreatment0to18weeks,310.0
NHS WEST YORKSHIRE ICB - 02T,Count_WaitingForAssessment,460.0
NHS WEST YORKSHIRE ICB - 02T,Count_WaitingForTreatment,460.0
NHS WEST YORKSHIRE ICB - 02T,Count_WaitingForTreatment0to2weeks,230.0
NHS WEST YORKSHIRE ICB - 02T,Count_WaitingForTreatment0to4weeks,425.0
NHS WEST YORKSHIRE ICB - 02T,Count_WaitingForTreatment0to6weeks,460.0
NHS WEST YORKSHIRE ICB - 02T,Count_WaitingForTreatment0to12weeks,460.0
NHS WEST YORKSHIRE ICB - 02T,Count_WaitingForTreatment0to18weeks,460.0
NHS SOUTH YORKSHIRE ICB - 02X,Count_WaitingForAssessment,1195.0
NHS SOUTH YORKSHIRE ICB - 02X,Count_WaitingForAssessmentOver90days,390.0
NHS SOUTH YORKSHIRE ICB - 02X,Count_WaitingForTreatment,925.0
NHS SOUTH YORKSHIRE ICB - 02X,Count_WaitingForTreatment0to2weeks,355.0
NHS SOUTH YORKSHIRE ICB - 02X,Count_WaitingForTreatment0to4weeks,660.0
NHS SOUTH YORKSHIRE ICB - 02X,Count_WaitingForTreatment0to6weeks,740.0
NHS SOUTH YORKSHIRE ICB - 02X,Count_WaitingForTreatment0to12weeks,800.0
NHS SOUTH YORKSHIRE ICB - 02X,Count_WaitingForTreatment0to18weeks,815.0
NHS SOUTH YORKSHIRE ICB - 02X,Count_WaitingForTreatmentOver18weeks,110.0
NHS SOUTH YORKSHIRE ICB - 02X,Count_WaitingForTreatmentOver90days,125.0
NHS HUMBER AND NORTH YORKSHIRE ICB - 02Y,Count_WaitingForAssessment,500.0
NHS HUMBER AND NORTH YORKSHIRE ICB - 02Y,Count_WaitingForAssessmentOver90days,125.0
NHS HUMBER AND NORTH YORKSHIRE ICB - 02Y,Count_WaitingForTreatment,930.0
NHS HUMBER AND NORTH YORKSHIRE ICB - 02Y,Count_WaitingForTreatment0to2weeks,255.0
NHS HUMBER AND NORTH YORKSHIRE ICB - 02Y,Count_WaitingForTreatment0to4weeks,370.0
NHS HUMBER AND NORTH YORKSHIRE ICB - 02Y,Count_WaitingForTreatment0to6weeks,450.0
NHS HUMBER AND NORTH YORKSHIRE ICB - 02Y,Count_WaitingForTreatment0to12weeks,600.0
NHS HUMBER AND NORTH YORKSHIRE ICB - 02Y,Count_WaitingForTreatment0to18weeks,670.0
NHS HUMBER AND NORTH YORKSHIRE ICB - 02Y,Count_WaitingForTreatmentOver18weeks,260.0
NHS HUMBER AND NORTH YORKSHIRE ICB - 02Y,Count_WaitingForTreatmentOver90days,320.0
NHS HUMBER AND NORTH YORKSHIRE ICB - 03F,Count_WaitingForAssessment,305.0
NHS HUMBER AND NORTH YORKSHIRE ICB - 03F,Count_WaitingForAssessmentOver90days,5.0
NHS HUMBER AND NORTH YORKSHIRE ICB - 03F,Count_WaitingForTreatment,305.0
NHS HUMBER AND NORTH YORKSHIRE ICB - 03F,Count_WaitingForTreatment0to2weeks,270.0
NHS HUMBER AND NORTH YORKSHIRE ICB - 03F,Count_WaitingForTreatment0to4weeks,285.0
NHS HUMBER AND NORTH YORKSHIRE ICB - 03F,Count_WaitingForTreatment0to6weeks,295.0
NHS HUMBER AND NORTH YORKSHIRE ICB - 03F,Count_WaitingForTreatment0to12weeks,300.0
NHS HUMBER AND NORTH YORKSHIRE ICB - 03F,Count_WaitingForTreatment0to18weeks,300.0
NHS HUMBER AND NORTH YORKSHIRE ICB - 03H,Count_WaitingForAssessment,470.0
NHS HUMBER AND NORTH YORKSHIRE ICB - 03H,Count_WaitingForAssessmentOver90days,60.0
NHS HUMBER AND NORTH YORKSHIRE ICB - 03H,Count_WaitingForTreatment,465.0
NHS HUMBER AND NORTH YORKSHIRE ICB - 03H,Count_WaitingForTreatment0to2weeks,205.0
NHS HUMBER AND NORTH YORKSHIRE ICB - 03H,Count_WaitingForTreatment0to4weeks,305.0
NHS HUMBER AND NORTH YORKSHIRE ICB - 03H,Count_WaitingForTreatment0to6weeks,350.0
NHS HUMBER AND NORTH YORKSHIRE ICB - 03H,Count_WaitingForTreatment0to12weeks,405.0
NHS HUMBER AND NORTH YORKSHIRE ICB - 03H,Count_WaitingForTreatment0to18weeks,430.0
NHS HUMBER AND NORTH YORKSHIRE ICB - 03H,Count_WaitingForTreatmentOver18weeks,35.0
NHS HUMBER AND NORTH YORKSHIRE ICB - 03H,Count_WaitingForTreatmentOver90days,55.0
NHS HUMBER AND NORTH YORKSHIRE ICB - 03K,Count_WaitingForAssessment,470.0
NHS HUMBER AND NORTH YORKSHIRE ICB - 03K,Count_WaitingForAssessmentOver90days,230.0
NHS HUMBER AND NORTH YORKSHIRE ICB - 03K,Count_WaitingForTreatment,330.0
NHS HUMBER AND NORTH YORKSHIRE ICB - 03K,Count_WaitingForTreatment0to2weeks,175.0
NHS HUMBER AND NORTH YORKSHIRE ICB - 03K,Count_WaitingForTreatment0to4weeks,220.0
NHS HUMBER AND NORTH YORKSHIRE ICB - 03K,Count_WaitingForTreatment0to6weeks,230.0
NHS HUMBER AND NORTH YORKSHIRE ICB - 03K,Count_WaitingForTreatment0to12weeks,235.0
NHS HUMBER AND NORTH YORKSHIRE ICB - 03K,Count_WaitingForTreatment0to18weeks,245.0
NHS HUMBER AND NORTH YORKSHIRE ICB - 03K,Count_WaitingForTreatmentOver18weeks,90.0
NHS HUMBER AND NORTH YORKSHIRE ICB - 03K,Count_WaitingForTreatmentOver90days,95.0
NHS SOUTH YORKSHIRE ICB - 03L,Count_WaitingForAssessment,45.0
NHS SOUTH YORKSHIRE ICB - 03L,Count_WaitingForTreatment,45.0
NHS SOUTH YORKSHIRE ICB - 03L,Count_WaitingForTreatment0to2weeks,35.0
NHS SOUTH YORKSHIRE ICB - 03L,Count_WaitingForTreatment0to4weeks,45.0
NHS SOUTH YORKSHIRE ICB - 03L,Count_WaitingForTreatment0to6weeks,45.0
NHS SOUTH YORKSHIRE ICB - 03L,Count_WaitingForTreatment0to12weeks,45.0
NHS SOUTH YORKSHIRE ICB - 03L,Count_WaitingForTreatment0to18weeks,45.0
NHS SOUTH YORKSHIRE ICB - 03L,Count_WaitingForAssessment,960.0
NHS SOUTH YORKSHIRE ICB - 03L,Count_WaitingForAssessmentOver90days,440.0
NHS SOUTH YORKSHIRE ICB - 03L,Count_WaitingForTreatment,755.0
NHS SOUTH YORKSHIRE ICB - 03L,Count_WaitingForTreatment0to2weeks,300.0
NHS SOUTH YORKSHIRE ICB - 03L,Count_WaitingForTreatment0to4weeks,440.0
NHS SOUTH YORKSHIRE ICB - 03L,Count_WaitingForTreatment0to6weeks,490.0
NHS SOUTH YORKSHIRE ICB - 03L,Count_WaitingForTreatment0to12weeks,520.0
NHS SOUTH YORKSHIRE ICB - 03L,Count_WaitingForTreatment0to18weeks,530.0
NHS SOUTH YORKSHIRE ICB - 03L,Count_WaitingForTreatmentOver18weeks,225.0
NHS SOUTH YORKSHIRE ICB - 03L,Count_WaitingForTreatmentOver90days,230.0
NHS SOUTH YORKSHIRE ICB - 03N,Count_WaitingForAssessment,1505.0
NHS SOUTH YORKSHIRE ICB - 03N,Count_WaitingForAssessmentOver90days,5.0
NHS SOUTH YORKSHIRE ICB - 03N,Count_WaitingForTreatment,1535.0
NHS SOUTH YORKSHIRE ICB - 03N,Count_WaitingForTreatment0to2weeks,805.0
NHS SOUTH YORKSHIRE ICB - 03N,Count_WaitingForTreatment0to4weeks,1330.0
NHS SOUTH YORKSHIRE ICB - 03N,Count_WaitingForTreatment0to6weeks,1460.0
NHS SOUTH YORKSHIRE ICB - 03N,Count_WaitingForTreatment0to12weeks,1530.0
NHS SOUTH YORKSHIRE ICB - 03N,Count_WaitingForTreatment0to18weeks,1530.0
NHS SOUTH YORKSHIRE ICB - 03N,Count_WaitingForTreatmentOver18weeks,5.0
NHS SOUTH YORKSHIRE ICB - 03N,Count_WaitingForTreatmentOver90days,5.0
NHS HUMBER AND NORTH YORKSHIRE ICB - 03Q,Count_WaitingForAssessment,520.0
NHS HUMBER AND NORTH YORKSHIRE ICB - 03Q,Count_WaitingForAssessmentOver90days,10.0
NHS HUMBER AND NORTH YORKSHIRE ICB - 03Q,Count_WaitingForTreatment,505.0
NHS HUMBER AND NORTH YORKSHIRE ICB - 03Q,Count_WaitingForTreatment0to2weeks,265.0
NHS HUMBER AND NORTH YORKSHIRE ICB - 03Q,Count_WaitingForTreatment0to4weeks,475.0
NHS HUMBER AND NORTH YORKSHIRE ICB - 03Q,Count_WaitingForTreatment0to6weeks,500.0
NHS HUMBER AND NORTH YORKSHIRE ICB - 03Q,Count_WaitingForTreatment0to12weeks,505.0
NHS HUMBER AND NORTH YORKSHIRE ICB - 03Q,Count_WaitingForTreatment0to18weeks,505.0
NHS WEST YORKSHIRE ICB - 03R,Count_WaitingForAssessment,515.0
NHS WEST YORKSHIRE ICB - 03R,Count_WaitingForAssessmentOver90days,35.0
NHS WEST YORKSHIRE ICB - 03R,Count_WaitingForTreatment,480.0
NHS WEST YORKSHIRE ICB - 03R,Count_WaitingForTreatment0to2weeks,375.0
NHS WEST YORKSHIRE ICB - 03R,Count_WaitingForTreatment0to4weeks,430.0
NHS WEST YORKSHIRE ICB - 03R,Count_WaitingForTreatment0to6weeks,445.0
NHS WEST YORKSHIRE ICB - 03R,Count_WaitingForTreatment0to12weeks,465.0
NHS WEST YORKSHIRE ICB - 03R,Count_WaitingForTreatment0to18weeks,465.0
NHS WEST YORKSHIRE ICB - 03R,Count_WaitingForTreatmentOver18weeks,15.0
NHS WEST YORKSHIRE ICB - 03R,Count_WaitingForTreatmentOver90days,15.0
"NHS LEICESTER, LEICESTERSHIRE AND RUTLAND ICB - 03W",Count_WaitingForAssessment,375.0
"NHS LEICESTER, LEICESTERSHIRE AND RUTLAND ICB - 03W",Count_WaitingForTreatment,375.0
"NHS LEICESTER, LEICESTERSHIRE AND RUTLAND ICB - 03W",Count_WaitingForTreatment0to2weeks,300.0
"NHS LEICESTER, LEICESTERSHIRE AND RUTLAND ICB - 03W",Count_WaitingForTreatment0to4weeks,360.0
"NHS LEICESTER, LEICESTERSHIRE AND RUTLAND ICB - 03W",Count_WaitingForTreatment0to6weeks,365.0
"NHS LEICESTER, LEICESTERSHIRE AND RUTLAND ICB - 03W",Count_WaitingForTreatment0to12weeks,370.0
"NHS LEICESTER, LEICESTERSHIRE AND RUTLAND ICB - 03W",Count_WaitingForTreatment0to18weeks,370.0
"NHS LEICESTER, LEICESTERSHIRE AND RUTLAND ICB - 04C",Count_WaitingForAssessment,460.0
"NHS LEICESTER, LEICESTERSHIRE AND RUTLAND ICB - 04C",Count_WaitingForAssessmentOver90days,5.0
"NHS LEICESTER, LEICESTERSHIRE AND RUTLAND ICB - 04C",Count_WaitingForTreatment,460.0
"NHS LEICESTER, LEICESTERSHIRE AND RUTLAND ICB - 04C",Count_WaitingForTreatment0to2weeks,350.0
"NHS LEICESTER, LEICESTERSHIRE AND RUTLAND ICB - 04C",Count_WaitingForTreatment0to4weeks,435.0
"NHS LEICESTER, LEICESTERSHIRE AND RUTLAND ICB - 04C",Count_WaitingForTreatment0to6weeks,450.0
"NHS LEICESTER, LEICESTERSHIRE AND RUTLAND ICB - 04C",Count_WaitingForTreatment0to12weeks,455.0
"NHS LEICESTER, LEICESTERSHIRE AND RUTLAND ICB - 04C",Count_WaitingForTreatment0to18weeks,455.0
"NHS LEICESTER, LEICESTERSHIRE AND RUTLAND ICB - 04V",Count_WaitingForAssessment,560.0
"NHS LEICESTER, LEICESTERSHIRE AND RUTLAND ICB - 04V",Count_WaitingForTreatment,560.0
"NHS LEICESTER, LEICESTERSHIRE AND RUTLAND ICB - 04V",Count_WaitingForTreatment0to2weeks,450.0
"NHS LEICESTER, LEICESTERSHIRE AND RUTLAND ICB - 04V",Count_WaitingForTreatment0to4weeks,550.0
"NHS LEICESTER, LEICESTERSHIRE AND RUTLAND ICB - 04V",Count_WaitingForTreatment0to6weeks,555.0
"NHS LEICESTER, LEICESTERSHIRE AND RUTLAND ICB - 04V",Count_WaitingForTreatment0to12weeks,555.0
"NHS LEICESTER, LEICESTERSHIRE AND RUTLAND ICB - 04V",Count_WaitingForTreatment0to18weeks,560.0
NHS STAFFORDSHIRE AND STOKE-ON-TRENT ICB - 04Y,Count_WaitingForAssessment,575.0
NHS STAFFORDSHIRE AND STOKE-ON-TRENT ICB - 04Y,Count_WaitingForAssessmentOver90days,30.0
NHS STAFFORDSHIRE AND STOKE-ON-TRENT ICB - 04Y,Count_WaitingForTreatment,570.0
NHS STAFFORDSHIRE AND STOKE-ON-TRENT ICB - 04Y,Count_WaitingForTreatment0to2weeks,165.0
NHS STAFFORDSHIRE AND STOKE-ON-TRENT ICB - 04Y,Count_WaitingForTreatment0to4weeks,320.0
NHS STAFFORDSHIRE AND STOKE-ON-TRENT ICB - 04Y,Count_WaitingForTreatment0to6weeks,440.0
NHS STAFFORDSHIRE AND STOKE-ON-TRENT ICB - 04Y,Count_WaitingForTreatment0to12weeks,555.0
NHS STAFFORDSHIRE AND STOKE-ON-TRENT ICB - 04Y,Count_WaitingForTreatment0to18weeks,565.0
NHS STAFFORDSHIRE AND STOKE-ON-TRENT ICB - 04Y,Count_WaitingForTreatmentOver18weeks,5.0
NHS STAFFORDSHIRE AND STOKE-ON-TRENT ICB - 04Y,Count_WaitingForTreatmentOver90days,15.0
NHS STAFFORDSHIRE AND STOKE-ON-TRENT ICB - 05D,Count_WaitingForAssessment,455.0
NHS STAFFORDSHIRE AND STOKE-ON-TRENT ICB - 05D,Count_WaitingForAssessmentOver90days,15.0
NHS STAFFORDSHIRE AND STOKE-ON-TRENT ICB - 05D,Count_WaitingForTreatment,460.0
NHS STAFFORDSHIRE AND STOKE-ON-TRENT ICB - 05D,Count_WaitingForTreatment0to2weeks,155.0
NHS STAFFORDSHIRE AND STOKE-ON-TRENT ICB - 05D,Count_WaitingForTreatment0to4weeks,280.0
NHS STAFFORDSHIRE AND STOKE-ON-TRENT ICB - 05D,Count_WaitingForTreatment0to6weeks,375.0
NHS STAFFORDSHIRE AND STOKE-ON-TRENT ICB - 05D,Count_WaitingForTreatment0to12weeks,450.0
NHS STAFFORDSHIRE AND STOKE-ON-TRENT ICB - 05D,Count_WaitingForTreatment0to18weeks,455.0
NHS STAFFORDSHIRE AND STOKE-ON-TRENT ICB - 05D,Count_WaitingForTreatmentOver18weeks,5.0
NHS STAFFORDSHIRE AND STOKE-ON-TRENT ICB - 05D,Count_WaitingForTreatmentOver90days,10.0
NHS STAFFORDSHIRE AND STOKE-ON-TRENT ICB - 05G,Count_WaitingForAssessment,915.0
NHS STAFFORDSHIRE AND STOKE-ON-TRENT ICB - 05G,Count_WaitingForAssessmentOver90days,70.0
NHS STAFFORDSHIRE AND STOKE-ON-TRENT ICB - 05G,Count_WaitingForTreatment,865.0
NHS STAFFORDSHIRE AND STOKE-ON-TRENT ICB - 05G,Count_WaitingForTreatment0to2weeks,345.0
NHS STAFFORDSHIRE AND STOKE-ON-TRENT ICB - 05G,Count_WaitingForTreatment0to4weeks,600.0
NHS STAFFORDSHIRE AND STOKE-ON-TRENT ICB - 05G,Count_WaitingForTreatment0to6weeks,755.0
NHS STAFFORDSHIRE AND STOKE-ON-TRENT ICB - 05G,Count_WaitingForTreatment0to12weeks,830.0
NHS STAFFORDSHIRE AND STOKE-ON-TRENT ICB - 05G,Count_WaitingForTreatment0to18weeks,845.0
NHS STAFFORDSHIRE AND STOKE-ON-TRENT ICB - 05G,Count_WaitingForTreatmentOver18weeks,20.0
NHS STAFFORDSHIRE AND STOKE-ON-TRENT ICB - 05G,Count_WaitingForTreatmentOver90days,30.0
NHS STAFFORDSHIRE AND STOKE-ON-TRENT ICB - 05Q,Count_WaitingForAssessment,775.0
NHS STAFFORDSHIRE AND STOKE-ON-TRENT ICB - 05Q,Count_WaitingForAssessmentOver90days,20.0
NHS STAFFORDSHIRE AND STOKE-ON-TRENT ICB - 05Q,Count_WaitingForTreatment,795.0
NHS STAFFORDSHIRE AND STOKE-ON-TRENT ICB - 05Q,Count_WaitingForTreatment0to2weeks,270.0
NHS STAFFORDSHIRE AND STOKE-ON-TRENT ICB - 05Q,Count_WaitingForTreatment0to4weeks,490.0
NHS STAFFORDSHIRE AND STOKE-ON-TRENT ICB - 05Q,Count_WaitingForTreatment0to6weeks,650.0
NHS STAFFORDSHIRE AND STOKE-ON-TRENT ICB - 05Q,Count_WaitingForTreatment0to12weeks,770.0
NHS STAFFORDSHIRE AND STOKE-ON-TRENT ICB - 05Q,Count_WaitingForTreatment0to18weeks,785.0
NHS STAFFORDSHIRE AND STOKE-ON-TRENT ICB - 05Q,Count_WaitingForTreatmentOver18weeks,10.0
NHS STAFFORDSHIRE AND STOKE-ON-TRENT ICB - 05Q,Count_WaitingForTreatmentOver90days,20.0
NHS STAFFORDSHIRE AND STOKE-ON-TRENT ICB - 05V,Count_WaitingForAssessment,610.0
NHS STAFFORDSHIRE AND STOKE-ON-TRENT ICB - 05V,Count_WaitingForAssessmentOver90days,20.0
NHS STAFFORDSHIRE AND STOKE-ON-TRENT ICB - 05V,Count_WaitingForTreatment,615.0
NHS STAFFORDSHIRE AND STOKE-ON-TRENT ICB - 05V,Count_WaitingForTreatment0to2weeks,165.0
NHS STAFFORDSHIRE AND STOKE-ON-TRENT ICB - 05V,Count_WaitingForTreatment0to4weeks,335.0
NHS STAFFORDSHIRE AND STOKE-ON-TRENT ICB - 05V,Count_WaitingForTreatment0to6weeks,475.0
NHS STAFFORDSHIRE AND STOKE-ON-TRENT ICB - 05V,Count_WaitingForTreatment0to12weeks,595.0
NHS STAFFORDSHIRE AND STOKE-ON-TRENT ICB - 05V,Count_WaitingForTreatment0to18weeks,610.0
NHS STAFFORDSHIRE AND STOKE-ON-TRENT ICB - 05V,Count_WaitingForTreatmentOver18weeks,5.0
NHS STAFFORDSHIRE AND STOKE-ON-TRENT ICB - 05V,Count_WaitingForTreatmentOver90days,20.0
NHS STAFFORDSHIRE AND STOKE-ON-TRENT ICB - 05W,Count_WaitingForAssessment,1015.0
NHS STAFFORDSHIRE AND STOKE-ON-TRENT ICB - 05W,Count_WaitingForAssessmentOver90days,20.0
NHS STAFFORDSHIRE AND STOKE-ON-TRENT ICB - 05W,Count_WaitingForTreatment,1050.0
NHS STAFFORDSHIRE AND STOKE-ON-TRENT ICB - 05W,Count_WaitingForTreatment0to2weeks,380.0
NHS STAFFORDSHIRE AND STOKE-ON-TRENT ICB - 05W,Count_WaitingForTreatment0to4weeks,715.0
NHS STAFFORDSHIRE AND STOKE-ON-TRENT ICB - 05W,Count_WaitingForTreatment0to6weeks,900.0
NHS STAFFORDSHIRE AND STOKE-ON-TRENT ICB - 05W,Count_WaitingForTreatment0to12weeks,1040.0
NHS STAFFORDSHIRE AND STOKE-ON-TRENT ICB - 05W,Count_WaitingForTreatment0to18weeks,1050.0
NHS STAFFORDSHIRE AND STOKE-ON-TRENT ICB - 05W,Count_WaitingForTreatmentOver90days,5.0
NHS CAMBRIDGESHIRE AND PETERBOROUGH ICB - 06H,Count_WaitingForAssessment,290.0
NHS CAMBRIDGESHIRE AND PETERBOROUGH ICB - 06H,Count_WaitingForAssessmentOver90days,20.0
NHS CAMBRIDGESHIRE AND PETERBOROUGH ICB - 06H,Count_WaitingForTreatment,485.0
NHS CAMBRIDGESHIRE AND PETERBOROUGH ICB - 06H,Count_WaitingForTreatment0to2weeks,165.0
NHS CAMBRIDGESHIRE AND PETERBOROUGH ICB - 06H,Count_WaitingForTreatment0to4weeks,275.0
NHS CAMBRIDGESHIRE AND PETERBOROUGH ICB - 06H,Count_WaitingForTreatment0to6weeks,335.0
NHS CAMBRIDGESHIRE AND PETERBOROUGH ICB - 06H,Count_WaitingForTreatment0to12weeks,430.0
NHS CAMBRIDGESHIRE AND PETERBOROUGH ICB - 06H,Count_WaitingForTreatment0to18weeks,460.0
NHS CAMBRIDGESHIRE AND PETERBOROUGH ICB - 06H,Count_WaitingForTreatmentOver18weeks,20.0
NHS CAMBRIDGESHIRE AND PETERBOROUGH ICB - 06H,Count_WaitingForTreatmentOver90days,45.0
NHS CAMBRIDGESHIRE AND PETERBOROUGH ICB - 06H,Count_WaitingForAssessment,1125.0
NHS CAMBRIDGESHIRE AND PETERBOROUGH ICB - 06H,Count_WaitingForAssessmentOver90days,910.0
NHS CAMBRIDGESHIRE AND PETERBOROUGH ICB - 06H,Count_WaitingForTreatment,1135.0
NHS CAMBRIDGESHIRE AND PETERBOROUGH ICB - 06H,Count_WaitingForTreatment0to2weeks,35.0
NHS CAMBRIDGESHIRE AND PETERBOROUGH ICB - 06H,Count_WaitingForTreatment0to4weeks,70.0
NHS CAMBRIDGESHIRE AND PETERBOROUGH ICB - 06H,Count_WaitingForTreatment0to6weeks,125.0
NHS CAMBRIDGESHIRE AND PETERBOROUGH ICB - 06H,Count_WaitingForTreatment0to12weeks,210.0
NHS CAMBRIDGESHIRE AND PETERBOROUGH ICB - 06H,Count_WaitingForTreatment0to18weeks,255.0
NHS CAMBRIDGESHIRE AND PETERBOROUGH ICB - 06H,Count_WaitingForTreatmentOver18weeks,880.0
NHS CAMBRIDGESHIRE AND PETERBOROUGH ICB - 06H,Count_WaitingForTreatmentOver90days,920.0
NHS HERTFORDSHIRE AND WEST ESSEX ICB - 06K,Count_WaitingForAssessment,10.0
NHS HERTFORDSHIRE AND WEST ESSEX ICB - 06K,Count_WaitingForAssessmentOver90days,5.0
NHS HERTFORDSHIRE AND WEST ESSEX ICB - 06K,Count_WaitingForTreatment,10.0
NHS HERTFORDSHIRE AND WEST ESSEX ICB - 06K,Count_WaitingForTreatmentOver18weeks,5.0
NHS HERTFORDSHIRE AND WEST ESSEX ICB - 06K,Count_WaitingForTreatmentOver90days,5.0
NHS HERTFORDSHIRE AND WEST ESSEX ICB - 06K,Count_WaitingForAssessment,365.0
NHS HERTFORDSHIRE AND WEST ESSEX ICB - 06K,Count_WaitingForAssessmentOver90days,125.0
NHS HERTFORDSHIRE AND WEST ESSEX ICB - 06K,Count_WaitingForTreatment,185.0
NHS HERTFORDSHIRE AND WEST ESSEX ICB - 06K,Count_WaitingForTreatment0to2weeks,35.0
NHS HERTFORDSHIRE AND WEST ESSEX ICB - 06K,Count_WaitingForTreatment0to4weeks,75.0
NHS HERTFORDSHIRE AND WEST ESSEX ICB - 06K,Count_WaitingForTreatment0to6weeks,115.0
NHS HERTFORDSHIRE AND WEST ESSEX ICB - 06K,Count_WaitingForTreatment0to12weeks,165.0
NHS HERTFORDSHIRE AND WEST ESSEX ICB - 06K,Count_WaitingForTreatment0to18weeks,180.0
NHS HERTFORDSHIRE AND WEST ESSEX ICB - 06K,Count_WaitingForTreatmentOver90days,20.0
NHS HERTFORDSHIRE AND WEST ESSEX ICB - 06K,Count_WaitingForAssessment,215.0
NHS HERTFORDSHIRE AND WEST ESSEX ICB - 06K,Count_WaitingForAssessmentOver90days,205.0
NHS HERTFORDSHIRE AND WEST ESSEX ICB - 06K,Count_WaitingForTreatment,210.0
NHS HERTFORDSHIRE AND WEST ESSEX ICB - 06K,Count_WaitingForTreatment0to12weeks,10.0
NHS HERTFORDSHIRE AND WEST ESSEX ICB - 06K,Count_WaitingForTreatment0to18weeks,20.0
NHS HERTFORDSHIRE AND WEST ESSEX ICB - 06K,Count_WaitingForTreatmentOver18weeks,195.0
NHS HERTFORDSHIRE AND WEST ESSEX ICB - 06K,Count_WaitingForTreatmentOver90days,200.0
NHS HERTFORDSHIRE AND WEST ESSEX ICB - 06K,Count_WaitingForAssessment,250.0
NHS HERTFORDSHIRE AND WEST ESSEX ICB - 06K,Count_WaitingForAssessmentOver90days,175.0
NHS HERTFORDSHIRE AND WEST ESSEX ICB - 06K,Count_WaitingForTreatment,240.0
NHS HERTFORDSHIRE AND WEST ESSEX ICB - 06K,Count_WaitingForTreatment0to12weeks,55.0
NHS HERTFORDSHIRE AND WEST ESSEX ICB - 06K,Count_WaitingForTreatment0to18weeks,145.0
NHS HERTFORDSHIRE AND WEST ESSEX ICB - 06K,Count_WaitingForTreatmentOver18weeks,100.0
NHS HERTFORDSHIRE AND WEST ESSEX ICB - 06K,Count_WaitingForTreatmentOver90days,170.0
NHS HERTFORDSHIRE AND WEST ESSEX ICB - 06K,Count_WaitingForAssessment,175.0
NHS HERTFORDSHIRE AND WEST ESSEX ICB - 06K,Count_WaitingForAssessmentOver90days,105.0
NHS HERTFORDSHIRE AND WEST ESSEX ICB - 06K,Count_WaitingForTreatment,165.0
NHS HERTFORDSHIRE AND WEST ESSEX ICB - 06K,Count_WaitingForTreatment0to2weeks,15.0
NHS HERTFORDSHIRE AND WEST ESSEX ICB - 06K,Count_WaitingForTreatment0to4weeks,25.0
NHS HERTFORDSHIRE AND WEST ESSEX ICB - 06K,Count_WaitingForTreatment0to6weeks,45.0
NHS HERTFORDSHIRE AND WEST ESSEX ICB - 06K,Count_WaitingForTreatment0to12weeks,75.0
NHS HERTFORDSHIRE AND WEST ESSEX ICB - 06K,Count_WaitingForTreatment0to18weeks,75.0
NHS HERTFORDSHIRE AND WEST ESSEX ICB - 06K,Count_WaitingForTreatmentOver18weeks,90.0
NHS HERTFORDSHIRE AND WEST ESSEX ICB - 06K,Count_WaitingForTreatmentOver90days,90.0
NHS HERTFORDSHIRE AND WEST ESSEX ICB - 06K,Count_WaitingForAssessment,1645.0
NHS HERTFORDSHIRE AND WEST ESSEX ICB - 06K,Count_WaitingForAssessmentOver90days,55.0
NHS HERTFORDSHIRE AND WEST ESSEX ICB - 06K,Count_WaitingForTreatment,1545.0
NHS HERTFORDSHIRE AND WEST ESSEX ICB - 06K,Count_WaitingForTreatment0to2weeks,710.0
NHS HERTFORDSHIRE AND WEST ESSEX ICB - 06K,Count_WaitingForTreatment0to4weeks,1275.0
NHS HERTFORDSHIRE AND WEST ESSEX ICB - 06K,Count_WaitingForTreatment0to6weeks,1470.0
NHS HERTFORDSHIRE AND WEST ESSEX ICB - 06K,Count_WaitingForTreatment0to12weeks,1545.0
NHS HERTFORDSHIRE AND WEST ESSEX ICB - 06K,Count_WaitingForTreatment0to18weeks,1545.0
NHS SUFFOLK AND NORTH EAST ESSEX ICB - 06L,Count_WaitingForAssessment,1325.0
NHS SUFFOLK AND NORTH EAST ESSEX ICB - 06L,Count_WaitingForAssessmentOver90days,15.0
NHS SUFFOLK AND NORTH EAST ESSEX ICB - 06L,Count_WaitingForTreatment,1335.0
NHS SUFFOLK AND NORTH EAST ESSEX ICB - 06L,Count_WaitingForTreatment0to2weeks,525.0
NHS SUFFOLK AND NORTH EAST ESSEX ICB - 06L,Count_WaitingForTreatment0to4weeks,945.0
NHS SUFFOLK AND NORTH EAST ESSEX ICB - 06L,Count_WaitingForTreatment0to6weeks,1150.0
NHS SUFFOLK AND NORTH EAST ESSEX ICB - 06L,Count_WaitingForTreatment0to12weeks,1320.0
NHS SUFFOLK AND NORTH EAST ESSEX ICB - 06L,Count_WaitingForTreatment0to18weeks,1335.0
NHS SUFFOLK AND NORTH EAST ESSEX ICB - 06L,Count_WaitingForTreatmentOver90days,15.0
NHS HERTFORDSHIRE AND WEST ESSEX ICB - 06N,Count_WaitingForAssessment,15.0
NHS HERTFORDSHIRE AND WEST ESSEX ICB - 06N,Count_WaitingForAssessmentOver90days,10.0
NHS HERTFORDSHIRE AND WEST ESSEX ICB - 06N,Count_WaitingForTreatment,15.0
NHS HERTFORDSHIRE AND WEST ESSEX ICB - 06N,Count_WaitingForTreatment0to18weeks,5.0
NHS HERTFORDSHIRE AND WEST ESSEX ICB - 06N,Count_WaitingForTreatmentOver18weeks,10.0
NHS HERTFORDSHIRE AND WEST ESSEX ICB - 06N,Count_WaitingForTreatmentOver90days,10.0
NHS HERTFORDSHIRE AND WEST ESSEX ICB - 06N,Count_WaitingForAssessment,345.0
NHS HERTFORDSHIRE AND WEST ESSEX ICB - 06N,Count_WaitingForAssessmentOver90days,75.0
NHS HERTFORDSHIRE AND WEST ESSEX ICB - 06N,Count_WaitingForTreatment,320.0
NHS HERTFORDSHIRE AND WEST ESSEX ICB - 06N,Count_WaitingForTreatment0to2weeks,55.0
NHS HERTFORDSHIRE AND WEST ESSEX ICB - 06N,Count_WaitingForTreatment0to4weeks,120.0
NHS HERTFORDSHIRE AND WEST ESSEX ICB - 06N,Count_WaitingForTreatment0to6weeks,190.0
NHS HERTFORDSHIRE AND WEST ESSEX ICB - 06N,Count_WaitingForTreatment0to12weeks,295.0
NHS HERTFORDSHIRE AND WEST ESSEX ICB - 06N,Count_WaitingForTreatment0to18weeks,310.0
NHS HERTFORDSHIRE AND WEST ESSEX ICB - 06N,Count_WaitingForTreatmentOver18weeks,10.0
NHS HERTFORDSHIRE AND WEST ESSEX ICB - 06N,Count_WaitingForTreatmentOver90days,20.0
NHS HERTFORDSHIRE AND WEST ESSEX ICB - 06N,Count_WaitingForAssessment,100.0
NHS HERTFORDSHIRE AND WEST ESSEX ICB - 06N,Count_WaitingForAssessmentOver90days,85.0
NHS HERTFORDSHIRE AND WEST ESSEX ICB - 06N,Count_WaitingForTreatment,95.0
NHS HERTFORDSHIRE AND WEST ESSEX ICB - 06N,Count_WaitingForTreatment0to12weeks,10.0
NHS HERTFORDSHIRE AND WEST ESSEX ICB - 06N,Count_WaitingForTreatment0to18weeks,15.0
NHS HERTFORDSHIRE AND WEST ESSEX ICB - 06N,Count_WaitingForTreatmentOver18weeks,80.0
NHS HERTFORDSHIRE AND WEST ESSEX ICB - 06N,Count_WaitingForTreatmentOver90days,85.0
NHS HERTFORDSHIRE AND WEST ESSEX ICB - 06N,Count_WaitingForAssessment,330.0
NHS HERTFORDSHIRE AND WEST ESSEX ICB - 06N,Count_WaitingForAssessmentOver90days,215.0
NHS HERTFORDSHIRE AND WEST ESSEX ICB - 06N,Count_WaitingForTreatment,315.0
NHS HERTFORDSHIRE AND WEST ESSEX ICB - 06N,Count_WaitingForTreatment0to12weeks,90.0
NHS HERTFORDSHIRE AND WEST ESSEX ICB - 06N,Count_WaitingForTreatment0to18weeks,210.0
NHS HERTFORDSHIRE AND WEST ESSEX ICB - 06N,Count_WaitingForTreatmentOver18weeks,105.0
NHS HERTFORDSHIRE AND WEST ESSEX ICB - 06N,Count_WaitingForTreatmentOver90days,205.0
NHS HERTFORDSHIRE AND WEST ESSEX ICB - 06N,Count_WaitingForAssessment,185.0
NHS HERTFORDSHIRE AND WEST ESSEX ICB - 06N,Count_WaitingForAssessmentOver90days,80.0
NHS HERTFORDSHIRE AND WEST ESSEX ICB - 06N,Count_WaitingForTreatment,180.0
NHS HERTFORDSHIRE AND WEST ESSEX ICB - 06N,Count_WaitingForTreatment0to2weeks,10.0
NHS HERTFORDSHIRE AND WEST ESSEX ICB - 06N,Count_WaitingForTreatment0to4weeks,35.0
NHS HERTFORDSHIRE AND WEST ESSEX ICB - 06N,Count_WaitingForTreatment0to6weeks,45.0
NHS HERTFORDSHIRE AND WEST ESSEX ICB - 06N,Count_WaitingForTreatment0to12weeks,110.0
NHS HERTFORDSHIRE AND WEST ESSEX ICB - 06N,Count_WaitingForTreatment0to18weeks,110.0
NHS HERTFORDSHIRE AND WEST ESSEX ICB - 06N,Count_WaitingForTreatmentOver18weeks,70.0
NHS HERTFORDSHIRE AND WEST ESSEX ICB - 06N,Count_WaitingForTreatmentOver90days,70.0
NHS HERTFORDSHIRE AND WEST ESSEX ICB - 06N,Count_WaitingForAssessment,10.0
NHS HERTFORDSHIRE AND WEST ESSEX ICB - 06N,Count_WaitingForTreatment,10.0
NHS HERTFORDSHIRE AND WEST ESSEX ICB - 06N,Count_WaitingForTreatment0to2weeks,10.0
NHS HERTFORDSHIRE AND WEST ESSEX ICB - 06N,Count_WaitingForTreatment0to4weeks,10.0
NHS HERTFORDSHIRE AND WEST ESSEX ICB - 06N,Count_WaitingForTreatment0to6weeks,10.0
NHS HERTFORDSHIRE AND WEST ESSEX ICB - 06N,Count_WaitingForTreatment0to12weeks,10.0
NHS HERTFORDSHIRE AND WEST ESSEX ICB - 06N,Count_WaitingForTreatment0to18weeks,10.0
NHS HERTFORDSHIRE AND WEST ESSEX ICB - 06N,Count_WaitingForAssessment,1595.0
NHS HERTFORDSHIRE AND WEST ESSEX ICB - 06N,Count_WaitingForAssessmentOver90days,55.0
NHS HERTFORDSHIRE AND WEST ESSEX ICB - 06N,Count_WaitingForTreatment,1510.0
NHS HERTFORDSHIRE AND WEST ESSEX ICB - 06N,Count_WaitingForTreatment0to2weeks,625.0
NHS HERTFORDSHIRE AND WEST ESSEX ICB - 06N,Count_WaitingForTreatment0to4weeks,1155.0
NHS HERTFORDSHIRE AND WEST ESSEX ICB - 06N,Count_WaitingForTreatment0to6weeks,1400.0
NHS HERTFORDSHIRE AND WEST ESSEX ICB - 06N,Count_WaitingForTreatment0to12weeks,1505.0
NHS HERTFORDSHIRE AND WEST ESSEX ICB - 06N,Count_WaitingForTreatment0to18weeks,1510.0
NHS MID AND SOUTH ESSEX ICB - 06Q,Count_WaitingForAssessment,860.0
NHS MID AND SOUTH ESSEX ICB - 06Q,Count_WaitingForAssessmentOver90days,55.0
NHS MID AND SOUTH ESSEX ICB - 06Q,Count_WaitingForTreatment,745.0
NHS MID AND SOUTH ESSEX ICB - 06Q,Count_WaitingForTreatment0to2weeks,425.0
NHS MID AND SOUTH ESSEX ICB - 06Q,Count_WaitingForTreatment0to4weeks,665.0
NHS MID AND SOUTH ESSEX ICB - 06Q,Count_WaitingForTreatment0to6weeks,720.0
NHS MID AND SOUTH ESSEX ICB - 06Q,Count_WaitingForTreatment0to12weeks,745.0
NHS MID AND SOUTH ESSEX ICB - 06Q,Count_WaitingForTreatment0to18weeks,745.0
NHS SUFFOLK AND NORTH EAST ESSEX ICB - 06T,Count_WaitingForAssessment,5.0
NHS SUFFOLK AND NORTH EAST ESSEX ICB - 06T,Count_WaitingForTreatment,5.0
NHS SUFFOLK AND NORTH EAST ESSEX ICB - 06T,Count_WaitingForAssessment,420.0
NHS SUFFOLK AND NORTH EAST ESSEX ICB - 06T,Count_WaitingForAssessmentOver90days,170.0
NHS SUFFOLK AND NORTH EAST ESSEX ICB - 06T,Count_WaitingForTreatment,305.0
NHS SUFFOLK AND NORTH EAST ESSEX ICB - 06T,Count_WaitingForTreatment0to2weeks,180.0
NHS SUFFOLK AND NORTH EAST ESSEX ICB - 06T,Count_WaitingForTreatment0to4weeks,185.0
NHS SUFFOLK AND NORTH EAST ESSEX ICB - 06T,Count_WaitingForTreatment0to6weeks,190.0
NHS SUFFOLK AND NORTH EAST ESSEX ICB - 06T,Count_WaitingForTreatment0to12weeks,190.0
NHS SUFFOLK AND NORTH EAST ESSEX ICB - 06T,Count_WaitingForTreatment0to18weeks,190.0
NHS SUFFOLK AND NORTH EAST ESSEX ICB - 06T,Count_WaitingForTreatmentOver18weeks,115.0
NHS SUFFOLK AND NORTH EAST ESSEX ICB - 06T,Count_WaitingForTreatmentOver90days,115.0
NHS MID AND SOUTH ESSEX ICB - 07G,Count_WaitingForAssessment,150.0
NHS MID AND SOUTH ESSEX ICB - 07G,Count_WaitingForAssessmentOver90days,10.0
NHS MID AND SOUTH ESSEX ICB - 07G,Count_WaitingForTreatment,140.0
NHS MID AND SOUTH ESSEX ICB - 07G,Count_WaitingForTreatment0to2weeks,125.0
NHS MID AND SOUTH ESSEX ICB - 07G,Count_WaitingForTreatment0to4weeks,135.0
NHS MID AND SOUTH ESSEX ICB - 07G,Count_WaitingForTreatment0to6weeks,140.0
NHS MID AND SOUTH ESSEX ICB - 07G,Count_WaitingForTreatment0to12weeks,140.0
NHS MID AND SOUTH ESSEX ICB - 07G,Count_WaitingForTreatment0to18weeks,140.0
NHS HERTFORDSHIRE AND WEST ESSEX ICB - 07H,Count_WaitingForAssessment,310.0
NHS HERTFORDSHIRE AND WEST ESSEX ICB - 07H,Count_WaitingForTreatment,310.0
NHS HERTFORDSHIRE AND WEST ESSEX ICB - 07H,Count_WaitingForTreatment0to2weeks,255.0
NHS HERTFORDSHIRE AND WEST ESSEX ICB - 07H,Count_WaitingForTreatment0to4weeks,300.0
NHS HERTFORDSHIRE AND WEST ESSEX ICB - 07H,Count_WaitingForTreatment0to6weeks,310.0
NHS HERTFORDSHIRE AND WEST ESSEX ICB - 07H,Count_WaitingForTreatment0to12weeks,310.0
NHS HERTFORDSHIRE AND WEST ESSEX ICB - 07H,Count_WaitingForTreatment0to18weeks,310.0
NHS SUFFOLK AND NORTH EAST ESSEX ICB - 07K,Count_WaitingForAssessment,880.0
NHS SUFFOLK AND NORTH EAST ESSEX ICB - 07K,Count_WaitingForAssessmentOver90days,15.0
NHS SUFFOLK AND NORTH EAST ESSEX ICB - 07K,Count_WaitingForTreatment,900.0
NHS SUFFOLK AND NORTH EAST ESSEX ICB - 07K,Count_WaitingForTreatment0to2weeks,370.0
NHS SUFFOLK AND NORTH EAST ESSEX ICB - 07K,Count_WaitingForTreatment0to4weeks,635.0
NHS SUFFOLK AND NORTH EAST ESSEX ICB - 07K,Count_WaitingForTreatment0to6weeks,780.0
NHS SUFFOLK AND NORTH EAST ESSEX ICB - 07K,Count_WaitingForTreatment0to12weeks,885.0
NHS SUFFOLK AND NORTH EAST ESSEX ICB - 07K,Count_WaitingForTreatment0to18weeks,895.0
NHS SUFFOLK AND NORTH EAST ESSEX ICB - 07K,Count_WaitingForTreatmentOver90days,10.0
NHS SUSSEX ICB - 09D,Count_WaitingForAssessment,1335.0
NHS SUSSEX ICB - 09D,Count_WaitingForAssessmentOver90days,90.0
NHS SUSSEX ICB - 09D,Count_WaitingForTreatment,1255.0
NHS SUSSEX ICB - 09D,Count_WaitingForTreatment0to2weeks,455.0
NHS SUSSEX ICB - 09D,Count_WaitingForTreatment0to4weeks,810.0
NHS SUSSEX ICB - 09D,Count_WaitingForTreatment0to6weeks,1105.0
NHS SUSSEX ICB - 09D,Count_WaitingForTreatment0to12weeks,1230.0
NHS SUSSEX ICB - 09D,Count_WaitingForTreatment0to18weeks,1245.0
NHS SUSSEX ICB - 09D,Count_WaitingForTreatmentOver18weeks,10.0
NHS SUSSEX ICB - 09D,Count_WaitingForTreatmentOver90days,20.0
"NHS BUCKINGHAMSHIRE, OXFORDSHIRE AND BERKSHIRE WEST ICB - 10Q",Count_WaitingForAssessment,420.0
"NHS BUCKINGHAMSHIRE, OXFORDSHIRE AND BERKSHIRE WEST ICB - 10Q",Count_WaitingForAssessmentOver90days,15.0
"NHS BUCKINGHAMSHIRE, OXFORDSHIRE AND BERKSHIRE WEST ICB - 10Q",Count_WaitingForTreatment,385.0
"NHS BUCKINGHAMSHIRE, OXFORDSHIRE AND BERKSHIRE WEST ICB - 10Q",Count_WaitingForTreatment0to2weeks,355.0
"NHS BUCKINGHAMSHIRE, OXFORDSHIRE AND BERKSHIRE WEST ICB - 10Q",Count_WaitingForTreatment0to4weeks,370.0
"NHS BUCKINGHAMSHIRE, OXFORDSHIRE AND BERKSHIRE WEST ICB - 10Q",Count_WaitingForTreatment0to6weeks,375.0
"NHS BUCKINGHAMSHIRE, OXFORDSHIRE AND BERKSHIRE WEST ICB - 10Q",Count_WaitingForTreatment0to12weeks,385.0
"NHS BUCKINGHAMSHIRE, OXFORDSHIRE AND BERKSHIRE WEST ICB - 10Q",Count_WaitingForTreatment0to18weeks,385.0
NHS HAMPSHIRE AND ISLE OF WIGHT ICB - 10R,Count_WaitingForAssessment,1205.0
NHS HAMPSHIRE AND ISLE OF WIGHT ICB - 10R,Count_WaitingForAssessmentOver90days,20.0
NHS HAMPSHIRE AND ISLE OF WIGHT ICB - 10R,Count_WaitingForTreatment,1200.0
NHS HAMPSHIRE AND ISLE OF WIGHT ICB - 10R,Count_WaitingForTreatment0to2weeks,440.0
NHS HAMPSHIRE AND ISLE OF WIGHT ICB - 10R,Count_WaitingForTreatment0to4weeks,825.0
NHS HAMPSHIRE AND ISLE OF WIGHT ICB - 10R,Count_WaitingForTreatment0to6weeks,1065.0
NHS HAMPSHIRE AND ISLE OF WIGHT ICB - 10R,Count_WaitingForTreatment0to12weeks,1185.0
NHS HAMPSHIRE AND ISLE OF WIGHT ICB - 10R,Count_WaitingForTreatment0to18weeks,1195.0
NHS HAMPSHIRE AND ISLE OF WIGHT ICB - 10R,Count_WaitingForTreatmentOver90days,10.0
NHS DORSET ICB - 11J,Count_WaitingForAssessment,2505.0
NHS DORSET ICB - 11J,Count_WaitingForAssessmentOver90days,65.0
NHS DORSET ICB - 11J,Count_WaitingForTreatment,2460.0
NHS DORSET ICB - 11J,Count_WaitingForTreatment0to2weeks,880.0
NHS DORSET ICB - 11J,Count_WaitingForTreatment0to4weeks,1650.0
NHS DORSET ICB - 11J,Count_WaitingForTreatment0to6weeks,2120.0
NHS DORSET ICB - 11J,Count_WaitingForTreatment0to12weeks,2425.0
NHS DORSET ICB - 11J,Count_WaitingForTreatment0to18weeks,2445.0
NHS DORSET ICB - 11J,Count_WaitingForTreatmentOver18weeks,10.0
NHS DORSET ICB - 11J,Count_WaitingForTreatmentOver90days,30.0
NHS GLOUCESTERSHIRE ICB - 11M,Count_WaitingForAssessment,1265.0
NHS GLOUCESTERSHIRE ICB - 11M,Count_WaitingForAssessmentOver90days,25.0
NHS GLOUCESTERSHIRE ICB - 11M,Count_WaitingForTreatment,1240.0
NHS GLOUCESTERSHIRE ICB - 11M,Count_WaitingForTreatment0to2weeks,580.0
NHS GLOUCESTERSHIRE ICB - 11M,Count_WaitingForTreatment0to4weeks,1020.0
NHS GLOUCESTERSHIRE ICB - 11M,Count_WaitingForTreatment0to6weeks,1140.0
NHS GLOUCESTERSHIRE ICB - 11M,Count_WaitingForTreatment0to12weeks,1225.0
NHS GLOUCESTERSHIRE ICB - 11M,Count_WaitingForTreatment0to18weeks,1235.0
NHS GLOUCESTERSHIRE ICB - 11M,Count_WaitingForTreatmentOver18weeks,5.0
NHS GLOUCESTERSHIRE ICB - 11M,Count_WaitingForTreatmentOver90days,10.0
NHS CORNWALL AND THE ISLES OF SCILLY ICB - 11N,Count_WaitingForAssessment,1345.0
NHS CORNWALL AND THE ISLES OF SCILLY ICB - 11N,Count_WaitingForAssessmentOver90days,20.0
NHS CORNWALL AND THE ISLES OF SCILLY ICB - 11N,Count_WaitingForTreatment,1335.0
NHS CORNWALL AND THE ISLES OF SCILLY ICB - 11N,Count_WaitingForTreatment0to2weeks,535.0
NHS CORNWALL AND THE ISLES OF SCILLY ICB - 11N,Count_WaitingForTreatment0to4weeks,910.0
NHS CORNWALL AND THE ISLES OF SCILLY ICB - 11N,Count_WaitingForTreatment0to6weeks,1135.0
NHS CORNWALL AND THE ISLES OF SCILLY ICB - 11N,Count_WaitingForTreatment0to12weeks,1320.0
NHS CORNWALL AND THE ISLES OF SCILLY ICB - 11N,Count_WaitingForTreatment0to18weeks,1325.0
NHS CORNWALL AND THE ISLES OF SCILLY ICB - 11N,Count_WaitingForTreatmentOver18weeks,5.0
NHS CORNWALL AND THE ISLES OF SCILLY ICB - 11N,Count_WaitingForTreatmentOver90days,10.0
NHS SOMERSET ICB - 11X,Count_WaitingForAssessment,1320.0
NHS SOMERSET ICB - 11X,Count_WaitingForAssessmentOver90days,75.0
NHS SOMERSET ICB - 11X,Count_WaitingForTreatment,1240.0
NHS SOMERSET ICB - 11X,Count_WaitingForTreatment0to2weeks,485.0
NHS SOMERSET ICB - 11X,Count_WaitingForTreatment0to4weeks,880.0
NHS SOMERSET ICB - 11X,Count_WaitingForTreatment0to6weeks,1070.0
NHS SOMERSET ICB - 11X,Count_WaitingForTreatment0to12weeks,1190.0
NHS SOMERSET ICB - 11X,Count_WaitingForTreatment0to18weeks,1200.0
NHS SOMERSET ICB - 11X,Count_WaitingForTreatmentOver18weeks,40.0
NHS SOMERSET ICB - 11X,Count_WaitingForTreatmentOver90days,50.0
NHS CHESHIRE AND MERSEYSIDE ICB - 12F,Count_WaitingForAssessment,1470.0
NHS CHESHIRE AND MERSEYSIDE ICB - 12F,Count_WaitingForAssessmentOver90days,435.0
NHS CHESHIRE AND MERSEYSIDE ICB - 12F,Count_WaitingForTreatment,1450.0
NHS CHESHIRE AND MERSEYSIDE ICB - 12F,Count_WaitingForTreatment0to2weeks,515.0
NHS CHESHIRE AND MERSEYSIDE ICB - 12F,Count_WaitingForTreatment0to4weeks,855.0
NHS CHESHIRE AND MERSEYSIDE ICB - 12F,Count_WaitingForTreatment0to6weeks,980.0
NHS CHESHIRE AND MERSEYSIDE ICB - 12F,Count_WaitingForTreatment0to12weeks,1100.0
NHS CHESHIRE AND MERSEYSIDE ICB - 12F,Count_WaitingForTreatment0to18weeks,1125.0
NHS CHESHIRE AND MERSEYSIDE ICB - 12F,Count_WaitingForTreatmentOver18weeks,320.0
NHS CHESHIRE AND MERSEYSIDE ICB - 12F,Count_WaitingForTreatmentOver90days,350.0
NATIONAL COMMISSIONING HUB 1,Count_WaitingForAssessment,15.0
NATIONAL COMMISSIONING HUB 1,Count_WaitingForAssessmentOver90days,5.0
NATIONAL COMMISSIONING HUB 1,Count_WaitingForAssessment,15.0
NATIONAL COMMISSIONING HUB 1,Count_WaitingForTreatment,15.0
NATIONAL COMMISSIONING HUB 1,Count_WaitingForTreatment0to2weeks,10.0
NATIONAL COMMISSIONING HUB 1,Count_WaitingForTreatment0to4weeks,15.0
NATIONAL COMMISSIONING HUB 1,Count_WaitingForTreatment0to6weeks,15.0
NATIONAL COMMISSIONING HUB 1,Count_WaitingForTreatment0to12weeks,15.0
NATIONAL COMMISSIONING HUB 1,Count_WaitingForTreatment0to18weeks,15.0
NHS NORTH EAST AND NORTH CUMBRIA ICB - 13T,Count_WaitingForAssessment,795.0
NHS NORTH EAST AND NORTH CUMBRIA ICB - 13T,Count_WaitingForAssessmentOver90days,10.0
NHS NORTH EAST AND NORTH CUMBRIA ICB - 13T,Count_WaitingForTreatment,795.0
NHS NORTH EAST AND NORTH CUMBRIA ICB - 13T,Count_WaitingForTreatment0to2weeks,415.0
NHS NORTH EAST AND NORTH CUMBRIA ICB - 13T,Count_WaitingForTreatment0to4weeks,675.0
NHS NORTH EAST AND NORTH CUMBRIA ICB - 13T,Count_WaitingForTreatment0to6weeks,720.0
NHS NORTH EAST AND NORTH CUMBRIA ICB - 13T,Count_WaitingForTreatment0to12weeks,785.0
NHS NORTH EAST AND NORTH CUMBRIA ICB - 13T,Count_WaitingForTreatment0to18weeks,790.0
NHS NORTH EAST AND NORTH CUMBRIA ICB - 13T,Count_WaitingForTreatmentOver90days,5.0
NHS NORTH EAST AND NORTH CUMBRIA ICB - 13T,Count_WaitingForAssessment,370.0
NHS NORTH EAST AND NORTH CUMBRIA ICB - 13T,Count_WaitingForAssessmentOver90days,5.0
NHS NORTH EAST AND NORTH CUMBRIA ICB - 13T,Count_WaitingForTreatment,370.0
NHS NORTH EAST AND NORTH CUMBRIA ICB - 13T,Count_WaitingForTreatment0to2weeks,190.0
NHS NORTH EAST AND NORTH CUMBRIA ICB - 13T,Count_WaitingForTreatment0to4weeks,290.0
NHS NORTH EAST AND NORTH CUMBRIA ICB - 13T,Count_WaitingForTreatment0to6weeks,345.0
NHS NORTH EAST AND NORTH CUMBRIA ICB - 13T,Count_WaitingForTreatment0to12weeks,365.0
NHS NORTH EAST AND NORTH CUMBRIA ICB - 13T,Count_WaitingForTreatment0to18weeks,370.0
NHS GREATER MANCHESTER ICB - 14L,Count_WaitingForAssessment,30.0
NHS GREATER MANCHESTER ICB - 14L,Count_WaitingForAssessmentOver90days,10.0
NHS GREATER MANCHESTER ICB - 14L,Count_WaitingForTreatment,30.0
NHS GREATER MANCHESTER ICB - 14L,Count_WaitingForTreatment0to2weeks,15.0
NHS GREATER MANCHESTER ICB - 14L,Count_WaitingForTreatment0to4weeks,20.0
NHS GREATER MANCHESTER ICB - 14L,Count_WaitingForTreatment0to6weeks,20.0
NHS GREATER MANCHESTER ICB - 14L,Count_WaitingForTreatment0to12weeks,25.0
NHS GREATER MANCHESTER ICB - 14L,Count_WaitingForTreatment0to18weeks,30.0
NHS GREATER MANCHESTER ICB - 14L,Count_WaitingForTreatmentOver90days,5.0
NHS GREATER MANCHESTER ICB - 14L,Count_WaitingForAssessment,360.0
NHS GREATER MANCHESTER ICB - 14L,Count_WaitingForAssessmentOver90days,250.0
NHS GREATER MANCHESTER ICB - 14L,Count_WaitingForTreatment,370.0
NHS GREATER MANCHESTER ICB - 14L,Count_WaitingForTreatment0to2weeks,15.0
NHS GREATER MANCHESTER ICB - 14L,Count_WaitingForTreatment0to4weeks,40.0
NHS GREATER MANCHESTER ICB - 14L,Count_WaitingForTreatment0to6weeks,55.0
NHS GREATER MANCHESTER ICB - 14L,Count_WaitingForTreatment0to12weeks,110.0
NHS GREATER MANCHESTER ICB - 14L,Count_WaitingForTreatment0to18weeks,150.0
NHS GREATER MANCHESTER ICB - 14L,Count_WaitingForTreatmentOver18weeks,220.0
NHS GREATER MANCHESTER ICB - 14L,Count_WaitingForTreatmentOver90days,260.0
NHS GREATER MANCHESTER ICB - 14L,Count_WaitingForAssessment,15.0
NHS GREATER MANCHESTER ICB - 14L,Count_WaitingForTreatment,10.0
NHS GREATER MANCHESTER ICB - 14L,Count_WaitingForTreatment0to2weeks,10.0
NHS GREATER MANCHESTER ICB - 14L,Count_WaitingForTreatment0to4weeks,10.0
NHS GREATER MANCHESTER ICB - 14L,Count_WaitingForTreatment0to6weeks,10.0
NHS GREATER MANCHESTER ICB - 14L,Count_WaitingForTreatment0to12weeks,10.0
NHS GREATER MANCHESTER ICB - 14L,Count_WaitingForTreatment0to18weeks,10.0
NHS GREATER MANCHESTER ICB - 14L,Count_WaitingForAssessment,3285.0
NHS GREATER MANCHESTER ICB - 14L,Count_WaitingForAssessmentOver90days,120.0
NHS GREATER MANCHESTER ICB - 14L,Count_WaitingForTreatment,3280.0
NHS GREATER MANCHESTER ICB - 14L,Count_WaitingForTreatment0to2weeks,1110.0
NHS GREATER MANCHESTER ICB - 14L,Count_WaitingForTreatment0to4weeks,2130.0
NHS GREATER MANCHESTER ICB - 14L,Count_WaitingForTreatment0to6weeks,2740.0
NHS GREATER MANCHESTER ICB - 14L,Count_WaitingForTreatment0to12weeks,3155.0
NHS GREATER MANCHESTER ICB - 14L,Count_WaitingForTreatment0to18weeks,3180.0
NHS GREATER MANCHESTER ICB - 14L,Count_WaitingForTreatmentOver18weeks,100.0
NHS GREATER MANCHESTER ICB - 14L,Count_WaitingForTreatmentOver90days,120.0
NHS GREATER MANCHESTER ICB - 14L,Count_WaitingForAssessment,10.0
NHS GREATER MANCHESTER ICB - 14L,Count_WaitingForTreatment,70.0
NHS GREATER MANCHESTER ICB - 14L,Count_WaitingForTreatment0to2weeks,5.0
NHS GREATER MANCHESTER ICB - 14L,Count_WaitingForTreatment0to4weeks,10.0
NHS GREATER MANCHESTER ICB - 14L,Count_WaitingForTreatment0to6weeks,10.0
NHS GREATER MANCHESTER ICB - 14L,Count_WaitingForTreatment0to12weeks,30.0
NHS GREATER MANCHESTER ICB - 14L,Count_WaitingForTreatment0to18weeks,45.0
NHS GREATER MANCHESTER ICB - 14L,Count_WaitingForTreatmentOver18weeks,25.0
NHS GREATER MANCHESTER ICB - 14L,Count_WaitingForTreatmentOver90days,35.0
NHS GREATER MANCHESTER ICB - 14L,Count_WaitingForAssessment,30.0
NHS GREATER MANCHESTER ICB - 14L,Count_WaitingForAssessmentOver90days,30.0
NHS GREATER MANCHESTER ICB - 14L,Count_WaitingForTreatment,10.0
NHS GREATER MANCHESTER ICB - 14L,Count_WaitingForTreatment0to18weeks,5.0
NHS GREATER MANCHESTER ICB - 14L,Count_WaitingForTreatmentOver18weeks,5.0
NHS GREATER MANCHESTER ICB - 14L,Count_WaitingForTreatmentOver90days,10.0
NHS GREATER MANCHESTER ICB - 14L,Count_WaitingForAssessment,30.0
NHS GREATER MANCHESTER ICB - 14L,Count_WaitingForTreatment,30.0
NHS GREATER MANCHESTER ICB - 14L,Count_WaitingForTreatment0to2weeks,15.0
NHS GREATER MANCHESTER ICB - 14L,Count_WaitingForTreatment0to4weeks,25.0
NHS GREATER MANCHESTER ICB - 14L,Count_WaitingForTreatment0to6weeks,30.0
NHS GREATER MANCHESTER ICB - 14L,Count_WaitingForTreatment0to12weeks,30.0
NHS GREATER MANCHESTER ICB - 14L,Count_WaitingForTreatment0to18weeks,30.0
NHS GREATER MANCHESTER ICB - 14L,Count_WaitingForAssessment,1135.0
NHS GREATER MANCHESTER ICB - 14L,Count_WaitingForAssessmentOver90days,25.0
NHS GREATER MANCHESTER ICB - 14L,Count_WaitingForTreatment,1115.0
NHS GREATER MANCHESTER ICB - 14L,Count_WaitingForTreatment0to2weeks,570.0
NHS GREATER MANCHESTER ICB - 14L,Count_WaitingForTreatment0to4weeks,960.0
NHS GREATER MANCHESTER ICB - 14L,Count_WaitingForTreatment0to6weeks,1055.0
NHS GREATER MANCHESTER ICB - 14L,Count_WaitingForTreatment0to12weeks,1100.0
NHS GREATER MANCHESTER ICB - 14L,Count_WaitingForTreatment0to18weeks,1105.0
NHS GREATER MANCHESTER ICB - 14L,Count_WaitingForTreatmentOver18weeks,10.0
NHS GREATER MANCHESTER ICB - 14L,Count_WaitingForTreatmentOver90days,15.0
EAST OF ENGLAND - H&J COMMISSIONING HUB,Count_WaitingForAssessment,45.0
EAST OF ENGLAND - H&J COMMISSIONING HUB,Count_WaitingForTreatment,45.0
EAST OF ENGLAND - H&J COMMISSIONING HUB,Count_WaitingForTreatment0to2weeks,30.0
EAST OF ENGLAND - H&J COMMISSIONING HUB,Count_WaitingForTreatment0to4weeks,40.0
EAST OF ENGLAND - H&J COMMISSIONING HUB,Count_WaitingForTreatment0to6weeks,45.0
EAST OF ENGLAND - H&J COMMISSIONING HUB,Count_WaitingForTreatment0to12weeks,45.0
EAST OF ENGLAND - H&J COMMISSIONING HUB,Count_WaitingForTreatment0to18weeks,45.0
"NHS BUCKINGHAMSHIRE, OXFORDSHIRE AND BERKSHIRE WEST ICB - 14Y",Count_WaitingForAssessment,225.0
"NHS BUCKINGHAMSHIRE, OXFORDSHIRE AND BERKSHIRE WEST ICB - 14Y",Count_WaitingForTreatment,210.0
"NHS BUCKINGHAMSHIRE, OXFORDSHIRE AND BERKSHIRE WEST ICB - 14Y",Count_WaitingForTreatment0to2weeks,185.0
"NHS BUCKINGHAMSHIRE, OXFORDSHIRE AND BERKSHIRE WEST ICB - 14Y",Count_WaitingForTreatment0to4weeks,205.0
"NHS BUCKINGHAMSHIRE, OXFORDSHIRE AND BERKSHIRE WEST ICB - 14Y",Count_WaitingForTreatment0to6weeks,205.0
"NHS BUCKINGHAMSHIRE, OXFORDSHIRE AND BERKSHIRE WEST ICB - 14Y",Count_WaitingForTreatment0to12weeks,210.0
"NHS BUCKINGHAMSHIRE, OXFORDSHIRE AND BERKSHIRE WEST ICB - 14Y",Count_WaitingForTreatment0to18weeks,210.0
"NHS BUCKINGHAMSHIRE, OXFORDSHIRE AND BERKSHIRE WEST ICB - 14Y",Count_WaitingForAssessment,10.0
"NHS BUCKINGHAMSHIRE, OXFORDSHIRE AND BERKSHIRE WEST ICB - 14Y",Count_WaitingForTreatment,10.0
"NHS BUCKINGHAMSHIRE, OXFORDSHIRE AND BERKSHIRE WEST ICB - 14Y",Count_WaitingForTreatment0to4weeks,5.0
"NHS BUCKINGHAMSHIRE, OXFORDSHIRE AND BERKSHIRE WEST ICB - 14Y",Count_WaitingForTreatment0to6weeks,5.0
"NHS BUCKINGHAMSHIRE, OXFORDSHIRE AND BERKSHIRE WEST ICB - 14Y",Count_WaitingForTreatment0to12weeks,5.0
"NHS BUCKINGHAMSHIRE, OXFORDSHIRE AND BERKSHIRE WEST ICB - 14Y",Count_WaitingForTreatment0to18weeks,5.0
"NHS BUCKINGHAMSHIRE, OXFORDSHIRE AND BERKSHIRE WEST ICB - 14Y",Count_WaitingForAssessment,15.0
"NHS BUCKINGHAMSHIRE, OXFORDSHIRE AND BERKSHIRE WEST ICB - 14Y",Count_WaitingForTreatment,15.0
"NHS BUCKINGHAMSHIRE, OXFORDSHIRE AND BERKSHIRE WEST ICB - 14Y",Count_WaitingForTreatment0to4weeks,10.0
"NHS BUCKINGHAMSHIRE, OXFORDSHIRE AND BERKSHIRE WEST ICB - 14Y",Count_WaitingForTreatment0to6weeks,15.0
"NHS BUCKINGHAMSHIRE, OXFORDSHIRE AND BERKSHIRE WEST ICB - 14Y",Count_WaitingForTreatment0to12weeks,15.0
"NHS BUCKINGHAMSHIRE, OXFORDSHIRE AND BERKSHIRE WEST ICB - 14Y",Count_WaitingForTreatment0to18weeks,15.0
"NHS BUCKINGHAMSHIRE, OXFORDSHIRE AND BERKSHIRE WEST ICB - 15A",Count_WaitingForAssessment,1770.0
"NHS BUCKINGHAMSHIRE, OXFORDSHIRE AND BERKSHIRE WEST ICB - 15A",Count_WaitingForAssessmentOver90days,30.0
"NHS BUCKINGHAMSHIRE, OXFORDSHIRE AND BERKSHIRE WEST ICB - 15A",Count_WaitingForTreatment,1765.0
"NHS BUCKINGHAMSHIRE, OXFORDSHIRE AND BERKSHIRE WEST ICB - 15A",Count_WaitingForTreatment0to2weeks,535.0
"NHS BUCKINGHAMSHIRE, OXFORDSHIRE AND BERKSHIRE WEST ICB - 15A",Count_WaitingForTreatment0to4weeks,1030.0
"NHS BUCKINGHAMSHIRE, OXFORDSHIRE AND BERKSHIRE WEST ICB - 15A",Count_WaitingForTreatment0to6weeks,1415.0
"NHS BUCKINGHAMSHIRE, OXFORDSHIRE AND BERKSHIRE WEST ICB - 15A",Count_WaitingForTreatment0to12weeks,1735.0
"NHS BUCKINGHAMSHIRE, OXFORDSHIRE AND BERKSHIRE WEST ICB - 15A",Count_WaitingForTreatment0to18weeks,1755.0
"NHS BUCKINGHAMSHIRE, OXFORDSHIRE AND BERKSHIRE WEST ICB - 15A",Count_WaitingForTreatmentOver18weeks,15.0
"NHS BUCKINGHAMSHIRE, OXFORDSHIRE AND BERKSHIRE WEST ICB - 15A",Count_WaitingForTreatmentOver90days,30.0
"NHS BRISTOL, NORTH SOMERSET AND SOUTH GLOUCESTERSHIRE ICB - 15C",Count_WaitingForAssessment,10.0
"NHS BRISTOL, NORTH SOMERSET AND SOUTH GLOUCESTERSHIRE ICB - 15C",Count_WaitingForAssessmentOver90days,5.0
"NHS BRISTOL, NORTH SOMERSET AND SOUTH GLOUCESTERSHIRE ICB - 15C",Count_WaitingForTreatment,10.0
"NHS BRISTOL, NORTH SOMERSET AND SOUTH GLOUCESTERSHIRE ICB - 15C",Count_WaitingForTreatmentOver18weeks,5.0
"NHS BRISTOL, NORTH SOMERSET AND SOUTH GLOUCESTERSHIRE ICB - 15C",Count_WaitingForTreatmentOver90days,5.0
"NHS BRISTOL, NORTH SOMERSET AND SOUTH GLOUCESTERSHIRE ICB - 15C",Count_WaitingForAssessment,2760.0
"NHS BRISTOL, NORTH SOMERSET AND SOUTH GLOUCESTERSHIRE ICB - 15C",Count_WaitingForAssessmentOver90days,5.0
"NHS BRISTOL, NORTH SOMERSET AND SOUTH GLOUCESTERSHIRE ICB - 15C",Count_WaitingForTreatment,2755.0
"NHS BRISTOL, NORTH SOMERSET AND SOUTH GLOUCESTERSHIRE ICB - 15C",Count_WaitingForTreatment0to2weeks,1125.0
"NHS BRISTOL, NORTH SOMERSET AND SOUTH GLOUCESTERSHIRE ICB - 15C",Count_WaitingForTreatment0to4weeks,2210.0
"NHS BRISTOL, NORTH SOMERSET AND SOUTH GLOUCESTERSHIRE ICB - 15C",Count_WaitingForTreatment0to6weeks,2695.0
"NHS BRISTOL, NORTH SOMERSET AND SOUTH GLOUCESTERSHIRE ICB - 15C",Count_WaitingForTreatment0to12weeks,2755.0
"NHS BRISTOL, NORTH SOMERSET AND SOUTH GLOUCESTERSHIRE ICB - 15C",Count_WaitingForTreatment0to18weeks,2755.0
NHS BIRMINGHAM AND SOLIHULL ICB - 15E,Count_WaitingForAssessment,2650.0
NHS BIRMINGHAM AND SOLIHULL ICB - 15E,Count_WaitingForAssessmentOver90days,170.0
NHS BIRMINGHAM AND SOLIHULL ICB - 15E,Count_WaitingForTreatment,2620.0
NHS BIRMINGHAM AND SOLIHULL ICB - 15E,Count_WaitingForTreatment0to2weeks,720.0
NHS BIRMINGHAM AND SOLIHULL ICB - 15E,Count_WaitingForTreatment0to4weeks,1240.0
NHS BIRMINGHAM AND SOLIHULL ICB - 15E,Count_WaitingForTreatment0to6weeks,1625.0
NHS BIRMINGHAM AND SOLIHULL ICB - 15E,Count_WaitingForTreatment0to12weeks,2405.0
NHS BIRMINGHAM AND SOLIHULL ICB - 15E,Count_WaitingForTreatment0to18weeks,2540.0
NHS BIRMINGHAM AND SOLIHULL ICB - 15E,Count_WaitingForTreatmentOver18weeks,80.0
NHS BIRMINGHAM AND SOLIHULL ICB - 15E,Count_WaitingForTreatmentOver90days,175.0
NHS BIRMINGHAM AND SOLIHULL ICB - 15E,Count_WaitingForAssessment,615.0
NHS BIRMINGHAM AND SOLIHULL ICB - 15E,Count_WaitingForAssessmentOver90days,30.0
NHS BIRMINGHAM AND SOLIHULL ICB - 15E,Count_WaitingForTreatment,575.0
NHS BIRMINGHAM AND SOLIHULL ICB - 15E,Count_WaitingForTreatment0to2weeks,275.0
NHS BIRMINGHAM AND SOLIHULL ICB - 15E,Count_WaitingForTreatment0to4weeks,455.0
NHS BIRMINGHAM AND SOLIHULL ICB - 15E,Count_WaitingForTreatment0to6weeks,510.0
NHS BIRMINGHAM AND SOLIHULL ICB - 15E,Count_WaitingForTreatment0to12weeks,545.0
NHS BIRMINGHAM AND SOLIHULL ICB - 15E,Count_WaitingForTreatment0to18weeks,560.0
NHS BIRMINGHAM AND SOLIHULL ICB - 15E,Count_WaitingForTreatmentOver18weeks,15.0
NHS BIRMINGHAM AND SOLIHULL ICB - 15E,Count_WaitingForTreatmentOver90days,25.0
NHS BIRMINGHAM AND SOLIHULL ICB - 15E,Count_WaitingForAssessment,5.0
NHS BIRMINGHAM AND SOLIHULL ICB - 15E,Count_WaitingForAssessmentOver90days,5.0
NHS BIRMINGHAM AND SOLIHULL ICB - 15E,Count_WaitingForTreatment,5.0
NHS BIRMINGHAM AND SOLIHULL ICB - 15E,Count_WaitingForTreatmentOver90days,5.0
NHS BIRMINGHAM AND SOLIHULL ICB - 15E,Count_WaitingForAssessment,1120.0
NHS BIRMINGHAM AND SOLIHULL ICB - 15E,Count_WaitingForAssessmentOver90days,40.0
NHS BIRMINGHAM AND SOLIHULL ICB - 15E,Count_WaitingForTreatment,1075.0
NHS BIRMINGHAM AND SOLIHULL ICB - 15E,Count_WaitingForTreatment0to2weeks,635.0
NHS BIRMINGHAM AND SOLIHULL ICB - 15E,Count_WaitingForTreatment0to4weeks,925.0
NHS BIRMINGHAM AND SOLIHULL ICB - 15E,Count_WaitingForTreatment0to6weeks,990.0
NHS BIRMINGHAM AND SOLIHULL ICB - 15E,Count_WaitingForTreatment0to12weeks,1055.0
NHS BIRMINGHAM AND SOLIHULL ICB - 15E,Count_WaitingForTreatment0to18weeks,1065.0
NHS BIRMINGHAM AND SOLIHULL ICB - 15E,Count_WaitingForTreatmentOver18weeks,10.0
NHS BIRMINGHAM AND SOLIHULL ICB - 15E,Count_WaitingForTreatmentOver90days,20.0
NHS BIRMINGHAM AND SOLIHULL ICB - 15E,Count_WaitingForAssessment,135.0
NHS BIRMINGHAM AND SOLIHULL ICB - 15E,Count_WaitingForAssessmentOver90days,5.0
NHS BIRMINGHAM AND SOLIHULL ICB - 15E,Count_WaitingForTreatment,130.0
NHS BIRMINGHAM AND SOLIHULL ICB - 15E,Count_WaitingForTreatment0to2weeks,85.0
NHS BIRMINGHAM AND SOLIHULL ICB - 15E,Count_WaitingForTreatment0to4weeks,115.0
NHS BIRMINGHAM AND SOLIHULL ICB - 15E,Count_WaitingForTreatment0to6weeks,125.0
NHS BIRMINGHAM AND SOLIHULL ICB - 15E,Count_WaitingForTreatment0to12weeks,130.0
NHS BIRMINGHAM AND SOLIHULL ICB - 15E,Count_WaitingForTreatment0to18weeks,130.0
NHS BIRMINGHAM AND SOLIHULL ICB - 15E,Count_WaitingForAssessment,40.0
NHS BIRMINGHAM AND SOLIHULL ICB - 15E,Count_WaitingForTreatment,60.0
NHS BIRMINGHAM AND SOLIHULL ICB - 15E,Count_WaitingForTreatment0to2weeks,15.0
NHS BIRMINGHAM AND SOLIHULL ICB - 15E,Count_WaitingForTreatment0to4weeks,25.0
NHS BIRMINGHAM AND SOLIHULL ICB - 15E,Count_WaitingForTreatment0to6weeks,30.0
NHS BIRMINGHAM AND SOLIHULL ICB - 15E,Count_WaitingForTreatment0to12weeks,40.0
NHS BIRMINGHAM AND SOLIHULL ICB - 15E,Count_WaitingForTreatment0to18weeks,45.0
NHS BIRMINGHAM AND SOLIHULL ICB - 15E,Count_WaitingForTreatmentOver18weeks,15.0
NHS BIRMINGHAM AND SOLIHULL ICB - 15E,Count_WaitingForTreatmentOver90days,15.0
NHS WEST YORKSHIRE ICB - 15F,Count_WaitingForAssessment,5.0
NHS WEST YORKSHIRE ICB - 15F,Count_WaitingForTreatment,5.0
NHS WEST YORKSHIRE ICB - 15F,Count_WaitingForAssessment,2895.0
NHS WEST YORKSHIRE ICB - 15F,Count_WaitingForAssessmentOver90days,415.0
NHS WEST YORKSHIRE ICB - 15F,Count_WaitingForTreatment,2835.0
NHS WEST YORKSHIRE ICB - 15F,Count_WaitingForTreatment0to2weeks,845.0
NHS WEST YORKSHIRE ICB - 15F,Count_WaitingForTreatment0to4weeks,1365.0
NHS WEST YORKSHIRE ICB - 15F,Count_WaitingForTreatment0to6weeks,1830.0
NHS WEST YORKSHIRE ICB - 15F,Count_WaitingForTreatment0to12weeks,2465.0
NHS WEST YORKSHIRE ICB - 15F,Count_WaitingForTreatment0to18weeks,2585.0
NHS WEST YORKSHIRE ICB - 15F,Count_WaitingForTreatmentOver18weeks,250.0
NHS WEST YORKSHIRE ICB - 15F,Count_WaitingForTreatmentOver90days,360.0
NHS DERBY AND DERBYSHIRE ICB - 15M,Count_WaitingForAssessment,5.0
NHS DERBY AND DERBYSHIRE ICB - 15M,Count_WaitingForTreatment,5.0
NHS DERBY AND DERBYSHIRE ICB - 15M,Count_WaitingForTreatment0to6weeks,5.0
NHS DERBY AND DERBYSHIRE ICB - 15M,Count_WaitingForTreatment0to12weeks,5.0
NHS DERBY AND DERBYSHIRE ICB - 15M,Count_WaitingForTreatment0to18weeks,5.0
NHS DERBY AND DERBYSHIRE ICB - 15M,Count_WaitingForAssessment,2650.0
NHS DERBY AND DERBYSHIRE ICB - 15M,Count_WaitingForAssessmentOver90days,25.0
NHS DERBY AND DERBYSHIRE ICB - 15M,Count_WaitingForTreatment,2630.0
NHS DERBY AND DERBYSHIRE ICB - 15M,Count_WaitingForTreatment0to2weeks,1280.0
NHS DERBY AND DERBYSHIRE ICB - 15M,Count_WaitingForTreatment0to4weeks,2165.0
NHS DERBY AND DERBYSHIRE ICB - 15M,Count_WaitingForTreatment0to6weeks,2505.0
NHS DERBY AND DERBYSHIRE ICB - 15M,Count_WaitingForTreatment0to12weeks,2620.0
NHS DERBY AND DERBYSHIRE ICB - 15M,Count_WaitingForTreatment0to18weeks,2625.0
NHS DERBY AND DERBYSHIRE ICB - 15M,Count_WaitingForTreatmentOver90days,10.0
NHS DERBY AND DERBYSHIRE ICB - 15M,Count_WaitingForAssessment,75.0
NHS DERBY AND DERBYSHIRE ICB - 15M,Count_WaitingForTreatment,75.0
NHS DERBY AND DERBYSHIRE ICB - 15M,Count_WaitingForTreatment0to2weeks,50.0
NHS DERBY AND DERBYSHIRE ICB - 15M,Count_WaitingForTreatment0to4weeks,70.0
NHS DERBY AND DERBYSHIRE ICB - 15M,Count_WaitingForTreatment0to6weeks,70.0
NHS DERBY AND DERBYSHIRE ICB - 15M,Count_WaitingForTreatment0to12weeks,75.0
NHS DERBY AND DERBYSHIRE ICB - 15M,Count_WaitingForTreatment0to18weeks,75.0
NHS DERBY AND DERBYSHIRE ICB - 15M,Count_WaitingForAssessment,5.0
NHS DERBY AND DERBYSHIRE ICB - 15M,Count_WaitingForTreatment,5.0
NHS DERBY AND DERBYSHIRE ICB - 15M,Count_WaitingForTreatment0to12weeks,5.0
NHS DERBY AND DERBYSHIRE ICB - 15M,Count_WaitingForTreatment0to18weeks,5.0
NHS DEVON ICB - 15N,Count_WaitingForAssessment,5.0
NHS DEVON ICB - 15N,Count_WaitingForAssessmentOver90days,5.0
NHS DEVON ICB - 15N,Count_WaitingForTreatment,5.0
NHS DEVON ICB - 15N,Count_WaitingForTreatmentOver18weeks,5.0
NHS DEVON ICB - 15N,Count_WaitingForTreatmentOver90days,5.0
NHS DEVON ICB - 15N,Count_WaitingForAssessment,1065.0
NHS DEVON ICB - 15N,Count_WaitingForAssessmentOver90days,50.0
NHS DEVON ICB - 15N,Count_WaitingForTreatment,1035.0
NHS DEVON ICB - 15N,Count_WaitingForTreatment0to2weeks,335.0
NHS DEVON ICB - 15N,Count_WaitingForTreatment0to4weeks,615.0
NHS DEVON ICB - 15N,Count_WaitingForTreatment0to6weeks,845.0
NHS DEVON ICB - 15N,Count_WaitingForTreatment0to12weeks,1005.0
NHS DEVON ICB - 15N,Count_WaitingForTreatment0to18weeks,1025.0
NHS DEVON ICB - 15N,Count_WaitingForTreatmentOver18weeks,10.0
NHS DEVON ICB - 15N,Count_WaitingForTreatmentOver90days,25.0
NHS DEVON ICB - 15N,Count_WaitingForAssessment,5.0
NHS DEVON ICB - 15N,Count_WaitingForTreatment,5.0
NHS DEVON ICB - 15N,Count_WaitingForTreatment0to4weeks,5.0
NHS DEVON ICB - 15N,Count_WaitingForTreatment0to6weeks,5.0
NHS DEVON ICB - 15N,Count_WaitingForTreatment0to12weeks,5.0
NHS DEVON ICB - 15N,Count_WaitingForTreatment0to18weeks,5.0
NHS DEVON ICB - 15N,Count_WaitingForAssessment,2955.0
NHS DEVON ICB - 15N,Count_WaitingForAssessmentOver90days,125.0
NHS DEVON ICB - 15N,Count_WaitingForTreatment,2850.0
NHS DEVON ICB - 15N,Count_WaitingForTreatment0to2weeks,1090.0
NHS DEVON ICB - 15N,Count_WaitingForTreatment0to4weeks,2015.0
NHS DEVON ICB - 15N,Count_WaitingForTreatment0to6weeks,2425.0
NHS DEVON ICB - 15N,Count_WaitingForTreatment0to12weeks,2790.0
NHS DEVON ICB - 15N,Count_WaitingForTreatment0to18weeks,2825.0
NHS DEVON ICB - 15N,Count_WaitingForTreatmentOver18weeks,25.0
NHS DEVON ICB - 15N,Count_WaitingForTreatmentOver90days,60.0
NHS NORTH EAST AND NORTH CUMBRIA ICB - 16C,Count_WaitingForAssessment,1110.0
NHS NORTH EAST AND NORTH CUMBRIA ICB - 16C,Count_WaitingForAssessmentOver90days,15.0
NHS NORTH EAST AND NORTH CUMBRIA ICB - 16C,Count_WaitingForTreatment,1110.0
NHS NORTH EAST AND NORTH CUMBRIA ICB - 16C,Count_WaitingForTreatment0to2weeks,575.0
NHS NORTH EAST AND NORTH CUMBRIA ICB - 16C,Count_WaitingForTreatment0to4weeks,890.0
NHS NORTH EAST AND NORTH CUMBRIA ICB - 16C,Count_WaitingForTreatment0to6weeks,1050.0
NHS NORTH EAST AND NORTH CUMBRIA ICB - 16C,Count_WaitingForTreatment0to12weeks,1100.0
NHS NORTH EAST AND NORTH CUMBRIA ICB - 16C,Count_WaitingForTreatment0to18weeks,1100.0
NHS NORTH EAST AND NORTH CUMBRIA ICB - 16C,Count_WaitingForTreatmentOver18weeks,10.0
NHS NORTH EAST AND NORTH CUMBRIA ICB - 16C,Count_WaitingForTreatmentOver90days,10.0
NHS NORTH EAST AND NORTH CUMBRIA ICB - 16C,Count_WaitingForAssessment,185.0
NHS NORTH EAST AND NORTH CUMBRIA ICB - 16C,Count_WaitingForAssessmentOver90days,5.0
NHS NORTH EAST AND NORTH CUMBRIA ICB - 16C,Count_WaitingForTreatment,180.0
NHS NORTH EAST AND NORTH CUMBRIA ICB - 16C,Count_WaitingForTreatment0to2weeks,125.0
NHS NORTH EAST AND NORTH CUMBRIA ICB - 16C,Count_WaitingForTreatment0to4weeks,175.0
NHS NORTH EAST AND NORTH CUMBRIA ICB - 16C,Count_WaitingForTreatment0to6weeks,175.0
NHS NORTH EAST AND NORTH CUMBRIA ICB - 16C,Count_WaitingForTreatment0to12weeks,175.0
NHS NORTH EAST AND NORTH CUMBRIA ICB - 16C,Count_WaitingForTreatment0to18weeks,175.0
NHS HEREFORDSHIRE AND WORCESTERSHIRE ICB - 18C,Count_WaitingForAssessment,1690.0
NHS HEREFORDSHIRE AND WORCESTERSHIRE ICB - 18C,Count_WaitingForAssessmentOver90days,85.0
NHS HEREFORDSHIRE AND WORCESTERSHIRE ICB - 18C,Count_WaitingForTreatment,1690.0
NHS HEREFORDSHIRE AND WORCESTERSHIRE ICB - 18C,Count_WaitingForTreatment0to2weeks,790.0
NHS HEREFORDSHIRE AND WORCESTERSHIRE ICB - 18C,Count_WaitingForTreatment0to4weeks,1235.0
NHS HEREFORDSHIRE AND WORCESTERSHIRE ICB - 18C,Count_WaitingForTreatment0to6weeks,1420.0
NHS HEREFORDSHIRE AND WORCESTERSHIRE ICB - 18C,Count_WaitingForTreatment0to12weeks,1605.0
NHS HEREFORDSHIRE AND WORCESTERSHIRE ICB - 18C,Count_WaitingForTreatment0to18weeks,1665.0
NHS HEREFORDSHIRE AND WORCESTERSHIRE ICB - 18C,Count_WaitingForTreatmentOver18weeks,25.0
NHS HEREFORDSHIRE AND WORCESTERSHIRE ICB - 18C,Count_WaitingForTreatmentOver90days,75.0
NHS NORFOLK AND WAVENEY ICB - 26A,Count_WaitingForAssessment,2870.0
NHS NORFOLK AND WAVENEY ICB - 26A,Count_WaitingForAssessmentOver90days,25.0
NHS NORFOLK AND WAVENEY ICB - 26A,Count_WaitingForTreatment,2940.0
NHS NORFOLK AND WAVENEY ICB - 26A,Count_WaitingForTreatment0to2weeks,1345.0
NHS NORFOLK AND WAVENEY ICB - 26A,Count_WaitingForTreatment0to4weeks,2280.0
NHS NORFOLK AND WAVENEY ICB - 26A,Count_WaitingForTreatment0to6weeks,2760.0
NHS NORFOLK AND WAVENEY ICB - 26A,Count_WaitingForTreatment0to12weeks,2930.0
NHS NORFOLK AND WAVENEY ICB - 26A,Count_WaitingForTreatment0to18weeks,2935.0
NHS NORFOLK AND WAVENEY ICB - 26A,Count_WaitingForTreatmentOver18weeks,5.0
NHS NORFOLK AND WAVENEY ICB - 26A,Count_WaitingForTreatmentOver90days,10.0
NHS CHESHIRE AND MERSEYSIDE ICB - 27D,Count_WaitingForAssessment,10.0
NHS CHESHIRE AND MERSEYSIDE ICB - 27D,Count_WaitingForAssessmentOver90days,5.0
NHS CHESHIRE AND MERSEYSIDE ICB - 27D,Count_WaitingForTreatment,10.0
NHS CHESHIRE AND MERSEYSIDE ICB - 27D,Count_WaitingForTreatmentOver18weeks,5.0
NHS CHESHIRE AND MERSEYSIDE ICB - 27D,Count_WaitingForTreatmentOver90days,5.0
NHS CHESHIRE AND MERSEYSIDE ICB - 27D,Count_WaitingForAssessment,460.0
NHS CHESHIRE AND MERSEYSIDE ICB - 27D,Count_WaitingForAssessmentOver90days,10.0
NHS CHESHIRE AND MERSEYSIDE ICB - 27D,Count_WaitingForTreatment,450.0
NHS CHESHIRE AND MERSEYSIDE ICB - 27D,Count_WaitingForTreatment0to2weeks,195.0
NHS CHESHIRE AND MERSEYSIDE ICB - 27D,Count_WaitingForTreatment0to4weeks,320.0
NHS CHESHIRE AND MERSEYSIDE ICB - 27D,Count_WaitingForTreatment0to6weeks,420.0
NHS CHESHIRE AND MERSEYSIDE ICB - 27D,Count_WaitingForTreatment0to12weeks,445.0
NHS CHESHIRE AND MERSEYSIDE ICB - 27D,Count_WaitingForTreatment0to18weeks,445.0
NHS CHESHIRE AND MERSEYSIDE ICB - 27D,Count_WaitingForTreatmentOver90days,5.0
NHS CHESHIRE AND MERSEYSIDE ICB - 27D,Count_WaitingForAssessment,205.0
NHS CHESHIRE AND MERSEYSIDE ICB - 27D,Count_WaitingForAssessmentOver90days,20.0
NHS CHESHIRE AND MERSEYSIDE ICB - 27D,Count_WaitingForTreatment,200.0
NHS CHESHIRE AND MERSEYSIDE ICB - 27D,Count_WaitingForTreatment0to2weeks,170.0
NHS CHESHIRE AND MERSEYSIDE ICB - 27D,Count_WaitingForTreatment0to4weeks,180.0
NHS CHESHIRE AND MERSEYSIDE ICB - 27D,Count_WaitingForTreatment0to6weeks,185.0
NHS CHESHIRE AND MERSEYSIDE ICB - 27D,Count_WaitingForTreatment0to12weeks,185.0
NHS CHESHIRE AND MERSEYSIDE ICB - 27D,Count_WaitingForTreatment0to18weeks,185.0
NHS CHESHIRE AND MERSEYSIDE ICB - 27D,Count_WaitingForTreatmentOver18weeks,15.0
NHS CHESHIRE AND MERSEYSIDE ICB - 27D,Count_WaitingForTreatmentOver90days,15.0
NHS CHESHIRE AND MERSEYSIDE ICB - 27D,Count_WaitingForAssessment,690.0
NHS CHESHIRE AND MERSEYSIDE ICB - 27D,Count_WaitingForAssessmentOver90days,15.0
NHS CHESHIRE AND MERSEYSIDE ICB - 27D,Count_WaitingForTreatment,675.0
NHS CHESHIRE AND MERSEYSIDE ICB - 27D,Count_WaitingForTreatment0to2weeks,400.0
NHS CHESHIRE AND MERSEYSIDE ICB - 27D,Count_WaitingForTreatment0to4weeks,620.0
NHS CHESHIRE AND MERSEYSIDE ICB - 27D,Count_WaitingForTreatment0to6weeks,650.0
NHS CHESHIRE AND MERSEYSIDE ICB - 27D,Count_WaitingForTreatment0to12weeks,660.0
NHS CHESHIRE AND MERSEYSIDE ICB - 27D,Count_WaitingForTreatment0to18weeks,660.0
NHS CHESHIRE AND MERSEYSIDE ICB - 27D,Count_WaitingForTreatmentOver18weeks,15.0
NHS CHESHIRE AND MERSEYSIDE ICB - 27D,Count_WaitingForTreatmentOver90days,15.0
NHS WEST YORKSHIRE ICB - 36J,Count_WaitingForAssessment,1395.0
NHS WEST YORKSHIRE ICB - 36J,Count_WaitingForAssessmentOver90days,20.0
NHS WEST YORKSHIRE ICB - 36J,Count_WaitingForTreatment,1350.0
NHS WEST YORKSHIRE ICB - 36J,Count_WaitingForTreatment0to2weeks,705.0
NHS WEST YORKSHIRE ICB - 36J,Count_WaitingForTreatment0to4weeks,1180.0
NHS WEST YORKSHIRE ICB - 36J,Count_WaitingForTreatment0to6weeks,1305.0
NHS WEST YORKSHIRE ICB - 36J,Count_WaitingForTreatment0to12weeks,1340.0
NHS WEST YORKSHIRE ICB - 36J,Count_WaitingForTreatment0to18weeks,1345.0
NHS WEST YORKSHIRE ICB - 36J,Count_WaitingForTreatmentOver90days,5.0
NHS SOUTH WEST LONDON ICB - 36L,Count_WaitingForAssessment,390.0
NHS SOUTH WEST LONDON ICB - 36L,Count_WaitingForAssessmentOver90days,15.0
NHS SOUTH WEST LONDON ICB - 36L,Count_WaitingForTreatment,390.0
NHS SOUTH WEST LONDON ICB - 36L,Count_WaitingForTreatment0to2weeks,170.0
NHS SOUTH WEST LONDON ICB - 36L,Count_WaitingForTreatment0to4weeks,270.0
NHS SOUTH WEST LONDON ICB - 36L,Count_WaitingForTreatment0to6weeks,335.0
NHS SOUTH WEST LONDON ICB - 36L,Count_WaitingForTreatment0to12weeks,375.0
NHS SOUTH WEST LONDON ICB - 36L,Count_WaitingForTreatment0to18weeks,380.0
NHS SOUTH WEST LONDON ICB - 36L,Count_WaitingForTreatmentOver18weeks,10.0
NHS SOUTH WEST LONDON ICB - 36L,Count_WaitingForTreatmentOver90days,10.0
NHS SOUTH WEST LONDON ICB - 36L,Count_WaitingForAssessment,5.0
NHS SOUTH WEST LONDON ICB - 36L,Count_WaitingForTreatment,5.0
NHS SOUTH WEST LONDON ICB - 36L,Count_WaitingForTreatment0to12weeks,5.0
NHS SOUTH WEST LONDON ICB - 36L,Count_WaitingForTreatment0to18weeks,5.0
NHS SOUTH WEST LONDON ICB - 36L,Count_WaitingForAssessment,15.0
NHS SOUTH WEST LONDON ICB - 36L,Count_WaitingForTreatment,15.0
NHS SOUTH WEST LONDON ICB - 36L,Count_WaitingForTreatment0to2weeks,5.0
NHS SOUTH WEST LONDON ICB - 36L,Count_WaitingForTreatment0to4weeks,15.0
NHS SOUTH WEST LONDON ICB - 36L,Count_WaitingForTreatment0to6weeks,15.0
NHS SOUTH WEST LONDON ICB - 36L,Count_WaitingForTreatment0to12weeks,15.0
NHS SOUTH WEST LONDON ICB - 36L,Count_WaitingForTreatment0to18weeks,15.0
NHS SOUTH WEST LONDON ICB - 36L,Count_WaitingForAssessment,970.0
NHS SOUTH WEST LONDON ICB - 36L,Count_WaitingForAssessmentOver90days,5.0
NHS SOUTH WEST LONDON ICB - 36L,Count_WaitingForTreatment,980.0
NHS SOUTH WEST LONDON ICB - 36L,Count_WaitingForTreatment0to2weeks,370.0
NHS SOUTH WEST LONDON ICB - 36L,Count_WaitingForTreatment0to4weeks,605.0
NHS SOUTH WEST LONDON ICB - 36L,Count_WaitingForTreatment0to6weeks,835.0
NHS SOUTH WEST LONDON ICB - 36L,Count_WaitingForTreatment0to12weeks,970.0
NHS SOUTH WEST LONDON ICB - 36L,Count_WaitingForTreatment0to18weeks,975.0
NHS SOUTH WEST LONDON ICB - 36L,Count_WaitingForTreatmentOver90days,10.0
NHS SOUTH WEST LONDON ICB - 36L,Count_WaitingForAssessment,95.0
NHS SOUTH WEST LONDON ICB - 36L,Count_WaitingForAssessmentOver90days,10.0
NHS SOUTH WEST LONDON ICB - 36L,Count_WaitingForTreatment,80.0
NHS SOUTH WEST LONDON ICB - 36L,Count_WaitingForTreatment0to2weeks,70.0
NHS SOUTH WEST LONDON ICB - 36L,Count_WaitingForTreatment0to4weeks,80.0
NHS SOUTH WEST LONDON ICB - 36L,Count_WaitingForTreatment0to6weeks,80.0
NHS SOUTH WEST LONDON ICB - 36L,Count_WaitingForTreatment0to12weeks,80.0
NHS SOUTH WEST LONDON ICB - 36L,Count_WaitingForTreatment0to18weeks,80.0
NHS SOUTH WEST LONDON ICB - 36L,Count_WaitingForAssessment,350.0
NHS SOUTH WEST LONDON ICB - 36L,Count_WaitingForAssessmentOver90days,25.0
NHS SOUTH WEST LONDON ICB - 36L,Count_WaitingForTreatment,355.0
NHS SOUTH WEST LONDON ICB - 36L,Count_WaitingForTreatment0to2weeks,170.0
NHS SOUTH WEST LONDON ICB - 36L,Count_WaitingForTreatment0to4weeks,265.0
NHS SOUTH WEST LONDON ICB - 36L,Count_WaitingForTreatment0to6weeks,290.0
NHS SOUTH WEST LONDON ICB - 36L,Count_WaitingForTreatment0to12weeks,330.0
NHS SOUTH WEST LONDON ICB - 36L,Count_WaitingForTreatment0to18weeks,335.0
NHS SOUTH WEST LONDON ICB - 36L,Count_WaitingForTreatmentOver18weeks,20.0
NHS SOUTH WEST LONDON ICB - 36L,Count_WaitingForTreatmentOver90days,25.0
NHS SOUTH WEST LONDON ICB - 36L,Count_WaitingForAssessment,315.0
NHS SOUTH WEST LONDON ICB - 36L,Count_WaitingForAssessmentOver90days,5.0
NHS SOUTH WEST LONDON ICB - 36L,Count_WaitingForTreatment,310.0
NHS SOUTH WEST LONDON ICB - 36L,Count_WaitingForTreatment0to2weeks,170.0
NHS SOUTH WEST LONDON ICB - 36L,Count_WaitingForTreatment0to4weeks,275.0
NHS SOUTH WEST LONDON ICB - 36L,Count_WaitingForTreatment0to6weeks,300.0
NHS SOUTH WEST LONDON ICB - 36L,Count_WaitingForTreatment0to12weeks,310.0
NHS SOUTH WEST LONDON ICB - 36L,Count_WaitingForTreatment0to18weeks,310.0
NHS SOUTH WEST LONDON ICB - 36L,Count_WaitingForAssessment,5.0
NHS SOUTH WEST LONDON ICB - 36L,Count_WaitingForTreatment,5.0
NHS SOUTH WEST LONDON ICB - 36L,Count_WaitingForAssessment,985.0
NHS SOUTH WEST LONDON ICB - 36L,Count_WaitingForTreatment,990.0
NHS SOUTH WEST LONDON ICB - 36L,Count_WaitingForTreatment0to2weeks,470.0
NHS SOUTH WEST LONDON ICB - 36L,Count_WaitingForTreatment0to4weeks,795.0
NHS SOUTH WEST LONDON ICB - 36L,Count_WaitingForTreatment0to6weeks,930.0
NHS SOUTH WEST LONDON ICB - 36L,Count_WaitingForTreatment0to12weeks,990.0
NHS SOUTH WEST LONDON ICB - 36L,Count_WaitingForTreatment0to18weeks,990.0
NHS SOUTH WEST LONDON ICB - 36L,Count_WaitingForAssessment,15.0
NHS SOUTH WEST LONDON ICB - 36L,Count_WaitingForTreatment,10.0
NHS SOUTH WEST LONDON ICB - 36L,Count_WaitingForTreatment0to4weeks,5.0
NHS SOUTH WEST LONDON ICB - 36L,Count_WaitingForTreatment0to6weeks,10.0
NHS SOUTH WEST LONDON ICB - 36L,Count_WaitingForTreatment0to12weeks,10.0
NHS SOUTH WEST LONDON ICB - 36L,Count_WaitingForTreatment0to18weeks,10.0
NHS HUMBER AND NORTH YORKSHIRE ICB - 42D,Count_WaitingForAssessment,185.0
NHS HUMBER AND NORTH YORKSHIRE ICB - 42D,Count_WaitingForAssessmentOver90days,5.0
NHS HUMBER AND NORTH YORKSHIRE ICB - 42D,Count_WaitingForTreatment,175.0
NHS HUMBER AND NORTH YORKSHIRE ICB - 42D,Count_WaitingForTreatment0to2weeks,90.0
NHS HUMBER AND NORTH YORKSHIRE ICB - 42D,Count_WaitingForTreatment0to4weeks,165.0
NHS HUMBER AND NORTH YORKSHIRE ICB - 42D,Count_WaitingForTreatment0to6weeks,175.0
NHS HUMBER AND NORTH YORKSHIRE ICB - 42D,Count_WaitingForTreatment0to12weeks,175.0
NHS HUMBER AND NORTH YORKSHIRE ICB - 42D,Count_WaitingForTreatment0to18weeks,175.0
NHS HUMBER AND NORTH YORKSHIRE ICB - 42D,Count_WaitingForAssessment,1125.0
NHS HUMBER AND NORTH YORKSHIRE ICB - 42D,Count_WaitingForAssessmentOver90days,15.0
NHS HUMBER AND NORTH YORKSHIRE ICB - 42D,Count_WaitingForTreatment,1110.0
NHS HUMBER AND NORTH YORKSHIRE ICB - 42D,Count_WaitingForTreatment0to2weeks,355.0
NHS HUMBER AND NORTH YORKSHIRE ICB - 42D,Count_WaitingForTreatment0to4weeks,670.0
NHS HUMBER AND NORTH YORKSHIRE ICB - 42D,Count_WaitingForTreatment0to6weeks,930.0
NHS HUMBER AND NORTH YORKSHIRE ICB - 42D,Count_WaitingForTreatment0to12weeks,1100.0
NHS HUMBER AND NORTH YORKSHIRE ICB - 42D,Count_WaitingForTreatment0to18weeks,1105.0
NHS HUMBER AND NORTH YORKSHIRE ICB - 42D,Count_WaitingForTreatmentOver90days,5.0
NHS NOTTINGHAM AND NOTTINGHAMSHIRE ICB - 52R,Count_WaitingForAssessment,5.0
NHS NOTTINGHAM AND NOTTINGHAMSHIRE ICB - 52R,Count_WaitingForTreatment,5.0
NHS NOTTINGHAM AND NOTTINGHAMSHIRE ICB - 52R,Count_WaitingForTreatment0to18weeks,5.0
NHS NOTTINGHAM AND NOTTINGHAMSHIRE ICB - 52R,Count_WaitingForAssessment,2870.0
NHS NOTTINGHAM AND NOTTINGHAMSHIRE ICB - 52R,Count_WaitingForAssessmentOver90days,20.0
NHS NOTTINGHAM AND NOTTINGHAMSHIRE ICB - 52R,Count_WaitingForTreatment,2840.0
NHS NOTTINGHAM AND NOTTINGHAMSHIRE ICB - 52R,Count_WaitingForTreatment0to2weeks,1345.0
NHS NOTTINGHAM AND NOTTINGHAMSHIRE ICB - 52R,Count_WaitingForTreatment0to4weeks,2240.0
NHS NOTTINGHAM AND NOTTINGHAMSHIRE ICB - 52R,Count_WaitingForTreatment0to6weeks,2675.0
NHS NOTTINGHAM AND NOTTINGHAMSHIRE ICB - 52R,Count_WaitingForTreatment0to12weeks,2840.0
NHS NOTTINGHAM AND NOTTINGHAMSHIRE ICB - 52R,Count_WaitingForTreatment0to18weeks,2840.0
NHS SUSSEX ICB - 70F,Count_WaitingForAssessment,5.0
NHS SUSSEX ICB - 70F,Count_WaitingForAssessmentOver90days,5.0
NHS SUSSEX ICB - 70F,Count_WaitingForAssessment,1655.0
NHS SUSSEX ICB - 70F,Count_WaitingForAssessmentOver90days,25.0
NHS SUSSEX ICB - 70F,Count_WaitingForTreatment,1660.0
NHS SUSSEX ICB - 70F,Count_WaitingForTreatment0to2weeks,880.0
NHS SUSSEX ICB - 70F,Count_WaitingForTreatment0to4weeks,1415.0
NHS SUSSEX ICB - 70F,Count_WaitingForTreatment0to6weeks,1570.0
NHS SUSSEX ICB - 70F,Count_WaitingForTreatment0to12weeks,1650.0
NHS SUSSEX ICB - 70F,Count_WaitingForTreatment0to18weeks,1655.0
NHS SUSSEX ICB - 70F,Count_WaitingForTreatmentOver90days,5.0
NHS SUSSEX ICB - 70F,Count_WaitingForAssessment,10.0
NHS SUSSEX ICB - 70F,Count_WaitingForTreatment,10.0
NHS SUSSEX ICB - 70F,Count_WaitingForTreatment0to6weeks,10.0
NHS SUSSEX ICB - 70F,Count_WaitingForTreatment0to12weeks,10.0
NHS SUSSEX ICB - 70F,Count_WaitingForTreatment0to18weeks,10.0
NHS LINCOLNSHIRE ICB - 71E,Count_WaitingForAssessment,980.0
NHS LINCOLNSHIRE ICB - 71E,Count_WaitingForAssessmentOver90days,15.0
NHS LINCOLNSHIRE ICB - 71E,Count_WaitingForTreatment,960.0
NHS LINCOLNSHIRE ICB - 71E,Count_WaitingForTreatment0to2weeks,690.0
NHS LINCOLNSHIRE ICB - 71E,Count_WaitingForTreatment0to4weeks,930.0
NHS LINCOLNSHIRE ICB - 71E,Count_WaitingForTreatment0to6weeks,950.0
NHS LINCOLNSHIRE ICB - 71E,Count_WaitingForTreatment0to12weeks,955.0
NHS LINCOLNSHIRE ICB - 71E,Count_WaitingForTreatment0to18weeks,960.0
NHS LINCOLNSHIRE ICB - 71E,Count_WaitingForAssessment,5.0
NHS LINCOLNSHIRE ICB - 71E,Count_WaitingForTreatment,5.0
NHS LINCOLNSHIRE ICB - 71E,Count_WaitingForTreatment0to2weeks,5.0
NHS LINCOLNSHIRE ICB - 71E,Count_WaitingForTreatment0to4weeks,5.0
NHS LINCOLNSHIRE ICB - 71E,Count_WaitingForTreatment0to6weeks,5.0
NHS LINCOLNSHIRE ICB - 71E,Count_WaitingForTreatment0to12weeks,5.0
NHS LINCOLNSHIRE ICB - 71E,Count_WaitingForTreatment0to18weeks,5.0
NHS SOUTH EAST LONDON ICB - 72Q,Count_WaitingForAssessment,5.0
NHS SOUTH EAST LONDON ICB - 72Q,Count_WaitingForAssessment,410.0
NHS SOUTH EAST LONDON ICB - 72Q,Count_WaitingForAssessmentOver90days,10.0
NHS SOUTH EAST LONDON ICB - 72Q,Count_WaitingForTreatment,410.0
NHS SOUTH EAST LONDON ICB - 72Q,Count_WaitingForTreatment0to2weeks,185.0
NHS SOUTH EAST LONDON ICB - 72Q,Count_WaitingForTreatment0to4weeks,315.0
NHS SOUTH EAST LONDON ICB - 72Q,Count_WaitingForTreatment0to6weeks,380.0
NHS SOUTH EAST LONDON ICB - 72Q,Count_WaitingForTreatment0to12weeks,400.0
NHS SOUTH EAST LONDON ICB - 72Q,Count_WaitingForTreatment0to18weeks,400.0
NHS SOUTH EAST LONDON ICB - 72Q,Count_WaitingForTreatmentOver18weeks,10.0
NHS SOUTH EAST LONDON ICB - 72Q,Count_WaitingForTreatmentOver90days,10.0
NHS SOUTH EAST LONDON ICB - 72Q,Count_WaitingForAssessment,385.0
NHS SOUTH EAST LONDON ICB - 72Q,Count_WaitingForAssessmentOver90days,10.0
NHS SOUTH EAST LONDON ICB - 72Q,Count_WaitingForTreatment,380.0
NHS SOUTH EAST LONDON ICB - 72Q,Count_WaitingForTreatment0to2weeks,240.0
NHS SOUTH EAST LONDON ICB - 72Q,Count_WaitingForTreatment0to4weeks,335.0
NHS SOUTH EAST LONDON ICB - 72Q,Count_WaitingForTreatment0to6weeks,355.0
NHS SOUTH EAST LONDON ICB - 72Q,Count_WaitingForTreatment0to12weeks,370.0
NHS SOUTH EAST LONDON ICB - 72Q,Count_WaitingForTreatment0to18weeks,375.0
NHS SOUTH EAST LONDON ICB - 72Q,Count_WaitingForTreatmentOver18weeks,5.0
NHS SOUTH EAST LONDON ICB - 72Q,Count_WaitingForTreatmentOver90days,10.0
NHS SOUTH EAST LONDON ICB - 72Q,Count_WaitingForAssessment,635.0
NHS SOUTH EAST LONDON ICB - 72Q,Count_WaitingForAssessmentOver90days,35.0
NHS SOUTH EAST LONDON ICB - 72Q,Count_WaitingForTreatment,600.0
NHS SOUTH EAST LONDON ICB - 72Q,Count_WaitingForTreatment0to2weeks,270.0
NHS SOUTH EAST LONDON ICB - 72Q,Count_WaitingForTreatment0to4weeks,465.0
NHS SOUTH EAST LONDON ICB - 72Q,Count_WaitingForTreatment0to6weeks,535.0
NHS SOUTH EAST LONDON ICB - 72Q,Count_WaitingForTreatment0to12weeks,590.0
NHS SOUTH EAST LONDON ICB - 72Q,Count_WaitingForTreatment0to18weeks,590.0
NHS SOUTH EAST LONDON ICB - 72Q,Count_WaitingForTreatmentOver18weeks,10.0
NHS SOUTH EAST LONDON ICB - 72Q,Count_WaitingForTreatmentOver90days,10.0
NHS SOUTH EAST LONDON ICB - 72Q,Count_WaitingForAssessment,1525.0
NHS SOUTH EAST LONDON ICB - 72Q,Count_WaitingForAssessmentOver90days,310.0
NHS SOUTH EAST LONDON ICB - 72Q,Count_WaitingForTreatment,1440.0
NHS SOUTH EAST LONDON ICB - 72Q,Count_WaitingForTreatment0to2weeks,470.0
NHS SOUTH EAST LONDON ICB - 72Q,Count_WaitingForTreatment0to4weeks,770.0
NHS SOUTH EAST LONDON ICB - 72Q,Count_WaitingForTreatment0to6weeks,975.0
NHS SOUTH EAST LONDON ICB - 72Q,Count_WaitingForTreatment0to12weeks,1175.0
NHS SOUTH EAST LONDON ICB - 72Q,Count_WaitingForTreatment0to18weeks,1230.0
NHS SOUTH EAST LONDON ICB - 72Q,Count_WaitingForTreatmentOver18weeks,210.0
NHS SOUTH EAST LONDON ICB - 72Q,Count_WaitingForTreatmentOver90days,255.0
NHS SOUTH EAST LONDON ICB - 72Q,Count_WaitingForAssessment,805.0
NHS SOUTH EAST LONDON ICB - 72Q,Count_WaitingForAssessmentOver90days,60.0
NHS SOUTH EAST LONDON ICB - 72Q,Count_WaitingForTreatment,800.0
NHS SOUTH EAST LONDON ICB - 72Q,Count_WaitingForTreatment0to2weeks,415.0
NHS SOUTH EAST LONDON ICB - 72Q,Count_WaitingForTreatment0to4weeks,560.0
NHS SOUTH EAST LONDON ICB - 72Q,Count_WaitingForTreatment0to6weeks,650.0
NHS SOUTH EAST LONDON ICB - 72Q,Count_WaitingForTreatment0to12weeks,740.0
NHS SOUTH EAST LONDON ICB - 72Q,Count_WaitingForTreatment0to18weeks,770.0
NHS SOUTH EAST LONDON ICB - 72Q,Count_WaitingForTreatmentOver18weeks,30.0
NHS SOUTH EAST LONDON ICB - 72Q,Count_WaitingForTreatmentOver90days,60.0
NHS SOUTH EAST LONDON ICB - 72Q,Count_WaitingForAssessment,10.0
NHS SOUTH EAST LONDON ICB - 72Q,Count_WaitingForTreatment,10.0
NHS SOUTH EAST LONDON ICB - 72Q,Count_WaitingForTreatment0to4weeks,5.0
NHS SOUTH EAST LONDON ICB - 72Q,Count_WaitingForTreatment0to6weeks,5.0
NHS SOUTH EAST LONDON ICB - 72Q,Count_WaitingForTreatment0to12weeks,10.0
NHS SOUTH EAST LONDON ICB - 72Q,Count_WaitingForTreatment0to18weeks,10.0
NHS SOUTH EAST LONDON ICB - 72Q,Count_WaitingForAssessment,1595.0
NHS SOUTH EAST LONDON ICB - 72Q,Count_WaitingForAssessmentOver90days,255.0
NHS SOUTH EAST LONDON ICB - 72Q,Count_WaitingForTreatment,1585.0
NHS SOUTH EAST LONDON ICB - 72Q,Count_WaitingForTreatment0to2weeks,535.0
NHS SOUTH EAST LONDON ICB - 72Q,Count_WaitingForTreatment0to4weeks,985.0
NHS SOUTH EAST LONDON ICB - 72Q,Count_WaitingForTreatment0to6weeks,1155.0
NHS SOUTH EAST LONDON ICB - 72Q,Count_WaitingForTreatment0to12weeks,1335.0
NHS SOUTH EAST LONDON ICB - 72Q,Count_WaitingForTreatment0to18weeks,1375.0
NHS SOUTH EAST LONDON ICB - 72Q,Count_WaitingForTreatmentOver18weeks,210.0
NHS SOUTH EAST LONDON ICB - 72Q,Count_WaitingForTreatmentOver90days,250.0
NHS NORTHAMPTONSHIRE ICB - 78H,Count_WaitingForAssessment,2200.0
NHS NORTHAMPTONSHIRE ICB - 78H,Count_WaitingForAssessmentOver90days,100.0
NHS NORTHAMPTONSHIRE ICB - 78H,Count_WaitingForTreatment,2155.0
NHS NORTHAMPTONSHIRE ICB - 78H,Count_WaitingForTreatment0to2weeks,505.0
NHS NORTHAMPTONSHIRE ICB - 78H,Count_WaitingForTreatment0to4weeks,1085.0
NHS NORTHAMPTONSHIRE ICB - 78H,Count_WaitingForTreatment0to6weeks,1570.0
NHS NORTHAMPTONSHIRE ICB - 78H,Count_WaitingForTreatment0to12weeks,2085.0
NHS NORTHAMPTONSHIRE ICB - 78H,Count_WaitingForTreatment0to18weeks,2120.0
NHS NORTHAMPTONSHIRE ICB - 78H,Count_WaitingForTreatmentOver18weeks,35.0
NHS NORTHAMPTONSHIRE ICB - 78H,Count_WaitingForTreatmentOver90days,60.0
NHS NORTHAMPTONSHIRE ICB - 78H,Count_WaitingForAssessment,30.0
NHS NORTHAMPTONSHIRE ICB - 78H,Count_WaitingForTreatment,25.0
NHS NORTHAMPTONSHIRE ICB - 78H,Count_WaitingForTreatment0to2weeks,5.0
NHS NORTHAMPTONSHIRE ICB - 78H,Count_WaitingForTreatment0to4weeks,10.0
NHS NORTHAMPTONSHIRE ICB - 78H,Count_WaitingForTreatment0to6weeks,20.0
NHS NORTHAMPTONSHIRE ICB - 78H,Count_WaitingForTreatment0to12weeks,25.0
NHS NORTHAMPTONSHIRE ICB - 78H,Count_WaitingForTreatment0to18weeks,25.0
NHS NORTH EAST AND NORTH CUMBRIA ICB - 84H,Count_WaitingForAssessment,10.0
NHS NORTH EAST AND NORTH CUMBRIA ICB - 84H,Count_WaitingForTreatment,10.0
NHS NORTH EAST AND NORTH CUMBRIA ICB - 84H,Count_WaitingForTreatment0to18weeks,5.0
NHS NORTH EAST AND NORTH CUMBRIA ICB - 84H,Count_WaitingForAssessment,830.0
NHS NORTH EAST AND NORTH CUMBRIA ICB - 84H,Count_WaitingForAssessmentOver90days,15.0
NHS NORTH EAST AND NORTH CUMBRIA ICB - 84H,Count_WaitingForTreatment,815.0
NHS NORTH EAST AND NORTH CUMBRIA ICB - 84H,Count_WaitingForTreatment0to2weeks,585.0
NHS NORTH EAST AND NORTH CUMBRIA ICB - 84H,Count_WaitingForTreatment0to4weeks,805.0
NHS NORTH EAST AND NORTH CUMBRIA ICB - 84H,Count_WaitingForTreatment0to6weeks,805.0
NHS NORTH EAST AND NORTH CUMBRIA ICB - 84H,Count_WaitingForTreatment0to12weeks,810.0
NHS NORTH EAST AND NORTH CUMBRIA ICB - 84H,Count_WaitingForTreatment0to18weeks,810.0
NHS NORTH EAST AND NORTH CUMBRIA ICB - 84H,Count_WaitingForTreatmentOver18weeks,5.0
NHS NORTH EAST AND NORTH CUMBRIA ICB - 84H,Count_WaitingForTreatmentOver90days,5.0
NHS KENT AND MEDWAY ICB - 91Q,Count_WaitingForAssessment,5.0
NHS KENT AND MEDWAY ICB - 91Q,Count_WaitingForTreatment,5.0
NHS KENT AND MEDWAY ICB - 91Q,Count_WaitingForTreatment0to18weeks,5.0
NHS KENT AND MEDWAY ICB - 91Q,Count_WaitingForAssessment,3215.0
NHS KENT AND MEDWAY ICB - 91Q,Count_WaitingForAssessmentOver90days,5.0
NHS KENT AND MEDWAY ICB - 91Q,Count_WaitingForTreatment,3215.0
NHS KENT AND MEDWAY ICB - 91Q,Count_WaitingForTreatment0to2weeks,2040.0
NHS KENT AND MEDWAY ICB - 91Q,Count_WaitingForTreatment0to4weeks,3075.0
NHS KENT AND MEDWAY ICB - 91Q,Count_WaitingForTreatment0to6weeks,3175.0
NHS KENT AND MEDWAY ICB - 91Q,Count_WaitingForTreatment0to12weeks,3210.0
NHS KENT AND MEDWAY ICB - 91Q,Count_WaitingForTreatment0to18weeks,3210.0
NHS SURREY HEARTLANDS ICB - 92A,Count_WaitingForAssessment,185.0
NHS SURREY HEARTLANDS ICB - 92A,Count_WaitingForTreatment,180.0
NHS SURREY HEARTLANDS ICB - 92A,Count_WaitingForTreatment0to2weeks,145.0
NHS SURREY HEARTLANDS ICB - 92A,Count_WaitingForTreatment0to4weeks,175.0
NHS SURREY HEARTLANDS ICB - 92A,Count_WaitingForTreatment0to6weeks,180.0
NHS SURREY HEARTLANDS ICB - 92A,Count_WaitingForTreatment0to12weeks,180.0
NHS SURREY HEARTLANDS ICB - 92A,Count_WaitingForTreatment0to18weeks,180.0
NHS SURREY HEARTLANDS ICB - 92A,Count_WaitingForAssessment,10.0
NHS SURREY HEARTLANDS ICB - 92A,Count_WaitingForAssessmentOver90days,5.0
NHS SURREY HEARTLANDS ICB - 92A,Count_WaitingForTreatment,10.0
NHS SURREY HEARTLANDS ICB - 92A,Count_WaitingForTreatmentOver18weeks,5.0
NHS SURREY HEARTLANDS ICB - 92A,Count_WaitingForTreatmentOver90days,5.0
NHS SURREY HEARTLANDS ICB - 92A,Count_WaitingForAssessment,50.0
NHS SURREY HEARTLANDS ICB - 92A,Count_WaitingForTreatment,55.0
NHS SURREY HEARTLANDS ICB - 92A,Count_WaitingForTreatment0to2weeks,45.0
NHS SURREY HEARTLANDS ICB - 92A,Count_WaitingForTreatment0to4weeks,50.0
NHS SURREY HEARTLANDS ICB - 92A,Count_WaitingForTreatment0to6weeks,50.0
NHS SURREY HEARTLANDS ICB - 92A,Count_WaitingForTreatment0to12weeks,55.0
NHS SURREY HEARTLANDS ICB - 92A,Count_WaitingForTreatment0to18weeks,55.0
NHS SURREY HEARTLANDS ICB - 92A,Count_WaitingForAssessment,520.0
NHS SURREY HEARTLANDS ICB - 92A,Count_WaitingForTreatment,470.0
NHS SURREY HEARTLANDS ICB - 92A,Count_WaitingForTreatment0to2weeks,385.0
NHS SURREY HEARTLANDS ICB - 92A,Count_WaitingForTreatment0to4weeks,455.0
NHS SURREY HEARTLANDS ICB - 92A,Count_WaitingForTreatment0to6weeks,470.0
NHS SURREY HEARTLANDS ICB - 92A,Count_WaitingForTreatment0to12weeks,470.0
NHS SURREY HEARTLANDS ICB - 92A,Count_WaitingForTreatment0to18weeks,470.0
NHS SURREY HEARTLANDS ICB - 92A,Count_WaitingForAssessment,820.0
NHS SURREY HEARTLANDS ICB - 92A,Count_WaitingForAssessmentOver90days,5.0
NHS SURREY HEARTLANDS ICB - 92A,Count_WaitingForTreatment,805.0
NHS SURREY HEARTLANDS ICB - 92A,Count_WaitingForTreatment0to2weeks,635.0
NHS SURREY HEARTLANDS ICB - 92A,Count_WaitingForTreatment0to4weeks,765.0
NHS SURREY HEARTLANDS ICB - 92A,Count_WaitingForTreatment0to6weeks,795.0
NHS SURREY HEARTLANDS ICB - 92A,Count_WaitingForTreatment0to12weeks,805.0
NHS SURREY HEARTLANDS ICB - 92A,Count_WaitingForTreatment0to18weeks,805.0
"NHS BATH AND NORTH EAST SOMERSET, SWINDON AND WILTSHIRE ICB - 92G",Count_WaitingForAssessment,5.0
"NHS BATH AND NORTH EAST SOMERSET, SWINDON AND WILTSHIRE ICB - 92G",Count_WaitingForAssessmentOver90days,5.0
"NHS BATH AND NORTH EAST SOMERSET, SWINDON AND WILTSHIRE ICB - 92G",Count_WaitingForTreatment,5.0
"NHS BATH AND NORTH EAST SOMERSET, SWINDON AND WILTSHIRE ICB - 92G",Count_WaitingForTreatmentOver18weeks,5.0
"NHS BATH AND NORTH EAST SOMERSET, SWINDON AND WILTSHIRE ICB - 92G",Count_WaitingForTreatmentOver90days,5.0
"NHS BATH AND NORTH EAST SOMERSET, SWINDON AND WILTSHIRE ICB - 92G",Count_WaitingForAssessment,10.0
"NHS BATH AND NORTH EAST SOMERSET, SWINDON AND WILTSHIRE ICB - 92G",Count_WaitingForTreatment,5.0
"NHS BATH AND NORTH EAST SOMERSET, SWINDON AND WILTSHIRE ICB - 92G",Count_WaitingForTreatment0to12weeks,5.0
"NHS BATH AND NORTH EAST SOMERSET, SWINDON AND WILTSHIRE ICB - 92G",Count_WaitingForTreatment0to18weeks,5.0
"NHS BATH AND NORTH EAST SOMERSET, SWINDON AND WILTSHIRE ICB - 92G",Count_WaitingForAssessment,1135.0
"NHS BATH AND NORTH EAST SOMERSET, SWINDON AND WILTSHIRE ICB - 92G",Count_WaitingForAssessmentOver90days,10.0
"NHS BATH AND NORTH EAST SOMERSET, SWINDON AND WILTSHIRE ICB - 92G",Count_WaitingForTreatment,1175.0
"NHS BATH AND NORTH EAST SOMERSET, SWINDON AND WILTSHIRE ICB - 92G",Count_WaitingForTreatment0to2weeks,825.0
"NHS BATH AND NORTH EAST SOMERSET, SWINDON AND WILTSHIRE ICB - 92G",Count_WaitingForTreatment0to4weeks,1080.0
"NHS BATH AND NORTH EAST SOMERSET, SWINDON AND WILTSHIRE ICB - 92G",Count_WaitingForTreatment0to6weeks,1135.0
"NHS BATH AND NORTH EAST SOMERSET, SWINDON AND WILTSHIRE ICB - 92G",Count_WaitingForTreatment0to12weeks,1170.0
"NHS BATH AND NORTH EAST SOMERSET, SWINDON AND WILTSHIRE ICB - 92G",Count_WaitingForTreatment0to18weeks,1175.0
"NHS BATH AND NORTH EAST SOMERSET, SWINDON AND WILTSHIRE ICB - 92G",Count_WaitingForTreatmentOver90days,5.0
NHS NORTH CENTRAL LONDON ICB - 93C,Count_WaitingForAssessment,195.0
NHS NORTH CENTRAL LONDON ICB - 93C,Count_WaitingForAssessmentOver90days,65.0
NHS NORTH CENTRAL LONDON ICB - 93C,Count_WaitingForTreatment,195.0
NHS NORTH CENTRAL LONDON ICB - 93C,Count_WaitingForTreatment0to2weeks,35.0
NHS NORTH CENTRAL LONDON ICB - 93C,Count_WaitingForTreatment0to4weeks,65.0
NHS NORTH CENTRAL LONDON ICB - 93C,Count_WaitingForTreatment0to6weeks,75.0
NHS NORTH CENTRAL LONDON ICB - 93C,Count_WaitingForTreatment0to12weeks,125.0
NHS NORTH CENTRAL LONDON ICB - 93C,Count_WaitingForTreatment0to18weeks,170.0
NHS NORTH CENTRAL LONDON ICB - 93C,Count_WaitingForTreatmentOver18weeks,25.0
NHS NORTH CENTRAL LONDON ICB - 93C,Count_WaitingForTreatmentOver90days,65.0
NHS NORTH CENTRAL LONDON ICB - 93C,Count_WaitingForAssessment,15.0
NHS NORTH CENTRAL LONDON ICB - 93C,Count_WaitingForAssessmentOver90days,10.0
NHS NORTH CENTRAL LONDON ICB - 93C,Count_WaitingForTreatment,15.0
NHS NORTH CENTRAL LONDON ICB - 93C,Count_WaitingForTreatment0to18weeks,5.0
NHS NORTH CENTRAL LONDON ICB - 93C,Count_WaitingForTreatmentOver18weeks,10.0
NHS NORTH CENTRAL LONDON ICB - 93C,Count_WaitingForTreatmentOver90days,10.0
NHS NORTH CENTRAL LONDON ICB - 93C,Count_WaitingForAssessment,15.0
NHS NORTH CENTRAL LONDON ICB - 93C,Count_WaitingForAssessmentOver90days,5.0
NHS NORTH CENTRAL LONDON ICB - 93C,Count_WaitingForTreatment,10.0
NHS NORTH CENTRAL LONDON ICB - 93C,Count_WaitingForTreatment0to4weeks,5.0
NHS NORTH CENTRAL LONDON ICB - 93C,Count_WaitingForTreatment0to6weeks,5.0
NHS NORTH CENTRAL LONDON ICB - 93C,Count_WaitingForTreatment0to12weeks,5.0
NHS NORTH CENTRAL LONDON ICB - 93C,Count_WaitingForTreatment0to18weeks,10.0
NHS NORTH CENTRAL LONDON ICB - 93C,Count_WaitingForTreatmentOver90days,5.0
NHS NORTH CENTRAL LONDON ICB - 93C,Count_WaitingForAssessment,2570.0
NHS NORTH CENTRAL LONDON ICB - 93C,Count_WaitingForAssessmentOver90days,135.0
NHS NORTH CENTRAL LONDON ICB - 93C,Count_WaitingForTreatment,2505.0
NHS NORTH CENTRAL LONDON ICB - 93C,Count_WaitingForTreatment0to2weeks,1195.0
NHS NORTH CENTRAL LONDON ICB - 93C,Count_WaitingForTreatment0to4weeks,1905.0
NHS NORTH CENTRAL LONDON ICB - 93C,Count_WaitingForTreatment0to6weeks,2170.0
NHS NORTH CENTRAL LONDON ICB - 93C,Count_WaitingForTreatment0to12weeks,2425.0
NHS NORTH CENTRAL LONDON ICB - 93C,Count_WaitingForTreatment0to18weeks,2460.0
NHS NORTH CENTRAL LONDON ICB - 93C,Count_WaitingForTreatmentOver18weeks,50.0
NHS NORTH CENTRAL LONDON ICB - 93C,Count_WaitingForTreatmentOver90days,70.0
NHS NORTH CENTRAL LONDON ICB - 93C,Count_WaitingForAssessment,20.0
NHS NORTH CENTRAL LONDON ICB - 93C,Count_WaitingForTreatment,20.0
NHS NORTH CENTRAL LONDON ICB - 93C,Count_WaitingForTreatment0to2weeks,15.0
NHS NORTH CENTRAL LONDON ICB - 93C,Count_WaitingForTreatment0to4weeks,20.0
NHS NORTH CENTRAL LONDON ICB - 93C,Count_WaitingForTreatment0to6weeks,20.0
NHS NORTH CENTRAL LONDON ICB - 93C,Count_WaitingForTreatment0to12weeks,20.0
NHS NORTH CENTRAL LONDON ICB - 93C,Count_WaitingForTreatment0to18weeks,20.0
NHS NORTH CENTRAL LONDON ICB - 93C,Count_WaitingForAssessment,845.0
NHS NORTH CENTRAL LONDON ICB - 93C,Count_WaitingForAssessmentOver90days,45.0
NHS NORTH CENTRAL LONDON ICB - 93C,Count_WaitingForTreatment,830.0
NHS NORTH CENTRAL LONDON ICB - 93C,Count_WaitingForTreatment0to2weeks,375.0
NHS NORTH CENTRAL LONDON ICB - 93C,Count_WaitingForTreatment0to4weeks,615.0
NHS NORTH CENTRAL LONDON ICB - 93C,Count_WaitingForTreatment0to6weeks,730.0
NHS NORTH CENTRAL LONDON ICB - 93C,Count_WaitingForTreatment0to12weeks,790.0
NHS NORTH CENTRAL LONDON ICB - 93C,Count_WaitingForTreatment0to18weeks,805.0
NHS NORTH CENTRAL LONDON ICB - 93C,Count_WaitingForTreatmentOver18weeks,25.0
NHS NORTH CENTRAL LONDON ICB - 93C,Count_WaitingForTreatmentOver90days,40.0
NHS NORTH CENTRAL LONDON ICB - 93C,Count_WaitingForAssessment,5.0
NHS NORTH CENTRAL LONDON ICB - 93C,Count_WaitingForTreatment,5.0
NHS NORTH CENTRAL LONDON ICB - 93C,Count_WaitingForTreatment0to6weeks,5.0
NHS NORTH CENTRAL LONDON ICB - 93C,Count_WaitingForTreatment0to12weeks,5.0
NHS NORTH CENTRAL LONDON ICB - 93C,Count_WaitingForTreatment0to18weeks,5.0
NHS NORTH CENTRAL LONDON ICB - 93C,Count_WaitingForAssessment,15.0
NHS NORTH CENTRAL LONDON ICB - 93C,Count_WaitingForTreatment,15.0
NHS NORTH CENTRAL LONDON ICB - 93C,Count_WaitingForTreatment0to4weeks,10.0
NHS NORTH CENTRAL LONDON ICB - 93C,Count_WaitingForTreatment0to6weeks,15.0
NHS NORTH CENTRAL LONDON ICB - 93C,Count_WaitingForTreatment0to12weeks,15.0
NHS NORTH CENTRAL LONDON ICB - 93C,Count_WaitingForTreatment0to18weeks,15.0
NHS NORTH CENTRAL LONDON ICB - 93C,Count_WaitingForAssessment,10.0
NHS NORTH CENTRAL LONDON ICB - 93C,Count_WaitingForTreatment,10.0
NHS NORTH CENTRAL LONDON ICB - 93C,Count_WaitingForTreatment0to2weeks,5.0
NHS NORTH CENTRAL LONDON ICB - 93C,Count_WaitingForTreatment0to4weeks,5.0
NHS NORTH CENTRAL LONDON ICB - 93C,Count_WaitingForTreatment0to6weeks,10.0
NHS NORTH CENTRAL LONDON ICB - 93C,Count_WaitingForTreatment0to12weeks,10.0
NHS NORTH CENTRAL LONDON ICB - 93C,Count_WaitingForTreatment0to18weeks,10.0
NHS NORTH CENTRAL LONDON ICB - 93C,Count_WaitingForAssessment,5.0
NHS NORTH CENTRAL LONDON ICB - 93C,Count_WaitingForTreatment,5.0
NHS NORTH CENTRAL LONDON ICB - 93C,Count_WaitingForTreatment0to6weeks,5.0
NHS NORTH CENTRAL LONDON ICB - 93C,Count_WaitingForTreatment0to12weeks,5.0
NHS NORTH CENTRAL LONDON ICB - 93C,Count_WaitingForTreatment0to18weeks,5.0
NHS NORTH CENTRAL LONDON ICB - 93C,Count_WaitingForAssessment,5.0
NHS NORTH CENTRAL LONDON ICB - 93C,Count_WaitingForTreatment,5.0
NHS NORTH CENTRAL LONDON ICB - 93C,Count_WaitingForTreatment0to6weeks,5.0
NHS NORTH CENTRAL LONDON ICB - 93C,Count_WaitingForTreatment0to12weeks,5.0
NHS NORTH CENTRAL LONDON ICB - 93C,Count_WaitingForTreatment0to18weeks,5.0
NHS SUSSEX ICB - 97R,Count_WaitingForAssessment,865.0
NHS SUSSEX ICB - 97R,Count_WaitingForAssessmentOver90days,90.0
NHS SUSSEX ICB - 97R,Count_WaitingForTreatment,765.0
NHS SUSSEX ICB - 97R,Count_WaitingForTreatment0to2weeks,500.0
NHS SUSSEX ICB - 97R,Count_WaitingForTreatment0to4weeks,695.0
NHS SUSSEX ICB - 97R,Count_WaitingForTreatment0to6weeks,735.0
NHS SUSSEX ICB - 97R,Count_WaitingForTreatment0to12weeks,755.0
NHS SUSSEX ICB - 97R,Count_WaitingForTreatment0to18weeks,760.0
NHS SUSSEX ICB - 97R,Count_WaitingForTreatmentOver18weeks,5.0
NHS SUSSEX ICB - 97R,Count_WaitingForTreatmentOver90days,10.0
NHS CHESHIRE AND MERSEYSIDE ICB - 99A,Count_WaitingForAssessment,5.0
NHS CHESHIRE AND MERSEYSIDE ICB - 99A,Count_WaitingForTreatment,5.0
NHS CHESHIRE AND MERSEYSIDE ICB - 99A,Count_WaitingForAssessment,1020.0
NHS CHESHIRE AND MERSEYSIDE ICB - 99A,Count_WaitingForAssessmentOver90days,45.0
NHS CHESHIRE AND MERSEYSIDE ICB - 99A,Count_WaitingForTreatment,955.0
NHS CHESHIRE AND MERSEYSIDE ICB - 99A,Count_WaitingForTreatment0to2weeks,555.0
NHS CHESHIRE AND MERSEYSIDE ICB - 99A,Count_WaitingForTreatment0to4weeks,815.0
NHS CHESHIRE AND MERSEYSIDE ICB - 99A,Count_WaitingForTreatment0to6weeks,915.0
NHS CHESHIRE AND MERSEYSIDE ICB - 99A,Count_WaitingForTreatment0to12weeks,950.0
NHS CHESHIRE AND MERSEYSIDE ICB - 99A,Count_WaitingForTreatment0to18weeks,955.0
NHS CHESHIRE AND MERSEYSIDE ICB - 99A,Count_WaitingForTreatmentOver90days,5.0
NHS NORTH EAST AND NORTH CUMBRIA ICB - 99C,Count_WaitingForAssessment,5.0
NHS NORTH EAST AND NORTH CUMBRIA ICB - 99C,Count_WaitingForAssessment,355.0
NHS NORTH EAST AND NORTH CUMBRIA ICB - 99C,Count_WaitingForAssessmentOver90days,15.0
NHS NORTH EAST AND NORTH CUMBRIA ICB - 99C,Count_WaitingForTreatment,335.0
NHS NORTH EAST AND NORTH CUMBRIA ICB - 99C,Count_WaitingForTreatment0to2weeks,225.0
NHS NORTH EAST AND NORTH CUMBRIA ICB - 99C,Count_WaitingForTreatment0to4weeks,310.0
NHS NORTH EAST AND NORTH CUMBRIA ICB - 99C,Count_WaitingForTreatment0to6weeks,325.0
NHS NORTH EAST AND NORTH CUMBRIA ICB - 99C,Count_WaitingForTreatment0to12weeks,330.0
NHS NORTH EAST AND NORTH CUMBRIA ICB - 99C,Count_WaitingForTreatment0to18weeks,335.0
NHS MID AND SOUTH ESSEX ICB - 99E,Count_WaitingForAssessment,140.0
NHS MID AND SOUTH ESSEX ICB - 99E,Count_WaitingForTreatment,140.0
NHS MID AND SOUTH ESSEX ICB - 99E,Count_WaitingForTreatment0to2weeks,130.0
NHS MID AND SOUTH ESSEX ICB - 99E,Count_WaitingForTreatment0to4weeks,140.0
NHS MID AND SOUTH ESSEX ICB - 99E,Count_WaitingForTreatment0to6weeks,140.0
NHS MID AND SOUTH ESSEX ICB - 99E,Count_WaitingForTreatment0to12weeks,140.0
NHS MID AND SOUTH ESSEX ICB - 99E,Count_WaitingForTreatment0to18weeks,140.0
NHS MID AND SOUTH ESSEX ICB - 99F,Count_WaitingForAssessment,215.0
NHS MID AND SOUTH ESSEX ICB - 99F,Count_WaitingForAssessmentOver90days,20.0
NHS MID AND SOUTH ESSEX ICB - 99F,Count_WaitingForTreatment,170.0
NHS MID AND SOUTH ESSEX ICB - 99F,Count_WaitingForTreatment0to2weeks,130.0
NHS MID AND SOUTH ESSEX ICB - 99F,Count_WaitingForTreatment0to4weeks,150.0
NHS MID AND SOUTH ESSEX ICB - 99F,Count_WaitingForTreatment0to6weeks,155.0
NHS MID AND SOUTH ESSEX ICB - 99F,Count_WaitingForTreatment0to12weeks,160.0
NHS MID AND SOUTH ESSEX ICB - 99F,Count_WaitingForTreatment0to18weeks,160.0
NHS MID AND SOUTH ESSEX ICB - 99F,Count_WaitingForTreatmentOver18weeks,10.0
NHS MID AND SOUTH ESSEX ICB - 99F,Count_WaitingForTreatmentOver90days,10.0
NHS MID AND SOUTH ESSEX ICB - 99G,Count_WaitingForAssessment,285.0
NHS MID AND SOUTH ESSEX ICB - 99G,Count_WaitingForAssessmentOver90days,30.0
NHS MID AND SOUTH ESSEX ICB - 99G,Count_WaitingForTreatment,240.0
NHS MID AND SOUTH ESSEX ICB - 99G,Count_WaitingForTreatment0to2weeks,195.0
NHS MID AND SOUTH ESSEX ICB - 99G,Count_WaitingForTreatment0to4weeks,225.0
NHS MID AND SOUTH ESSEX ICB - 99G,Count_WaitingForTreatment0to6weeks,225.0
NHS MID AND SOUTH ESSEX ICB - 99G,Count_WaitingForTreatment0to12weeks,230.0
NHS MID AND SOUTH ESSEX ICB - 99G,Count_WaitingForTreatment0to18weeks,230.0
NHS MID AND SOUTH ESSEX ICB - 99G,Count_WaitingForTreatmentOver18weeks,10.0
NHS MID AND SOUTH ESSEX ICB - 99G,Count_WaitingForTreatmentOver90days,10.0
NHS NORTH EAST LONDON ICB - A3A8R,Count_WaitingForAssessment,25.0
NHS NORTH EAST LONDON ICB - A3A8R,Count_WaitingForAssessmentOver90days,20.0
NHS NORTH EAST LONDON ICB - A3A8R,Count_WaitingForTreatment,25.0
NHS NORTH EAST LONDON ICB - A3A8R,Count_WaitingForTreatmentOver18weeks,20.0
NHS NORTH EAST LONDON ICB - A3A8R,Count_WaitingForTreatmentOver90days,20.0
NHS NORTH EAST LONDON ICB - A3A8R,Count_WaitingForAssessment,50.0
NHS NORTH EAST LONDON ICB - A3A8R,Count_WaitingForAssessmentOver90days,5.0
NHS NORTH EAST LONDON ICB - A3A8R,Count_WaitingForTreatment,45.0
NHS NORTH EAST LONDON ICB - A3A8R,Count_WaitingForTreatment0to12weeks,35.0
NHS NORTH EAST LONDON ICB - A3A8R,Count_WaitingForTreatment0to18weeks,45.0
NHS NORTH EAST LONDON ICB - A3A8R,Count_WaitingForTreatmentOver90days,5.0
NHS NORTH EAST LONDON ICB - A3A8R,Count_WaitingForAssessment,5.0
NHS NORTH EAST LONDON ICB - A3A8R,Count_WaitingForAssessment,3255.0
NHS NORTH EAST LONDON ICB - A3A8R,Count_WaitingForAssessmentOver90days,530.0
NHS NORTH EAST LONDON ICB - A3A8R,Count_WaitingForTreatment,2805.0
NHS NORTH EAST LONDON ICB - A3A8R,Count_WaitingForTreatment0to2weeks,1005.0
NHS NORTH EAST LONDON ICB - A3A8R,Count_WaitingForTreatment0to4weeks,1925.0
NHS NORTH EAST LONDON ICB - A3A8R,Count_WaitingForTreatment0to6weeks,2430.0
NHS NORTH EAST LONDON ICB - A3A8R,Count_WaitingForTreatment0to12weeks,2705.0
NHS NORTH EAST LONDON ICB - A3A8R,Count_WaitingForTreatment0to18weeks,2725.0
NHS NORTH EAST LONDON ICB - A3A8R,Count_WaitingForTreatmentOver18weeks,80.0
NHS NORTH EAST LONDON ICB - A3A8R,Count_WaitingForTreatmentOver90days,100.0
NHS NORTH EAST LONDON ICB - A3A8R,Count_WaitingForAssessment,1230.0
NHS NORTH EAST LONDON ICB - A3A8R,Count_WaitingForAssessmentOver90days,40.0
NHS NORTH EAST LONDON ICB - A3A8R,Count_WaitingForTreatment,1245.0
NHS NORTH EAST LONDON ICB - A3A8R,Count_WaitingForTreatment0to2weeks,520.0
NHS NORTH EAST LONDON ICB - A3A8R,Count_WaitingForTreatment0to4weeks,880.0
NHS NORTH EAST LONDON ICB - A3A8R,Count_WaitingForTreatment0to6weeks,1045.0
NHS NORTH EAST LONDON ICB - A3A8R,Count_WaitingForTreatment0to12weeks,1185.0
NHS NORTH EAST LONDON ICB - A3A8R,Count_WaitingForTreatment0to18weeks,1200.0
NHS NORTH EAST LONDON ICB - A3A8R,Count_WaitingForTreatmentOver18weeks,45.0
NHS NORTH EAST LONDON ICB - A3A8R,Count_WaitingForTreatmentOver90days,60.0
NHS NORTH EAST LONDON ICB - A3A8R,Count_WaitingForAssessment,905.0
NHS NORTH EAST LONDON ICB - A3A8R,Count_WaitingForAssessmentOver90days,15.0
NHS NORTH EAST LONDON ICB - A3A8R,Count_WaitingForTreatment,885.0
NHS NORTH EAST LONDON ICB - A3A8R,Count_WaitingForTreatment0to2weeks,415.0
NHS NORTH EAST LONDON ICB - A3A8R,Count_WaitingForTreatment0to4weeks,660.0
NHS NORTH EAST LONDON ICB - A3A8R,Count_WaitingForTreatment0to6weeks,765.0
NHS NORTH EAST LONDON ICB - A3A8R,Count_WaitingForTreatment0to12weeks,880.0
NHS NORTH EAST LONDON ICB - A3A8R,Count_WaitingForTreatment0to18weeks,885.0
NHS NORTH EAST LONDON ICB - A3A8R,Count_WaitingForTreatmentOver90days,5.0
NHS NORTH EAST LONDON ICB - A3A8R,Count_WaitingForAssessment,1090.0
NHS NORTH EAST LONDON ICB - A3A8R,Count_WaitingForAssessmentOver90days,10.0
NHS NORTH EAST LONDON ICB - A3A8R,Count_WaitingForTreatment,1080.0
NHS NORTH EAST LONDON ICB - A3A8R,Count_WaitingForTreatment0to2weeks,445.0
NHS NORTH EAST LONDON ICB - A3A8R,Count_WaitingForTreatment0to4weeks,745.0
NHS NORTH EAST LONDON ICB - A3A8R,Count_WaitingForTreatment0to6weeks,970.0
NHS NORTH EAST LONDON ICB - A3A8R,Count_WaitingForTreatment0to12weeks,1075.0
NHS NORTH EAST LONDON ICB - A3A8R,Count_WaitingForTreatment0to18weeks,1080.0
NHS COVENTRY AND WARWICKSHIRE ICB - B2M3M,Count_WaitingForAssessment,1525.0
NHS COVENTRY AND WARWICKSHIRE ICB - B2M3M,Count_WaitingForAssessmentOver90days,45.0
NHS COVENTRY AND WARWICKSHIRE ICB - B2M3M,Count_WaitingForTreatment,1475.0
NHS COVENTRY AND WARWICKSHIRE ICB - B2M3M,Count_WaitingForTreatment0to2weeks,980.0
NHS COVENTRY AND WARWICKSHIRE ICB - B2M3M,Count_WaitingForTreatment0to4weeks,1380.0
NHS COVENTRY AND WARWICKSHIRE ICB - B2M3M,Count_WaitingForTreatment0to6weeks,1435.0
NHS COVENTRY AND WARWICKSHIRE ICB - B2M3M,Count_WaitingForTreatment0to12weeks,1465.0
NHS COVENTRY AND WARWICKSHIRE ICB - B2M3M,Count_WaitingForTreatment0to18weeks,1470.0
NHS COVENTRY AND WARWICKSHIRE ICB - B2M3M,Count_WaitingForTreatmentOver18weeks,5.0
NHS COVENTRY AND WARWICKSHIRE ICB - B2M3M,Count_WaitingForTreatmentOver90days,10.0
NHS BLACK COUNTRY ICB - D2P2L,Count_WaitingForAssessment,10.0
NHS BLACK COUNTRY ICB - D2P2L,Count_WaitingForAssessmentOver90days,5.0
NHS BLACK COUNTRY ICB - D2P2L,Count_WaitingForTreatment,10.0
NHS BLACK COUNTRY ICB - D2P2L,Count_WaitingForTreatmentOver18weeks,5.0
NHS BLACK COUNTRY ICB - D2P2L,Count_WaitingForTreatmentOver90days,5.0
NHS BLACK COUNTRY ICB - D2P2L,Count_WaitingForAssessment,4905.0
NHS BLACK COUNTRY ICB - D2P2L,Count_WaitingForAssessmentOver90days,835.0
NHS BLACK COUNTRY ICB - D2P2L,Count_WaitingForTreatment,5195.0
NHS BLACK COUNTRY ICB - D2P2L,Count_WaitingForTreatment0to2weeks,1305.0
NHS BLACK COUNTRY ICB - D2P2L,Count_WaitingForTreatment0to4weeks,2415.0
NHS BLACK COUNTRY ICB - D2P2L,Count_WaitingForTreatment0to6weeks,3335.0
NHS BLACK COUNTRY ICB - D2P2L,Count_WaitingForTreatment0to12weeks,4290.0
NHS BLACK COUNTRY ICB - D2P2L,Count_WaitingForTreatment0to18weeks,4505.0
NHS BLACK COUNTRY ICB - D2P2L,Count_WaitingForTreatmentOver18weeks,690.0
NHS BLACK COUNTRY ICB - D2P2L,Count_WaitingForTreatmentOver90days,870.0
NHS FRIMLEY ICB - D4U1Y,Count_WaitingForAssessment,20.0
NHS FRIMLEY ICB - D4U1Y,Count_WaitingForTreatment,20.0
NHS FRIMLEY ICB - D4U1Y,Count_WaitingForTreatment0to2weeks,15.0
NHS FRIMLEY ICB - D4U1Y,Count_WaitingForTreatment0to4weeks,20.0
NHS FRIMLEY ICB - D4U1Y,Count_WaitingForTreatment0to6weeks,20.0
NHS FRIMLEY ICB - D4U1Y,Count_WaitingForTreatment0to12weeks,20.0
NHS FRIMLEY ICB - D4U1Y,Count_WaitingForTreatment0to18weeks,20.0
NHS FRIMLEY ICB - D4U1Y,Count_WaitingForAssessment,5.0
NHS FRIMLEY ICB - D4U1Y,Count_WaitingForTreatment,5.0
NHS FRIMLEY ICB - D4U1Y,Count_WaitingForAssessment,10.0
NHS FRIMLEY ICB - D4U1Y,Count_WaitingForTreatment,10.0
NHS FRIMLEY ICB - D4U1Y,Count_WaitingForTreatment0to2weeks,10.0
NHS FRIMLEY ICB - D4U1Y,Count_WaitingForTreatment0to4weeks,10.0
NHS FRIMLEY ICB - D4U1Y,Count_WaitingForTreatment0to6weeks,10.0
NHS FRIMLEY ICB - D4U1Y,Count_WaitingForTreatment0to12weeks,10.0
NHS FRIMLEY ICB - D4U1Y,Count_WaitingForTreatment0to18weeks,10.0
NHS FRIMLEY ICB - D4U1Y,Count_WaitingForAssessment,370.0
NHS FRIMLEY ICB - D4U1Y,Count_WaitingForAssessmentOver90days,25.0
NHS FRIMLEY ICB - D4U1Y,Count_WaitingForTreatment,370.0
NHS FRIMLEY ICB - D4U1Y,Count_WaitingForTreatment0to2weeks,215.0
NHS FRIMLEY ICB - D4U1Y,Count_WaitingForTreatment0to4weeks,285.0
NHS FRIMLEY ICB - D4U1Y,Count_WaitingForTreatment0to6weeks,320.0
NHS FRIMLEY ICB - D4U1Y,Count_WaitingForTreatment0to12weeks,345.0
NHS FRIMLEY ICB - D4U1Y,Count_WaitingForTreatment0to18weeks,350.0
NHS FRIMLEY ICB - D4U1Y,Count_WaitingForTreatmentOver18weeks,20.0
NHS FRIMLEY ICB - D4U1Y,Count_WaitingForTreatmentOver90days,25.0
NHS FRIMLEY ICB - D4U1Y,Count_WaitingForAssessment,25.0
NHS FRIMLEY ICB - D4U1Y,Count_WaitingForTreatment,20.0
NHS FRIMLEY ICB - D4U1Y,Count_WaitingForTreatment0to2weeks,20.0
NHS FRIMLEY ICB - D4U1Y,Count_WaitingForTreatment0to4weeks,20.0
NHS FRIMLEY ICB - D4U1Y,Count_WaitingForTreatment0to6weeks,20.0
NHS FRIMLEY ICB - D4U1Y,Count_WaitingForTreatment0to12weeks,20.0
NHS FRIMLEY ICB - D4U1Y,Count_WaitingForTreatment0to18weeks,20.0
NHS FRIMLEY ICB - D4U1Y,Count_WaitingForAssessment,1440.0
NHS FRIMLEY ICB - D4U1Y,Count_WaitingForAssessmentOver90days,30.0
NHS FRIMLEY ICB - D4U1Y,Count_WaitingForTreatment,1430.0
NHS FRIMLEY ICB - D4U1Y,Count_WaitingForTreatment0to2weeks,415.0
NHS FRIMLEY ICB - D4U1Y,Count_WaitingForTreatment0to4weeks,820.0
NHS FRIMLEY ICB - D4U1Y,Count_WaitingForTreatment0to6weeks,1125.0
NHS FRIMLEY ICB - D4U1Y,Count_WaitingForTreatment0to12weeks,1395.0
NHS FRIMLEY ICB - D4U1Y,Count_WaitingForTreatment0to18weeks,1420.0
NHS FRIMLEY ICB - D4U1Y,Count_WaitingForTreatmentOver18weeks,10.0
NHS FRIMLEY ICB - D4U1Y,Count_WaitingForTreatmentOver90days,25.0
NHS FRIMLEY ICB - D4U1Y,Count_WaitingForAssessment,100.0
NHS FRIMLEY ICB - D4U1Y,Count_WaitingForTreatment,100.0
NHS FRIMLEY ICB - D4U1Y,Count_WaitingForTreatment0to2weeks,80.0
NHS FRIMLEY ICB - D4U1Y,Count_WaitingForTreatment0to4weeks,100.0
NHS FRIMLEY ICB - D4U1Y,Count_WaitingForTreatment0to6weeks,100.0
NHS FRIMLEY ICB - D4U1Y,Count_WaitingForTreatment0to12weeks,100.0
NHS FRIMLEY ICB - D4U1Y,Count_WaitingForTreatment0to18weeks,100.0
NHS HAMPSHIRE AND ISLE OF WIGHT ICB - D9Y0V,Count_WaitingForAssessment,480.0
NHS HAMPSHIRE AND ISLE OF WIGHT ICB - D9Y0V,Count_WaitingForAssessmentOver90days,10.0
NHS HAMPSHIRE AND ISLE OF WIGHT ICB - D9Y0V,Count_WaitingForTreatment,465.0
NHS HAMPSHIRE AND ISLE OF WIGHT ICB - D9Y0V,Count_WaitingForTreatment0to2weeks,250.0
NHS HAMPSHIRE AND ISLE OF WIGHT ICB - D9Y0V,Count_WaitingForTreatment0to4weeks,430.0
NHS HAMPSHIRE AND ISLE OF WIGHT ICB - D9Y0V,Count_WaitingForTreatment0to6weeks,460.0
NHS HAMPSHIRE AND ISLE OF WIGHT ICB - D9Y0V,Count_WaitingForTreatment0to12weeks,465.0
NHS HAMPSHIRE AND ISLE OF WIGHT ICB - D9Y0V,Count_WaitingForTreatment0to18weeks,465.0
NHS HAMPSHIRE AND ISLE OF WIGHT ICB - D9Y0V,Count_WaitingForAssessment,3515.0
NHS HAMPSHIRE AND ISLE OF WIGHT ICB - D9Y0V,Count_WaitingForAssessmentOver90days,200.0
NHS HAMPSHIRE AND ISLE OF WIGHT ICB - D9Y0V,Count_WaitingForTreatment,2820.0
NHS HAMPSHIRE AND ISLE OF WIGHT ICB - D9Y0V,Count_WaitingForTreatment0to2weeks,1225.0
NHS HAMPSHIRE AND ISLE OF WIGHT ICB - D9Y0V,Count_WaitingForTreatment0to4weeks,1985.0
NHS HAMPSHIRE AND ISLE OF WIGHT ICB - D9Y0V,Count_WaitingForTreatment0to6weeks,2420.0
NHS HAMPSHIRE AND ISLE OF WIGHT ICB - D9Y0V,Count_WaitingForTreatment0to12weeks,2785.0
NHS HAMPSHIRE AND ISLE OF WIGHT ICB - D9Y0V,Count_WaitingForTreatment0to18weeks,2805.0
NHS HAMPSHIRE AND ISLE OF WIGHT ICB - D9Y0V,Count_WaitingForTreatmentOver18weeks,15.0
NHS HAMPSHIRE AND ISLE OF WIGHT ICB - D9Y0V,Count_WaitingForTreatmentOver90days,30.0
Unknown,Count_WaitingForAssessment,15.0
Unknown,Count_WaitingForAssessmentOver90days,10.0
Unknown,Count_WaitingForTreatment,15.0
Unknown,Count_WaitingForTreatmentOver18weeks,10.0
Unknown,Count_WaitingForTreatmentOver90days,10.0
Unknown,Count_WaitingForAssessment,5.0
Unknown,Count_WaitingForTreatment,5.0
Unknown,Count_WaitingForTreatment0to12weeks,5.0
Unknown,Count_WaitingForTreatment0to18weeks,5.0
Unknown,Count_WaitingForAssessment,10.0
Unknown,Count_WaitingForTreatment,10.0
Unknown,Count_WaitingForTreatment0to4weeks,5.0
Unknown,Count_WaitingForTreatment0to6weeks,10.0
Unknown,Count_WaitingForTreatment0to12weeks,10.0
Unknown,Count_WaitingForTreatment0to18weeks,10.0
Unknown,Count_WaitingForAssessment,10.0
Unknown,Count_WaitingForTreatment,10.0
Unknown,Count_WaitingForTreatment0to4weeks,10.0
Unknown,Count_WaitingForTreatment0to6weeks,10.0
Unknown,Count_WaitingForTreatment0to12weeks,10.0
Unknown,Count_WaitingForTreatment0to18weeks,10.0
Unknown,Count_WaitingForAssessment,1450.0
Unknown,Count_WaitingForAssessmentOver90days,115.0
Unknown,Count_WaitingForTreatment,1315.0
Unknown,Count_WaitingForTreatment0to2weeks,775.0
Unknown,Count_WaitingForTreatment0to4weeks,1200.0
Unknown,Count_WaitingForTreatment0to6weeks,1250.0
Unknown,Count_WaitingForTreatment0to12weeks,1280.0
Unknown,Count_WaitingForTreatment0to18weeks,1285.0
Unknown,Count_WaitingForTreatmentOver18weeks,35.0
Unknown,Count_WaitingForTreatmentOver90days,35.0
Unknown,Count_WaitingForAssessment,5.0
Unknown,Count_WaitingForTreatment,5.0
Unknown,Count_WaitingForTreatment0to4weeks,5.0
Unknown,Count_WaitingForTreatment0to6weeks,5.0
Unknown,Count_WaitingForTreatment0to12weeks,5.0
Unknown,Count_WaitingForTreatment0to18weeks,5.0
Unknown,Count_WaitingForAssessment,10.0
Unknown,Count_WaitingForTreatment,10.0
Unknown,Count_WaitingForTreatment0to2weeks,5.0
Unknown,Count_WaitingForTreatment0to4weeks,5.0
Unknown,Count_WaitingForTreatment0to6weeks,10.0
Unknown,Count_WaitingForTreatment0to12weeks,10.0
Unknown,Count_WaitingForTreatment0to18weeks,10.0
Unknown,Count_WaitingForAssessment,15.0
Unknown,Count_WaitingForTreatment,15.0
Unknown,Count_WaitingForTreatment0to2weeks,5.0
Unknown,Count_WaitingForTreatment0to4weeks,15.0
Unknown,Count_WaitingForTreatment0to6weeks,15.0
Unknown,Count_WaitingForTreatment0to12weeks,15.0
Unknown,Count_WaitingForTreatment0to18weeks,15.0
"NHS BEDFORDSHIRE, LUTON AND MILTON KEYNES ICB - M1J4Y",Count_WaitingForAssessment,5.0
"NHS BEDFORDSHIRE, LUTON AND MILTON KEYNES ICB - M1J4Y",Count_WaitingForTreatment,5.0
"NHS BEDFORDSHIRE, LUTON AND MILTON KEYNES ICB - M1J4Y",Count_WaitingForTreatment0to12weeks,5.0
"NHS BEDFORDSHIRE, LUTON AND MILTON KEYNES ICB - M1J4Y",Count_WaitingForTreatment0to18weeks,5.0
"NHS BEDFORDSHIRE, LUTON AND MILTON KEYNES ICB - M1J4Y",Count_WaitingForAssessment,770.0
"NHS BEDFORDSHIRE, LUTON AND MILTON KEYNES ICB - M1J4Y",Count_WaitingForAssessmentOver90days,35.0
"NHS BEDFORDSHIRE, LUTON AND MILTON KEYNES ICB - M1J4Y",Count_WaitingForTreatment,760.0
"NHS BEDFORDSHIRE, LUTON AND MILTON KEYNES ICB - M1J4Y",Count_WaitingForTreatment0to2weeks,320.0
"NHS BEDFORDSHIRE, LUTON AND MILTON KEYNES ICB - M1J4Y",Count_WaitingForTreatment0to4weeks,485.0
"NHS BEDFORDSHIRE, LUTON AND MILTON KEYNES ICB - M1J4Y",Count_WaitingForTreatment0to6weeks,595.0
"NHS BEDFORDSHIRE, LUTON AND MILTON KEYNES ICB - M1J4Y",Count_WaitingForTreatment0to12weeks,730.0
"NHS BEDFORDSHIRE, LUTON AND MILTON KEYNES ICB - M1J4Y",Count_WaitingForTreatment0to18weeks,745.0
"NHS BEDFORDSHIRE, LUTON AND MILTON KEYNES ICB - M1J4Y",Count_WaitingForTreatmentOver18weeks,15.0
"NHS BEDFORDSHIRE, LUTON AND MILTON KEYNES ICB - M1J4Y",Count_WaitingForTreatmentOver90days,25.0
"NHS BEDFORDSHIRE, LUTON AND MILTON KEYNES ICB - M1J4Y",Count_WaitingForAssessment,1115.0
"NHS BEDFORDSHIRE, LUTON AND MILTON KEYNES ICB - M1J4Y",Count_WaitingForAssessmentOver90days,180.0
"NHS BEDFORDSHIRE, LUTON AND MILTON KEYNES ICB - M1J4Y",Count_WaitingForTreatment,920.0
"NHS BEDFORDSHIRE, LUTON AND MILTON KEYNES ICB - M1J4Y",Count_WaitingForTreatment0to2weeks,295.0
"NHS BEDFORDSHIRE, LUTON AND MILTON KEYNES ICB - M1J4Y",Count_WaitingForTreatment0to4weeks,545.0
"NHS BEDFORDSHIRE, LUTON AND MILTON KEYNES ICB - M1J4Y",Count_WaitingForTreatment0to6weeks,695.0
"NHS BEDFORDSHIRE, LUTON AND MILTON KEYNES ICB - M1J4Y",Count_WaitingForTreatment0to12weeks,845.0
"NHS BEDFORDSHIRE, LUTON AND MILTON KEYNES ICB - M1J4Y",Count_WaitingForTreatment0to18weeks,875.0
"NHS BEDFORDSHIRE, LUTON AND MILTON KEYNES ICB - M1J4Y",Count_WaitingForTreatmentOver18weeks,40.0
"NHS BEDFORDSHIRE, LUTON AND MILTON KEYNES ICB - M1J4Y",Count_WaitingForTreatmentOver90days,70.0
"NHS BEDFORDSHIRE, LUTON AND MILTON KEYNES ICB - M1J4Y",Count_WaitingForAssessment,1255.0
"NHS BEDFORDSHIRE, LUTON AND MILTON KEYNES ICB - M1J4Y",Count_WaitingForAssessmentOver90days,25.0
"NHS BEDFORDSHIRE, LUTON AND MILTON KEYNES ICB - M1J4Y",Count_WaitingForTreatment,1235.0
"NHS BEDFORDSHIRE, LUTON AND MILTON KEYNES ICB - M1J4Y",Count_WaitingForTreatment0to2weeks,520.0
"NHS BEDFORDSHIRE, LUTON AND MILTON KEYNES ICB - M1J4Y",Count_WaitingForTreatment0to4weeks,855.0
"NHS BEDFORDSHIRE, LUTON AND MILTON KEYNES ICB - M1J4Y",Count_WaitingForTreatment0to6weeks,1055.0
"NHS BEDFORDSHIRE, LUTON AND MILTON KEYNES ICB - M1J4Y",Count_WaitingForTreatment0to12weeks,1220.0
"NHS BEDFORDSHIRE, LUTON AND MILTON KEYNES ICB - M1J4Y",Count_WaitingForTreatment0to18weeks,1235.0
"NHS BEDFORDSHIRE, LUTON AND MILTON KEYNES ICB - M1J4Y",Count_WaitingForTreatmentOver90days,15.0
"NHS SHROPSHIRE, TELFORD AND WREKIN ICB - M2L0M",Count_WaitingForAssessment,1325.0
"NHS SHROPSHIRE, TELFORD AND WREKIN ICB - M2L0M",Count_WaitingForAssessmentOver90days,30.0
"NHS SHROPSHIRE, TELFORD AND WREKIN ICB - M2L0M",Count_WaitingForTreatment,2710.0
"NHS SHROPSHIRE, TELFORD AND WREKIN ICB - M2L0M",Count_WaitingForTreatment0to2weeks,605.0
"NHS SHROPSHIRE, TELFORD AND WREKIN ICB - M2L0M",Count_WaitingForTreatment0to4weeks,1130.0
"NHS SHROPSHIRE, TELFORD AND WREKIN ICB - M2L0M",Count_WaitingForTreatment0to6weeks,1560.0
"NHS SHROPSHIRE, TELFORD AND WREKIN ICB - M2L0M",Count_WaitingForTreatment0to12weeks,2260.0
"NHS SHROPSHIRE, TELFORD AND WREKIN ICB - M2L0M",Count_WaitingForTreatment0to18weeks,2520.0
"NHS SHROPSHIRE, TELFORD AND WREKIN ICB - M2L0M",Count_WaitingForTreatmentOver18weeks,195.0
"NHS SHROPSHIRE, TELFORD AND WREKIN ICB - M2L0M",Count_WaitingForTreatmentOver90days,405.0
NHS NORTH WEST LONDON ICB - W2U3Z,Count_WaitingForAssessment,10.0
NHS NORTH WEST LONDON ICB - W2U3Z,Count_WaitingForTreatment,10.0
NHS NORTH WEST LONDON ICB - W2U3Z,Count_WaitingForTreatment0to12weeks,5.0
NHS NORTH WEST LONDON ICB - W2U3Z,Count_WaitingForTreatment0to18weeks,5.0
NHS NORTH WEST LONDON ICB - W2U3Z,Count_WaitingForAssessment,30.0
NHS NORTH WEST LONDON ICB - W2U3Z,Count_WaitingForTreatment,30.0
NHS NORTH WEST LONDON ICB - W2U3Z,Count_WaitingForTreatment0to2weeks,15.0
NHS NORTH WEST LONDON ICB - W2U3Z,Count_WaitingForTreatment0to4weeks,25.0
NHS NORTH WEST LONDON ICB - W2U3Z,Count_WaitingForTreatment0to6weeks,25.0
NHS NORTH WEST LONDON ICB - W2U3Z,Count_WaitingForTreatment0to12weeks,25.0
NHS NORTH WEST LONDON ICB - W2U3Z,Count_WaitingForTreatment0to18weeks,25.0
NHS NORTH WEST LONDON ICB - W2U3Z,Count_WaitingForAssessment,915.0
NHS NORTH WEST LONDON ICB - W2U3Z,Count_WaitingForAssessmentOver90days,5.0
NHS NORTH WEST LONDON ICB - W2U3Z,Count_WaitingForTreatment,905.0
NHS NORTH WEST LONDON ICB - W2U3Z,Count_WaitingForTreatment0to2weeks,430.0
NHS NORTH WEST LONDON ICB - W2U3Z,Count_WaitingForTreatment0to4weeks,795.0
NHS NORTH WEST LONDON ICB - W2U3Z,Count_WaitingForTreatment0to6weeks,880.0
NHS NORTH WEST LONDON ICB - W2U3Z,Count_WaitingForTreatment0to12weeks,905.0
NHS NORTH WEST LONDON ICB - W2U3Z,Count_WaitingForTreatment0to18weeks,905.0
NHS NORTH WEST LONDON ICB - W2U3Z,Count_WaitingForAssessment,1535.0
NHS NORTH WEST LONDON ICB - W2U3Z,Count_WaitingForAssessmentOver90days,530.0
NHS NORTH WEST LONDON ICB - W2U3Z,Count_WaitingForTreatment,1525.0
NHS NORTH WEST LONDON ICB - W2U3Z,Count_WaitingForTreatment0to2weeks,340.0
NHS NORTH WEST LONDON ICB - W2U3Z,Count_WaitingForTreatment0to4weeks,630.0
NHS NORTH WEST LONDON ICB - W2U3Z,Count_WaitingForTreatment0to6weeks,825.0
NHS NORTH WEST LONDON ICB - W2U3Z,Count_WaitingForTreatment0to12weeks,1000.0
NHS NORTH WEST LONDON ICB - W2U3Z,Count_WaitingForTreatment0to18weeks,1075.0
NHS NORTH WEST LONDON ICB - W2U3Z,Count_WaitingForTreatmentOver18weeks,450.0
NHS NORTH WEST LONDON ICB - W2U3Z,Count_WaitingForTreatmentOver90days,525.0
NHS NORTH WEST LONDON ICB - W2U3Z,Count_WaitingForAssessment,1285.0
NHS NORTH WEST LONDON ICB - W2U3Z,Count_WaitingForAssessmentOver90days,120.0
NHS NORTH WEST LONDON ICB - W2U3Z,Count_WaitingForTreatment,1245.0
NHS NORTH WEST LONDON ICB - W2U3Z,Count_WaitingForTreatment0to2weeks,380.0
NHS NORTH WEST LONDON ICB - W2U3Z,Count_WaitingForTreatment0to4weeks,685.0
NHS NORTH WEST LONDON ICB - W2U3Z,Count_WaitingForTreatment0to6weeks,970.0
NHS NORTH WEST LONDON ICB - W2U3Z,Count_WaitingForTreatment0to12weeks,1155.0
NHS NORTH WEST LONDON ICB - W2U3Z,Count_WaitingForTreatment0to18weeks,1170.0
NHS NORTH WEST LONDON ICB - W2U3Z,Count_WaitingForTreatmentOver18weeks,75.0
NHS NORTH WEST LONDON ICB - W2U3Z,Count_WaitingForTreatmentOver90days,85.0
NHS NORTH WEST LONDON ICB - W2U3Z,Count_WaitingForAssessment,5.0
NHS NORTH WEST LONDON ICB - W2U3Z,Count_WaitingForTreatment,5.0
NHS NORTH WEST LONDON ICB - W2U3Z,Count_WaitingForTreatment0to4weeks,5.0
NHS NORTH WEST LONDON ICB - W2U3Z,Count_WaitingForTreatment0to6weeks,5.0
NHS NORTH WEST LONDON ICB - W2U3Z,Count_WaitingForTreatment0to12weeks,5.0
NHS NORTH WEST LONDON ICB - W2U3Z,Count_WaitingForTreatment0to18weeks,5.0
NHS NORTH WEST LONDON ICB - W2U3Z,Count_WaitingForAssessment,365.0
NHS NORTH WEST LONDON ICB - W2U3Z,Count_WaitingForAssessmentOver90days,30.0
NHS NORTH WEST LONDON ICB - W2U3Z,Count_WaitingForTreatment,365.0
NHS NORTH WEST LONDON ICB - W2U3Z,Count_WaitingForTreatment0to2weeks,210.0
NHS NORTH WEST LONDON ICB - W2U3Z,Count_WaitingForTreatment0to4weeks,270.0
NHS NORTH WEST LONDON ICB - W2U3Z,Count_WaitingForTreatment0to6weeks,290.0
NHS NORTH WEST LONDON ICB - W2U3Z,Count_WaitingForTreatment0to12weeks,335.0
NHS NORTH WEST LONDON ICB - W2U3Z,Count_WaitingForTreatment0to18weeks,345.0
NHS NORTH WEST LONDON ICB - W2U3Z,Count_WaitingForTreatmentOver18weeks,20.0
NHS NORTH WEST LONDON ICB - W2U3Z,Count_WaitingForTreatmentOver90days,30.0
NHS NORTH WEST LONDON ICB - W2U3Z,Count_WaitingForAssessment,615.0
NHS NORTH WEST LONDON ICB - W2U3Z,Count_WaitingForAssessmentOver90days,175.0
NHS NORTH WEST LONDON ICB - W2U3Z,Count_WaitingForTreatment,600.0
NHS NORTH WEST LONDON ICB - W2U3Z,Count_WaitingForTreatment0to2weeks,275.0
NHS NORTH WEST LONDON ICB - W2U3Z,Count_WaitingForTreatment0to4weeks,360.0
NHS NORTH WEST LONDON ICB - W2U3Z,Count_WaitingForTreatment0to6weeks,385.0
NHS NORTH WEST LONDON ICB - W2U3Z,Count_WaitingForTreatment0to12weeks,430.0
NHS NORTH WEST LONDON ICB - W2U3Z,Count_WaitingForTreatment0to18weeks,445.0
NHS NORTH WEST LONDON ICB - W2U3Z,Count_WaitingForTreatmentOver18weeks,155.0
NHS NORTH WEST LONDON ICB - W2U3Z,Count_WaitingForTreatmentOver90days,165.0
NHS NORTH WEST LONDON ICB - W2U3Z,Count_WaitingForAssessment,1150.0
NHS NORTH WEST LONDON ICB - W2U3Z,Count_WaitingForAssessmentOver90days,115.0
NHS NORTH WEST LONDON ICB - W2U3Z,Count_WaitingForTreatment,1110.0
NHS NORTH WEST LONDON ICB - W2U3Z,Count_WaitingForTreatment0to2weeks,565.0
NHS NORTH WEST LONDON ICB - W2U3Z,Count_WaitingForTreatment0to4weeks,800.0
NHS NORTH WEST LONDON ICB - W2U3Z,Count_WaitingForTreatment0to6weeks,900.0
NHS NORTH WEST LONDON ICB - W2U3Z,Count_WaitingForTreatment0to12weeks,1015.0
NHS NORTH WEST LONDON ICB - W2U3Z,Count_WaitingForTreatment0to18weeks,1055.0
NHS NORTH WEST LONDON ICB - W2U3Z,Count_WaitingForTreatmentOver18weeks,55.0
NHS NORTH WEST LONDON ICB - W2U3Z,Count_WaitingForTreatmentOver90days,90.0
NHS NORTH WEST LONDON ICB - W2U3Z,Count_WaitingForAssessment,745.0
NHS NORTH WEST LONDON ICB - W2U3Z,Count_WaitingForAssessmentOver90days,50.0
NHS NORTH WEST LONDON ICB - W2U3Z,Count_WaitingForTreatment,695.0
NHS NORTH WEST LONDON ICB - W2U3Z,Count_WaitingForTreatment0to2weeks,340.0
NHS NORTH WEST LONDON ICB - W2U3Z,Count_WaitingForTreatment0to4weeks,505.0
NHS NORTH WEST LONDON ICB - W2U3Z,Count_WaitingForTreatment0to6weeks,575.0
NHS NORTH WEST LONDON ICB - W2U3Z,Count_WaitingForTreatment0to12weeks,660.0
NHS NORTH WEST LONDON ICB - W2U3Z,Count_WaitingForTreatment0to18weeks,675.0
NHS NORTH WEST LONDON ICB - W2U3Z,Count_WaitingForTreatmentOver18weeks,15.0
NHS NORTH WEST LONDON ICB - W2U3Z,Count_WaitingForTreatmentOver90days,35.0
NHS NORTH WEST LONDON ICB - W2U3Z,Count_WaitingForAssessment,580.0
NHS NORTH WEST LONDON ICB - W2U3Z,Count_WaitingForAssessmentOver90days,75.0
NHS NORTH WEST LONDON ICB - W2U3Z,Count_WaitingForTreatment,575.0
NHS NORTH WEST LONDON ICB - W2U3Z,Count_WaitingForTreatment0to2weeks,320.0
NHS NORTH WEST LONDON ICB - W2U3Z,Count_WaitingForTreatment0to4weeks,435.0
NHS NORTH WEST LONDON ICB - W2U3Z,Count_WaitingForTreatment0to6weeks,470.0
NHS NORTH WEST LONDON ICB - W2U3Z,Count_WaitingForTreatment0to12weeks,500.0
NHS NORTH WEST LONDON ICB - W2U3Z,Count_WaitingForTreatment0to18weeks,515.0
NHS NORTH WEST LONDON ICB - W2U3Z,Count_WaitingForTreatmentOver18weeks,60.0
NHS NORTH WEST LONDON ICB - W2U3Z,Count_WaitingForTreatmentOver90days,75.0
NHS NORTH WEST LONDON ICB - W2U3Z,Count_WaitingForAssessment,15.0
NHS NORTH WEST LONDON ICB - W2U3Z,Count_WaitingForTreatment,15.0
NHS NORTH WEST LONDON ICB - W2U3Z,Count_WaitingForTreatment0to2weeks,5.0
NHS NORTH WEST LONDON ICB - W2U3Z,Count_WaitingForTreatment0to4weeks,10.0
NHS NORTH WEST LONDON ICB - W2U3Z,Count_WaitingForTreatment0to6weeks,15.0
NHS NORTH WEST LONDON ICB - W2U3Z,Count_WaitingForTreatment0to12weeks,15.0
NHS NORTH WEST LONDON ICB - W2U3Z,Count_WaitingForTreatment0to18weeks,15.0
NHS NORTH WEST LONDON ICB - W2U3Z,Count_WaitingForAssessment,5.0
NHS NORTH WEST LONDON ICB - W2U3Z,Count_WaitingForTreatment,5.0
NHS NORTH WEST LONDON ICB - W2U3Z,Count_WaitingForTreatment0to12weeks,5.0
NHS NORTH WEST LONDON ICB - W2U3Z,Count_WaitingForTreatment0to18weeks,5.0
NHS NORTH WEST LONDON ICB - W2U3Z,Count_WaitingForAssessment,15.0
NHS NORTH WEST LONDON ICB - W2U3Z,Count_WaitingForAssessmentOver90days,5.0
NHS NORTH WEST LONDON ICB - W2U3Z,Count_WaitingForTreatment,15.0
NHS NORTH WEST LONDON ICB - W2U3Z,Count_WaitingForTreatment0to4weeks,10.0
NHS NORTH WEST LONDON ICB - W2U3Z,Count_WaitingForTreatment0to6weeks,10.0
NHS NORTH WEST LONDON ICB - W2U3Z,Count_WaitingForTreatment0to12weeks,10.0
NHS NORTH WEST LONDON ICB - W2U3Z,Count_WaitingForTreatment0to18weeks,10.0
NHS NORTH WEST LONDON ICB - W2U3Z,Count_WaitingForTreatmentOver18weeks,5.0
NHS NORTH WEST LONDON ICB - W2U3Z,Count_WaitingForTreatmentOver90days,5.0
NHS NORTH WEST LONDON ICB - W2U3Z,Count_WaitingForAssessment,25.0
NHS NORTH WEST LONDON ICB - W2U3Z,Count_WaitingForTreatment,25.0
NHS NORTH WEST LONDON ICB - W2U3Z,Count_WaitingForTreatment0to2weeks,15.0
NHS NORTH WEST LONDON ICB - W2U3Z,Count_WaitingForTreatment0to4weeks,20.0
NHS NORTH WEST LONDON ICB - W2U3Z,Count_WaitingForTreatment0to6weeks,20.0
NHS NORTH WEST LONDON ICB - W2U3Z,Count_WaitingForTreatment0to12weeks,25.0
NHS NORTH WEST LONDON ICB - W2U3Z,Count_WaitingForTreatment0to18weeks,25.0
NHS NORTH WEST LONDON ICB - W2U3Z,Count_WaitingForAssessment,15.0
NHS NORTH WEST LONDON ICB - W2U3Z,Count_WaitingForTreatment,15.0
NHS NORTH WEST LONDON ICB - W2U3Z,Count_WaitingForTreatment0to2weeks,5.0
NHS NORTH WEST LONDON ICB - W2U3Z,Count_WaitingForTreatment0to4weeks,10.0
NHS NORTH WEST LONDON ICB - W2U3Z,Count_WaitingForTreatment0to6weeks,15.0
NHS NORTH WEST LONDON ICB - W2U3Z,Count_WaitingForTreatment0to12weeks,15.0
NHS NORTH WEST LONDON ICB - W2U3Z,Count_WaitingForTreatment0to18weeks,15.0
NHS WEST YORKSHIRE ICB - X2C4Y,Count_WaitingForAssessment,545.0
NHS WEST YORKSHIRE ICB - X2C4Y,Count_WaitingForTreatment,540.0
NHS WEST YORKSHIRE ICB - X2C4Y,Count_WaitingForTreatment0to2weeks,415.0
NHS WEST YORKSHIRE ICB - X2C4Y,Count_WaitingForTreatment0to4weeks,530.0
NHS WEST YORKSHIRE ICB - X2C4Y,Count_WaitingForTreatment0to6weeks,540.0
NHS WEST YORKSHIRE ICB - X2C4Y,Count_WaitingForTreatment0to12weeks,540.0
NHS WEST YORKSHIRE ICB - X2C4Y,Count_WaitingForTreatment0to18weeks,540.0
